day,pens_total,empty,shortage,daily_loss,lambs_sold_today,cumulative_sold,n_avail,n_mate,n_pend,n_preg,n_nurs,n_rest,mate_pens,pending_pens,preg_pens,nurs_pens,rest_pens,fatt_pens,ram_pens,active_batches
840,118,0,6,18.0,0,1460,75,0,0,276,22,5,0,0,35,6,2,67,2,0
841,118,0,6,18.0,0,1460,75,0,0,273,24,6,0,0,35,6,2,67,2,0
842,117,0,5,15.0,0,1460,75,0,0,272,25,6,0,0,34,6,2,67,2,0
843,118,0,6,18.0,0,1460,75,0,0,268,29,6,0,0,34,7,2,67,2,0
844,118,0,6,18.0,0,1460,76,0,0,265,32,5,0,0,34,7,2,67,2,0
845,119,0,7,21.0,0,1460,76,0,0,261,35,6,0,0,33,7,3,68,2,0
846,120,0,8,24.0,0,1460,77,0,0,257,39,5,0,0,33,8,3,68,2,0
847,118,0,6,18.0,0,1460,78,0,0,255,41,4,0,0,32,8,2,68,2,0
848,119,0,7,21.0,0,1460,78,0,0,252,44,4,0,0,32,9,2,68,2,0
849,119,0,7,21.0,0,1460,78,0,0,250,46,4,0,0,32,9,2,68,2,0
850,119,0,7,21.0,0,1460,78,0,0,249,47,4,0,0,32,9,2,68,2,0
851,119,0,7,21.0,0,1460,78,0,0,246,50,4,0,0,31,10,2,68,2,0
852,119,0,7,21.0,0,1460,78,0,0,244,52,4,0,0,31,10,2,68,2,0
853,119,0,7,21.0,0,1460,78,0,0,243,53,4,0,0,31,10,2,68,2,0
854,119,0,7,21.0,0,1460,79,0,0,240,56,3,0,0,30,11,2,68,2,0
855,118,0,6,18.0,0,1460,80,0,0,239,57,2,0,0,30,11,1,68,2,0
856,119,0,7,21.0,0,1460,80,0,0,237,59,2,0,0,30,12,1,68,2,0
857,119,0,7,21.0,0,1460,80,0,0,236,60,2,0,0,30,12,1,68,2,0
858,119,0,7,21.0,0,1460,80,0,0,233,63,2,0,0,30,12,1,68,2,0
859,121,0,9,27.0,0,1460,81,0,0,229,66,2,0,0,29,13,2,69,2,0
860,121,0,9,27.0,0,1460,81,0,0,227,68,2,0,0,29,13,2,69,2,0
861,121,0,9,27.0,0,1460,81,0,0,220,74,3,0,0,28,14,2,69,2,0
862,121,0,9,27.0,0,1460,81,0,0,214,80,3,0,0,27,15,2,69,2,0
863,120,0,8,24.0,0,1460,82,0,0,208,84,4,0,0,26,16,1,69,2,0
864,121,0,9,27.0,0,1460,82,0,0,202,89,5,0,0,26,17,1,69,2,0
865,121,0,9,27.0,0,1460,82,0,0,198,91,7,0,0,25,17,1,70,2,0
866,122,0,10,30.0,0,1460,82,0,0,194,94,8,0,0,25,18,1,70,2,0
867,122,0,10,30.0,0,1460,82,0,0,192,94,10,0,0,24,17,2,71,2,0
868,123,0,11,33.0,4,1464,82,0,0,191,94,11,0,0,24,18,2,71,2,0
869,123,0,11,33.0,2,1466,82,0,0,185,99,12,0,0,24,18,2,71,2,0
870,123,0,11,33.0,0,1466,82,0,0,184,99,13,0,0,23,19,2,71,2,0
871,120,0,8,24.0,2,1468,82,0,0,180,101,15,0,0,23,18,2,69,2,0
872,121,0,9,27.0,7,1475,82,0,0,176,102,18,0,0,22,19,2,70,2,0
873,121,0,9,27.0,4,1479,82,0,0,175,103,18,0,0,22,19,2,70,2,0
874,121,0,9,27.0,0,1479,82,0,0,174,103,19,0,0,22,19,2,70,2,0
875,123,0,11,33.0,8,1487,82,0,0,172,104,20,0,0,22,19,3,71,2,0
876,123,0,11,33.0,2,1489,82,0,0,169,104,23,0,0,22,19,3,71,2,0
877,123,0,11,33.0,5,1494,83,0,0,165,107,23,0,0,21,20,3,71,2,0
878,122,0,10,30.0,2,1496,83,0,0,161,107,27,0,0,21,20,3,70,2,0
879,121,0,9,27.0,3,1499,84,0,0,155,110,29,0,0,20,20,4,69,2,0
880,120,0,8,24.0,11,1510,84,0,0,148,113,33,0,0,19,20,4,69,2,0
881,122,0,10,30.0,7,1517,86,0,0,142,115,35,0,0,18,21,4,70,2,0
882,122,0,10,30.0,11,1528,87,0,0,136,119,36,0,0,17,23,4,69,2,0
883,122,0,10,30.0,3,1531,89,0,0,134,118,37,0,0,17,22,4,70,2,0
884,122,0,10,30.0,4,1535,90,0,0,132,118,38,0,0,17,22,4,70,2,0
885,123,0,11,33.0,4,1539,92,0,0,129,120,37,0,0,17,23,4,70,2,0
886,122,0,10,30.0,2,1541,93,0,0,124,122,39,0,0,16,23,4,70,2,0
887,119,0,7,21.0,3,1544,94,0,0,122,122,40,0,0,16,22,4,68,2,0
888,119,0,7,21.0,9,1553,95,0,0,120,123,40,0,0,15,22,5,68,2,0
889,119,0,7,21.0,15,1568,97,0,0,118,122,41,0,0,15,22,5,68,2,0
890,122,0,10,30.0,14,1582,100,0,0,113,126,39,0,0,15,24,5,68,2,0
891,121,0,9,27.0,5,1587,100,0,0,108,129,41,0,0,14,23,5,69,2,0
892,120,0,8,24.0,10,1597,101,0,0,104,132,41,0,0,13,24,5,68,2,0
893,121,0,9,27.0,7,1604,102,0,0,99,134,43,0,0,13,25,5,68,2,0
894,120,0,8,24.0,5,1609,105,0,0,95,134,44,0,0,12,26,4,68,2,0
895,116,0,4,12.0,10,1619,106,0,0,92,135,45,0,0,12,24,5,65,2,0
896,116,0,4,12.0,11,1630,110,0,0,90,130,48,0,0,12,23,5,66,2,0
897,117,0,5,15.0,10,1640,113,0,0,89,125,51,0,0,12,22,5,67,2,0
898,117,0,5,15.0,5,1645,117,0,0,87,121,53,0,0,11,22,5,68,2,0
899,117,0,5,15.0,0,1645,121,0,0,84,118,55,0,0,11,21,5,69,2,0
900,117,0,5,15.0,9,1654,123,0,0,79,119,57,0,0,10,21,6,69,2,0
901,119,0,7,21.0,7,1661,126,0,0,78,116,58,0,0,10,22,6,70,2,0
902,117,0,5,15.0,16,1677,128,0,0,72,120,58,0,0,9,22,5,69,2,0
903,116,0,4,12.0,10,1687,129,0,0,70,121,58,0,0,9,23,6,66,2,0
904,115,0,3,9.0,5,1692,132,0,0,66,119,61,0,0,9,21,6,67,2,0
905,117,0,5,15.0,3,1695,134,0,0,65,119,60,0,0,9,22,6,68,2,0
906,118,0,6,18.0,2,1697,135,0,0,60,120,63,0,0,8,22,6,70,2,0
907,116,0,4,12.0,14,1711,138,0,0,59,117,64,0,0,8,21,6,69,2,0
908,115,0,3,9.0,5,1716,139,0,0,58,117,64,0,0,8,21,6,68,2,0
909,117,0,5,15.0,7,1723,141,0,0,52,122,63,0,0,7,23,6,68,2,0
910,117,0,5,15.0,15,1738,142,0,0,50,122,64,0,0,7,23,6,68,2,0
911,114,0,2,6.0,5,1743,145,0,0,46,123,64,0,0,6,23,6,66,2,0
912,113,0,1,3.0,5,1748,149,0,0,40,125,64,0,0,5,22,6,67,2,0
913,114,0,2,6.0,8,1756,151,0,0,37,124,66,0,0,5,23,6,67,2,0
914,114,0,2,6.0,13,1769,158,0,0,37,118,65,0,0,5,21,6,68,2,0
915,113,0,1,3.0,3,1772,164,0,0,34,114,66,0,0,5,20,6,68,2,0
916,111,1,0,1.0,14,1786,170,0,0,32,110,66,0,0,4,19,5,68,2,0
917,112,0,0,0.0,12,1798,148,28,0,29,107,66,2,0,4,20,5,68,2,0
918,114,0,2,6.0,6,1804,152,28,0,26,108,64,2,0,4,21,6,68,2,0
919,113,0,1,3.0,9,1813,156,28,0,26,106,62,2,0,4,20,6,67,2,0
920,112,0,0,0.0,5,1818,158,28,0,22,107,63,2,0,3,20,6,67,2,0
921,112,0,0,0.0,8,1826,159,28,0,19,105,67,2,0,3,19,6,68,2,0
922,111,1,0,1.0,4,1830,165,28,0,16,106,63,2,0,2,19,6,68,2,0
923,111,1,0,1.0,11,1841,166,28,0,13,107,64,2,0,2,19,6,68,2,0
924,110,2,0,2.0,11,1852,142,56,0,11,107,62,4,0,2,19,6,67,1,1
925,110,2,0,2.0,10,1862,146,56,0,9,104,63,4,0,2,20,5,67,1,0
926,110,2,0,2.0,13,1875,147,56,0,9,99,67,4,0,2,19,6,67,1,0
927,108,4,0,4.0,10,1885,148,56,0,9,95,70,4,0,2,19,6,65,1,0
928,107,5,0,5.0,6,1891,150,56,0,6,93,73,4,0,1,18,6,66,1,0
929,107,5,0,5.0,5,1896,153,56,0,5,90,74,4,0,1,16,6,68,1,0
930,108,4,0,4.0,11,1907,157,56,0,5,87,73,4,0,1,16,7,67,1,0
931,109,3,0,3.0,2,1909,133,84,0,5,85,71,6,0,1,16,7,68,1,2
932,108,4,0,4.0,8,1917,139,84,0,4,85,66,6,0,1,16,7,67,1,0
933,107,5,0,5.0,6,1923,146,84,0,3,84,61,6,0,1,16,6,66,1,0
934,108,4,0,4.0,10,1933,152,84,0,2,82,58,6,0,1,17,6,66,1,0
935,106,6,0,6.0,3,1936,158,84,0,1,78,57,6,0,1,16,5,65,1,0
936,105,7,0,7.0,6,1942,160,84,0,0,78,56,6,0,0,16,5,65,1,0
937,106,6,0,6.0,11,1953,162,56,28,0,72,60,4,4,0,14,5,66,1,0
938,108,4,0,4.0,10,1963,137,84,28,0,70,59,6,4,0,14,6,67,1,2
939,107,5,0,5.0,8,1971,142,84,28,0,66,58,6,4,0,12,6,67,1,0
940,106,6,0,6.0,3,1974,144,84,28,0,65,57,6,4,0,12,6,66,1,0
941,106,6,0,6.0,3,1977,146,84,28,0,60,60,6,4,0,11,6,67,1,0
942,106,6,0,6.0,5,1982,148,84,28,0,59,59,6,4,0,12,6,66,1,0
943,105,7,0,7.0,5,1987,153,84,28,0,58,55,6,4,0,12,5,66,1,0
944,107,5,0,5.0,11,1998,158,56,56,0,52,56,4,7,0,11,5,67,1,0
945,105,7,0,7.0,17,2015,134,84,56,0,50,54,6,7,0,10,5,66,1,2
946,106,6,0,6.0,10,2025,139,84,56,0,46,53,6,7,0,10,5,67,1,0
947,104,8,0,8.0,7,2032,143,84,56,0,40,55,6,7,0,7,5,67,1,0
948,104,8,0,8.0,6,2038,146,84,56,0,37,55,6,7,0,7,5,67,1,0
949,104,8,0,8.0,4,2042,148,84,56,0,37,53,6,7,0,7,5,67,1,0
950,103,9,0,9.0,2,2044,149,84,56,0,34,55,6,7,0,7,5,66,1,0
951,105,7,0,7.0,6,2050,151,56,84,0,32,55,4,11,0,7,5,66,1,0
952,105,7,0,7.0,12,2062,126,84,84,0,29,55,6,11,0,7,5,66,1,2
953,105,7,0,7.0,2,2064,131,84,84,0,26,53,6,11,0,6,5,66,1,0
954,105,7,0,7.0,4,2068,132,84,84,0,26,52,6,11,0,6,5,66,1,0
955,103,9,0,9.0,8,2076,138,84,84,0,22,50,6,11,0,4,5,66,1,0
956,103,9,0,9.0,3,2079,140,84,84,0,19,51,6,11,0,4,5,66,1,0
957,103,9,0,9.0,12,2091,144,84,84,0,16,50,6,11,0,3,5,66,1,0
958,102,10,0,10.0,10,2101,145,56,112,0,13,52,4,14,0,3,5,64,1,0
959,103,9,0,9.0,2,2103,122,84,112,0,11,49,6,14,0,3,5,65,1,2
960,103,9,0,9.0,7,2110,123,84,112,0,9,50,6,14,0,3,5,65,1,0
961,103,9,0,9.0,10,2120,124,84,112,0,9,49,6,14,0,3,5,65,1,0
962,102,10,0,10.0,8,2128,130,84,112,0,9,43,6,14,0,3,4,64,1,0
963,102,10,0,10.0,4,2132,132,84,112,0,6,44,6,14,0,1,5,65,1,0
964,102,10,0,10.0,0,2132,136,84,112,0,5,41,6,14,0,1,5,65,1,0
965,104,8,0,8.0,5,2137,142,56,140,0,5,35,4,18,0,1,5,64,1,0
966,101,11,0,11.0,4,2141,117,84,140,0,5,32,6,18,0,1,3,63,1,2
967,103,9,0,9.0,2,2143,117,84,112,25,4,36,6,14,4,1,5,63,1,0
968,104,8,0,8.0,6,2149,120,84,112,25,3,34,6,14,4,1,5,64,1,0
969,104,8,0,8.0,5,2154,122,84,112,25,2,33,6,14,4,1,5,64,1,0
970,102,10,0,10.0,5,2159,125,84,112,25,1,31,6,14,4,1,4,63,1,0
971,104,8,0,8.0,5,2164,128,84,112,25,0,29,6,14,4,0,5,64,1,0
972,106,6,0,6.0,0,2164,128,56,140,25,0,29,4,18,4,0,5,64,1,0
973,104,8,0,8.0,3,2167,104,84,140,25,0,25,6,18,4,0,4,63,1,2
974,101,11,0,11.0,0,2167,107,84,112,47,0,28,6,14,6,0,3,63,1,0
975,101,11,0,11.0,2,2169,110,84,112,47,0,25,6,14,6,0,3,63,1,0
976,102,10,0,10.0,3,2172,113,84,112,47,0,22,6,14,6,0,3,63,1,0
977,102,10,0,10.0,0,2172,115,84,112,47,0,20,6,14,6,0,3,63,1,0
978,102,10,0,10.0,0,2172,117,84,112,47,0,18,6,14,6,0,3,63,1,0
979,104,8,0,8.0,0,2172,117,56,140,47,0,18,4,18,6,0,3,63,1,0
980,104,8,0,8.0,0,2172,89,84,140,47,0,18,6,18,6,0,3,63,1,2
981,104,8,0,8.0,2,2174,92,84,112,74,0,16,6,14,10,0,3,63,1,0
982,103,9,0,9.0,3,2177,93,84,112,74,0,15,6,14,10,0,3,62,1,0
983,103,9,0,9.0,5,2182,93,84,112,74,0,15,6,14,10,0,3,62,1,0
984,103,9,0,9.0,0,2182,93,84,112,74,0,15,6,14,10,0,3,62,1,0
985,101,11,0,11.0,4,2186,97,84,112,74,0,11,6,14,10,0,2,61,1,0
986,103,9,0,9.0,0,2186,98,56,140,74,0,10,4,18,10,0,2,61,1,0
987,104,8,0,8.0,3,2189,71,84,140,74,0,9,6,18,10,0,2,61,1,2
988,104,8,0,8.0,0,2189,72,84,112,99,0,11,6,14,13,0,3,61,1,0
989,103,9,0,9.0,0,2189,73,84,112,99,0,10,6,14,13,0,2,61,1,0
990,103,9,0,9.0,0,2189,73,84,112,99,0,10,6,14,13,0,2,61,1,0
991,103,9,0,9.0,0,2189,73,84,112,99,0,10,6,14,13,0,2,61,1,0
992,102,10,0,10.0,0,2189,79,84,112,99,0,4,6,14,13,0,1,61,1,0
993,103,9,0,9.0,2,2191,79,56,140,99,0,4,4,18,13,0,1,60,1,0
994,103,9,0,9.0,7,2198,51,84,140,99,0,4,6,18,13,0,1,60,1,2
995,103,9,0,9.0,0,2198,51,84,112,123,0,8,6,14,16,0,2,60,1,0
996,103,9,0,9.0,2,2200,51,84,112,123,0,8,6,14,16,0,2,60,1,0
997,103,9,0,9.0,3,2203,51,84,112,123,0,8,6,14,16,0,2,60,1,0
998,102,10,0,10.0,2,2205,51,84,112,123,0,8,6,14,16,0,2,59,1,0
999,101,11,0,11.0,0,2205,52,84,112,123,0,7,6,14,16,0,1,59,1,0
1000,103,9,0,9.0,0,2205,52,56,140,123,0,7,4,18,16,0,1,59,1,0
1001,103,9,0,9.0,0,2205,24,84,140,123,0,7,6,18,16,0,1,59,1,2
1002,103,9,0,9.0,0,2205,24,84,112,146,0,12,6,14,19,0,2,59,1,0
1003,103,9,0,9.0,0,2205,24,84,112,146,0,12,6,14,19,0,2,59,1,0
1004,103,9,0,9.0,0,2205,24,84,112,146,0,12,6,14,19,0,2,59,1,0
1005,103,9,0,9.0,0,2205,24,84,112,146,0,12,6,14,19,0,2,59,1,0
1006,102,10,0,10.0,0,2205,27,84,112,146,0,9,6,14,19,0,1,59,1,0
1007,104,8,0,8.0,2,2207,27,56,140,146,0,9,4,18,19,0,1,59,1,0
1008,104,8,0,8.0,0,2207,0,83,140,146,0,9,6,18,19,0,1,59,1,2
1009,104,8,0,8.0,0,2207,0,83,112,169,0,14,6,14,22,0,2,59,1,0
1010,104,8,0,8.0,2,2209,0,83,112,169,0,14,6,14,22,0,2,59,1,0
1011,103,9,0,9.0,3,2212,0,83,112,169,0,14,6,14,22,0,2,58,1,0
1012,103,9,0,9.0,0,2212,0,83,112,169,0,14,6,14,22,0,2,58,1,0
1013,103,9,0,9.0,2,2214,4,83,112,169,0,10,6,14,22,0,1,58,1,0
1014,105,7,0,7.0,2,2216,4,55,140,169,0,10,4,18,22,0,1,58,1,0
1015,105,7,0,7.0,5,2221,4,55,140,169,0,10,4,18,22,0,1,58,1,2
1016,104,8,0,8.0,3,2224,4,55,112,194,0,13,4,14,25,0,2,57,1,0
1017,104,8,0,8.0,0,2224,4,55,112,194,0,13,4,14,25,0,2,57,1,0
1018,104,8,0,8.0,0,2224,4,55,112,194,0,13,4,14,25,0,2,57,1,0
1019,104,8,0,8.0,0,2224,4,55,112,194,0,13,4,14,25,0,2,57,1,0
1020,103,9,0,9.0,0,2224,9,55,112,194,0,8,4,14,25,0,1,57,1,0
1021,106,6,0,6.0,0,2224,9,27,140,194,0,8,2,18,25,0,1,57,2,0
1022,106,6,0,6.0,2,2226,0,36,140,194,0,8,3,18,25,0,1,57,2,1
1023,105,7,0,7.0,2,2228,0,36,112,216,0,14,3,14,27,0,2,57,2,0
1024,105,7,0,7.0,2,2230,0,36,112,216,0,14,3,14,27,0,2,57,2,0
1025,105,7,0,7.0,4,2234,0,36,112,216,0,14,3,14,27,0,2,57,2,0
1026,105,7,0,7.0,0,2234,0,36,112,216,0,14,3,14,27,0,2,57,2,0
1027,105,7,0,7.0,0,2234,5,36,112,216,0,9,3,14,27,0,1,57,2,0
1028,106,6,0,6.0,2,2236,5,9,139,216,0,9,1,18,27,0,1,56,2,0
1029,106,6,0,6.0,0,2236,5,9,139,216,0,9,1,18,27,0,1,56,2,1
1030,106,6,0,6.0,0,2236,5,9,111,238,0,15,1,14,30,0,2,56,2,0
1031,106,6,0,6.0,0,2236,5,9,111,238,0,15,1,14,30,0,2,56,2,0
1032,106,6,0,6.0,0,2236,5,9,111,238,0,15,1,14,30,0,2,56,2,0
1033,106,6,0,6.0,0,2236,5,9,111,238,0,15,1,14,30,0,2,56,2,0
1034,105,7,0,7.0,2,2238,8,9,111,238,0,12,1,14,30,0,1,56,2,0
1035,105,7,0,7.0,2,2240,8,9,111,238,0,12,1,14,30,0,1,56,2,0
1036,105,7,0,7.0,0,2240,0,17,111,238,0,12,2,14,30,0,1,56,2,1
1037,105,7,0,7.0,2,2242,0,17,83,260,0,18,2,11,33,0,2,55,2,0
1038,105,7,0,7.0,0,2242,0,17,83,260,0,18,2,11,33,0,2,55,2,0
1039,105,7,0,7.0,0,2242,0,17,83,260,0,18,2,11,33,0,2,55,2,0
1040,105,7,0,7.0,0,2242,0,17,83,260,0,18,2,11,33,0,2,55,2,0
1041,105,7,0,7.0,0,2242,6,17,83,260,0,12,2,11,33,0,1,55,2,0
1042,105,7,0,7.0,0,2242,6,8,92,260,0,12,1,12,33,0,1,55,2,0
1043,105,7,0,7.0,0,2242,6,8,92,260,0,12,1,12,33,0,1,55,2,1
1044,105,7,0,7.0,0,2242,6,8,64,285,0,15,1,8,36,0,2,55,2,0
1045,105,7,0,7.0,0,2242,6,8,64,285,0,15,1,8,36,0,2,55,2,0
1046,105,7,0,7.0,2,2244,6,8,64,285,0,15,1,8,36,0,2,55,2,0
1047,105,7,0,7.0,0,2244,6,8,64,285,0,15,1,8,36,0,2,55,2,0
1048,104,8,0,8.0,2,2246,12,8,64,285,0,9,1,8,36,0,1,55,2,0
1049,103,9,0,9.0,2,2248,12,8,64,285,0,9,1,8,36,0,1,54,2,0
1050,103,9,0,9.0,0,2248,0,20,64,285,0,9,2,8,36,0,1,54,2,1
1051,104,8,0,8.0,0,2248,0,20,36,308,0,14,2,5,39,0,2,54,2,0
1052,104,8,0,8.0,0,2248,0,20,36,308,0,14,2,5,39,0,2,54,2,0
1053,104,8,0,8.0,0,2248,0,20,36,308,0,14,2,5,39,0,2,54,2,0
1054,104,8,0,8.0,0,2248,0,20,36,308,0,14,2,5,39,0,2,54,2,0
1055,104,8,0,8.0,0,2248,6,20,36,308,0,8,2,5,39,0,1,54,2,0
1056,104,8,0,8.0,2,2250,6,12,44,308,0,8,1,6,39,0,1,54,2,0
1057,103,9,0,9.0,3,2253,6,12,44,308,0,8,1,6,39,0,1,53,2,1
1058,104,8,0,8.0,0,2253,6,12,17,332,0,11,1,3,42,0,2,53,2,0
1059,104,8,0,8.0,0,2253,6,12,17,332,0,11,1,3,42,0,2,53,2,0
1060,104,8,0,8.0,0,2253,6,12,17,332,0,11,1,3,42,0,2,53,2,0
1061,104,8,0,8.0,2,2255,6,12,17,332,0,11,1,3,42,0,2,53,2,0
1062,103,9,0,9.0,0,2255,9,12,17,332,0,8,1,3,42,0,1,53,2,0
1063,103,9,0,9.0,0,2255,9,12,17,332,0,8,1,3,42,0,1,53,2,0
1064,103,9,0,9.0,0,2255,0,21,17,332,0,8,2,3,42,0,1,53,2,1
1065,102,10,0,10.0,2,2257,0,21,17,332,0,8,2,3,42,0,1,52,2,0
1066,103,9,0,9.0,0,2257,0,21,17,331,1,8,2,3,42,1,1,52,2,0
1067,103,9,0,9.0,0,2257,0,21,17,329,3,8,2,3,42,1,1,52,2,0
1068,102,10,0,10.0,0,2257,0,21,17,328,4,8,2,3,41,1,1,52,2,0
1069,103,9,0,9.0,0,2257,5,21,17,326,6,3,2,3,41,1,1,52,2,0
1070,104,8,0,8.0,0,2257,5,9,29,325,7,3,1,4,41,2,1,52,2,0
1071,104,8,0,8.0,0,2257,5,9,29,324,8,3,1,4,41,2,1,52,2,1
1072,105,7,0,7.0,0,2257,5,9,20,329,9,6,1,3,42,2,2,52,2,0
1073,104,8,0,8.0,0,2257,5,9,20,328,10,6,1,3,41,2,2,52,2,0
1074,105,7,0,7.0,0,2257,5,9,20,325,13,6,1,3,41,3,2,52,2,0
1075,105,7,0,7.0,0,2257,5,9,20,320,18,6,1,3,40,4,2,52,2,0
1076,104,8,0,8.0,0,2257,8,9,20,317,21,3,1,3,40,4,1,52,2,0
1077,105,7,0,7.0,0,2257,8,9,20,315,23,3,1,3,40,5,1,52,2,0
1078,104,8,0,8.0,0,2257,0,17,20,311,27,3,2,3,39,5,1,52,2,1
1079,102,10,0,10.0,3,2260,0,17,20,310,28,3,2,3,39,5,1,50,2,0
1080,103,9,0,9.0,0,2260,0,17,20,308,30,3,2,3,39,6,1,50,2,0
1081,103,9,0,9.0,2,2262,0,17,20,303,35,3,2,3,38,7,1,50,2,0
1082,103,9,0,9.0,0,2262,0,17,20,303,35,3,2,3,38,7,1,50,2,0
1083,106,6,0,6.0,4,2266,0,17,20,301,37,3,2,3,38,8,1,52,2,0
1084,104,8,0,8.0,2,2268,0,8,29,296,42,3,1,4,37,9,1,50,2,0
1085,104,8,0,8.0,4,2272,0,8,29,296,42,3,1,4,37,9,1,50,2,1
1086,104,8,0,8.0,2,2274,0,8,21,300,46,3,1,3,38,9,1,50,2,0
1087,103,9,0,9.0,4,2278,0,8,21,294,52,3,1,3,37,10,1,49,2,0
1088,103,9,0,9.0,3,2281,0,8,21,289,57,3,1,3,37,11,1,48,2,0
1089,104,8,0,8.0,2,2283,0,8,21,281,65,3,1,3,36,12,1,49,2,0
1090,103,9,0,9.0,2,2285,3,8,21,276,70,0,1,3,35,13,0,48,2,0
1091,106,6,0,6.0,3,2288,3,8,21,273,73,0,1,3,35,14,0,50,2,0
1092,104,8,0,8.0,6,2294,3,8,21,269,77,0,1,3,34,15,0,48,2,1
1093,104,8,0,8.0,0,2294,3,8,21,265,81,0,1,3,34,15,0,48,2,0
1094,104,8,0,8.0,3,2297,3,8,21,261,85,0,1,3,33,16,0,48,2,0
1095,103,9,0,9.0,1,2298,3,8,21,258,88,0,1,3,33,16,0,47,2,0
1096,102,10,0,10.0,5,2303,3,8,21,256,90,0,1,3,32,17,0,46,2,0
1097,103,9,0,9.0,1,2304,3,8,21,252,94,0,1,3,32,17,0,47,2,0
1098,102,10,0,10.0,7,2311,3,0,29,248,98,0,0,4,31,18,0,46,2,0
1099,104,8,0,8.0,6,2317,3,0,29,243,103,0,0,4,31,19,0,47,2,0
1100,104,8,0,8.0,8,2325,3,0,17,247,108,3,0,3,31,20,1,46,2,0
1101,104,8,0,8.0,8,2333,3,0,17,247,107,4,0,3,31,19,2,46,2,0
1102,104,8,0,8.0,4,2337,3,0,17,246,106,6,0,3,31,19,2,46,2,0
1103,103,9,0,9.0,5,2342,3,0,17,237,114,7,0,3,30,21,2,44,2,0
1104,102,10,0,10.0,4,2346,3,0,17,236,113,9,0,3,30,21,2,43,2,0
1105,104,8,0,8.0,3,2349,3,0,17,236,112,10,0,3,30,21,2,45,2,0
1106,102,10,0,10.0,5,2354,3,0,17,234,113,11,0,3,30,20,2,44,2,0
1107,105,7,0,7.0,3,2357,3,0,17,234,112,12,0,3,30,21,2,46,2,0
1108,103,9,0,9.0,2,2359,3,0,17,230,115,13,0,3,29,21,2,45,2,0
1109,103,9,0,9.0,6,2365,3,0,17,224,118,16,0,3,28,21,3,45,2,0
1110,104,8,0,8.0,2,2367,3,0,17,220,117,21,0,3,28,21,3,46,2,0
1111,103,9,0,9.0,4,2371,3,0,17,217,117,24,0,3,28,22,3,44,2,0
1112,103,9,0,9.0,2,2373,3,0,17,211,121,26,0,3,27,23,3,44,2,0
1113,104,8,0,8.0,6,2379,3,0,17,207,121,30,0,3,26,23,4,45,2,0
1114,101,11,0,11.0,9,2388,3,0,8,212,122,33,0,1,27,21,5,44,2,0
1115,104,8,0,8.0,4,2392,3,0,8,206,126,35,0,1,26,23,5,46,2,0
1116,102,10,0,10.0,15,2407,3,0,8,204,123,40,0,1,26,22,5,45,2,0
1117,101,11,0,11.0,13,2420,3,0,8,199,128,40,0,1,25,23,5,44,2,0
1118,100,12,0,12.0,12,2432,6,0,8,198,127,39,0,1,25,22,5,44,2,0
1119,99,13,0,13.0,12,2444,7,0,8,193,127,43,0,1,25,23,5,42,2,0
1120,101,11,0,11.0,9,2453,2,7,8,191,129,41,1,1,24,24,6,42,2,0
1121,100,12,0,12.0,8,2461,3,7,8,190,126,44,1,1,24,23,6,42,2,0
1122,100,12,0,12.0,4,2465,5,7,8,186,124,48,1,1,24,23,6,42,2,0
1123,101,11,0,11.0,3,2468,6,7,8,182,123,52,1,1,23,22,6,45,2,0
1124,99,13,0,13.0,12,2480,7,7,8,180,117,59,1,1,23,21,6,44,2,0
1125,99,13,0,13.0,2,2482,8,7,8,175,117,63,1,1,22,21,6,45,2,0
1126,99,13,0,13.0,9,2491,9,7,8,173,116,65,1,1,22,20,7,45,2,0
1127,100,12,0,12.0,8,2499,3,16,8,169,116,66,2,1,22,21,7,44,2,1
1128,100,12,0,12.0,2,2501,8,16,0,172,114,68,2,0,22,21,8,44,2,0
1129,102,10,0,10.0,2,2503,11,16,0,170,112,69,2,0,22,21,8,46,2,0
1130,99,13,0,13.0,4,2507,13,16,0,168,111,70,2,0,21,20,8,45,2,0
1131,101,11,0,11.0,7,2514,17,16,0,165,112,68,2,0,21,20,8,46,2,0
1132,99,13,0,13.0,9,2523,20,16,0,160,113,69,2,0,20,21,7,45,2,0
1133,98,14,0,14.0,8,2531,22,16,0,159,110,71,2,0,20,19,7,46,2,0
1134,98,14,0,14.0,13,2544,5,38,0,155,109,71,3,0,20,19,7,46,2,2
1135,96,16,0,16.0,13,2557,5,38,0,150,109,76,3,0,19,20,7,44,2,0
1136,97,15,0,15.0,11,2568,7,38,0,144,115,74,3,0,18,21,8,44,2,0
1137,97,15,0,15.0,11,2579,12,38,0,135,123,70,3,0,17,23,7,44,2,0
1138,95,17,0,17.0,4,2583,12,38,0,132,117,79,3,0,17,21,7,44,2,0
1139,98,14,0,14.0,4,2587,16,38,0,129,119,76,3,0,17,21,7,46,2,0
1140,99,13,0,13.0,6,2593,22,31,7,127,121,70,3,1,16,22,8,45,2,0
1141,96,16,0,16.0,11,2604,5,53,7,126,120,67,4,1,16,21,8,44,1,2
1142,96,16,0,16.0,4,2608,13,53,7,121,125,59,4,1,16,22,7,44,1,0
1143,95,17,0,17.0,3,2611,18,53,7,120,122,58,4,1,15,23,6,43,1,0
1144,96,16,0,16.0,5,2616,21,53,7,117,119,61,4,1,15,22,7,44,1,0
1145,97,15,0,15.0,11,2627,25,53,7,113,119,61,4,1,15,22,7,45,1,0
1146,93,19,0,19.0,12,2639,32,53,7,109,120,57,4,1,14,21,5,44,1,0
1147,95,17,0,17.0,10,2649,36,44,16,106,117,59,4,2,14,21,5,45,1,0
1148,95,17,0,17.0,10,2659,11,72,16,104,115,60,6,2,13,21,6,45,1,2
1149,95,17,0,17.0,10,2669,13,72,16,102,115,60,6,2,13,21,7,44,1,0
1150,94,18,0,18.0,8,2677,17,72,16,100,111,62,6,2,13,19,6,45,1,0
1151,94,18,0,18.0,4,2681,21,72,16,94,115,60,6,2,12,21,6,44,1,0
1152,94,18,0,18.0,2,2683,26,72,16,90,114,60,6,2,12,20,6,45,1,0
1153,96,16,0,16.0,5,2688,31,72,16,85,118,56,6,2,11,22,6,45,1,0
1154,96,16,0,16.0,6,2694,31,50,38,82,116,61,4,5,11,20,6,46,1,0
1155,96,16,0,16.0,9,2703,4,78,38,80,116,62,6,5,10,21,6,46,1,2
1156,95,17,0,17.0,2,2705,13,78,38,80,115,54,6,5,10,21,6,45,1,0
1157,95,17,0,17.0,13,2718,14,78,38,74,117,57,6,5,10,21,6,45,1,0
1158,95,17,0,17.0,3,2721,14,78,38,73,114,61,6,5,10,21,6,45,1,0
1159,94,18,0,18.0,10,2731,16,78,38,68,117,61,6,5,9,21,6,44,1,0
1160,94,18,0,18.0,3,2734,16,78,38,65,115,66,6,5,9,21,6,44,1,0
1161,94,18,0,18.0,11,2745,20,56,60,62,116,64,4,8,8,21,6,44,1,0
1162,95,17,0,17.0,2,2747,12,70,60,61,113,62,5,8,8,21,6,45,1,2
1163,97,15,0,15.0,3,2750,16,70,60,56,116,60,5,8,7,22,6,46,1,0
1164,94,18,0,18.0,14,2764,19,70,60,52,118,59,5,8,7,21,6,44,1,0
1165,93,19,0,19.0,4,2768,25,70,60,51,117,55,5,8,7,21,5,44,1,0
1166,93,19,0,19.0,11,2779,29,70,60,47,118,54,5,8,6,21,5,44,1,0
1167,92,20,0,20.0,13,2792,31,70,60,45,115,57,5,8,6,21,5,43,1,0
1168,94,18,0,18.0,6,2798,37,42,88,44,115,52,3,11,6,21,5,43,2,0
1169,94,18,0,18.0,0,2798,11,70,88,42,113,54,5,11,6,21,5,44,1,2
1170,95,17,0,17.0,6,2804,16,70,81,47,110,54,5,11,6,20,5,45,1,0
1171,96,16,0,16.0,4,2808,17,70,81,47,104,59,5,11,6,20,5,46,1,0
1172,95,17,0,17.0,6,2814,22,70,81,45,97,63,5,11,6,18,6,46,1,0
1173,95,17,0,17.0,6,2820,24,70,81,43,96,64,5,11,6,18,5,47,1,0
1174,95,17,0,17.0,0,2820,25,70,81,40,96,66,5,11,5,18,6,47,1,0
1175,96,16,0,16.0,8,2828,29,42,109,39,95,64,3,14,5,17,6,46,2,0
1176,95,17,0,17.0,6,2834,5,70,109,38,95,61,5,14,5,17,6,46,1,2
1177,97,15,0,15.0,7,2841,7,70,100,45,90,66,5,13,6,18,7,46,1,0
1178,97,15,0,15.0,6,2847,12,70,100,45,89,62,5,13,6,18,7,46,1,0
1179,96,16,0,16.0,4,2851,14,70,100,45,86,63,5,13,6,17,7,46,1,0
1180,97,15,0,15.0,4,2855,18,70,100,44,83,63,5,13,6,16,7,47,1,0
1181,97,15,0,15.0,0,2855,20,70,100,44,79,65,5,13,6,16,6,48,1,0
1182,98,14,0,14.0,0,2855,22,56,114,44,76,66,4,15,6,15,7,48,1,0
1183,97,15,0,15.0,7,2862,2,78,114,44,74,66,6,15,6,14,7,47,1,2
1184,96,16,0,16.0,3,2865,5,78,92,60,73,70,6,12,8,14,7,47,1,0
1185,97,15,0,15.0,0,2865,10,78,92,60,71,67,6,12,8,15,7,47,1,0
1186,97,15,0,15.0,0,2865,11,78,92,57,68,72,6,12,8,14,7,48,1,0
1187,97,15,0,15.0,2,2867,15,78,92,56,65,72,6,12,7,13,7,49,1,0
1188,96,16,0,16.0,3,2870,20,78,92,56,60,72,6,12,7,11,7,50,1,0
1189,96,16,0,16.0,2,2872,26,50,120,56,57,69,4,15,7,11,6,50,1,0
1190,97,15,0,15.0,2,2874,9,76,120,56,55,62,6,15,7,11,6,50,1,2
1191,98,14,0,14.0,2,2876,12,76,98,75,56,61,6,13,10,11,7,49,1,0
1192,98,14,0,14.0,0,2876,15,76,98,75,50,64,6,13,10,9,7,50,1,0
1193,100,12,0,12.0,0,2876,17,76,98,75,49,63,6,13,10,10,7,51,1,0
1194,99,13,0,13.0,0,2876,18,76,98,75,44,67,6,13,10,9,7,51,1,0
1195,99,13,0,13.0,0,2876,25,76,98,75,41,63,6,13,10,9,6,52,1,0
1196,99,13,0,13.0,0,2876,26,48,126,74,39,65,4,16,10,8,6,52,1,0
1197,100,12,0,12.0,0,2876,3,74,126,73,39,63,6,16,10,8,6,52,1,2
1198,100,12,0,12.0,0,2876,7,74,98,94,35,70,6,13,12,7,7,53,1,0
1199,101,11,0,11.0,0,2876,11,74,98,93,32,70,6,13,12,7,7,54,1,0
1200,101,11,0,11.0,0,2876,14,74,98,93,31,68,6,13,12,6,7,55,1,0
1201,102,10,0,10.0,0,2876,16,74,98,92,28,70,6,13,12,6,7,55,1,0
1202,101,11,0,11.0,0,2876,23,74,98,92,26,65,6,13,12,6,6,55,1,0
1203,102,10,0,10.0,0,2876,25,52,120,91,26,64,4,15,12,6,6,56,1,0
1204,102,10,0,10.0,0,2876,6,77,120,91,24,60,6,15,12,5,6,56,1,2
1205,103,9,0,9.0,0,2876,10,77,92,114,23,62,6,12,15,5,7,56,1,0
1206,104,8,0,8.0,0,2876,15,77,92,113,24,57,6,12,15,5,7,56,1,0
1207,104,8,0,8.0,0,2876,18,77,92,113,22,56,6,12,15,5,7,56,1,0
1208,103,9,0,9.0,0,2876,20,77,92,113,20,56,6,12,15,4,6,57,1,0
1209,102,10,0,10.0,0,2876,22,77,92,113,17,57,6,12,15,4,5,57,1,0
1210,105,7,0,7.0,0,2876,28,51,118,113,16,52,4,15,15,4,6,58,1,0
1211,104,8,0,8.0,0,2876,1,79,118,113,15,52,6,15,15,3,5,58,1,2
1212,104,8,0,8.0,0,2876,6,79,104,126,15,48,6,13,16,3,6,58,1,0
1213,103,9,0,9.0,0,2876,9,79,104,126,15,45,6,13,16,3,5,58,1,0
1214,104,8,0,8.0,0,2876,12,79,104,125,16,42,6,13,16,4,5,58,1,0
1215,105,7,0,7.0,0,2876,13,79,104,124,16,42,6,13,16,4,6,58,1,0
1216,105,7,0,7.0,0,2876,24,79,104,123,17,31,6,13,16,4,5,58,1,0
1217,105,7,0,7.0,0,2876,28,53,130,123,17,27,4,17,16,4,3,58,1,0
1218,107,5,0,5.0,0,2876,1,81,130,121,19,26,6,17,16,4,4,58,1,2
1219,107,5,0,5.0,0,2876,5,81,102,144,18,28,6,13,18,4,5,59,1,0
1220,107,5,0,5.0,0,2876,7,81,102,144,18,26,6,13,18,4,5,59,1,0
1221,106,6,0,6.0,0,2876,8,81,102,144,15,28,6,13,18,4,4,59,1,0
1222,106,6,0,6.0,0,2876,10,81,102,143,15,27,6,13,18,4,4,59,1,0
1223,106,6,0,6.0,0,2876,16,81,102,143,15,21,6,13,18,4,3,59,1,0
1224,107,5,0,5.0,0,2876,16,56,127,142,16,21,4,16,18,4,3,59,1,0
1225,107,5,0,5.0,0,2876,4,70,127,142,16,19,5,16,18,4,3,59,1,2
1226,109,3,0,3.0,0,2876,6,70,99,165,15,23,5,13,21,4,4,60,1,0
1227,109,3,0,3.0,0,2876,9,70,99,165,15,20,5,13,21,4,4,60,1,0
1228,109,3,0,3.0,0,2876,10,70,99,163,17,19,5,13,21,4,4,60,1,0
1229,109,3,0,3.0,0,2876,11,70,99,161,19,18,5,13,21,4,4,60,1,0
1230,108,4,0,4.0,0,2876,12,70,99,160,20,17,5,13,20,5,3,60,1,0
1231,111,1,0,1.0,0,2876,12,42,127,159,20,18,3,16,20,5,3,61,2,0
1232,110,2,0,2.0,0,2876,0,54,127,159,19,19,4,16,20,5,3,61,1,2
1233,112,0,0,0.0,0,2876,1,54,105,177,18,23,4,14,23,4,4,61,1,0
1234,112,0,0,0.0,0,2876,1,54,105,177,17,24,4,14,23,4,4,61,1,0
1235,112,0,0,0.0,0,2876,1,54,105,177,17,24,4,14,23,4,4,61,1,0
1236,111,1,0,1.0,0,2876,1,54,105,176,17,25,4,14,22,4,4,61,1,0
1237,110,2,0,2.0,0,2876,7,54,105,176,17,19,4,14,22,4,3,61,1,0
1238,113,0,1,3.0,0,2876,7,26,133,176,16,20,2,17,22,4,3,62,2,0
1239,113,0,1,3.0,0,2876,10,26,133,176,16,17,2,17,22,4,3,62,2,2
1240,115,0,3,9.0,0,2876,11,26,107,196,15,23,2,14,25,4,4,63,2,0
1241,114,0,2,6.0,0,2876,11,26,107,196,14,24,2,14,25,3,4,63,2,0
1242,114,0,2,6.0,0,2876,11,26,107,196,14,24,2,14,25,3,4,63,2,0
1243,115,0,3,9.0,0,2876,11,26,107,194,16,24,2,14,25,4,4,63,2,0
1244,115,0,3,9.0,0,2876,17,26,107,194,16,18,2,14,25,4,3,63,2,0
1245,116,0,4,12.0,0,2876,17,12,121,194,16,18,1,16,25,4,3,63,2,0
1246,116,0,4,12.0,0,2876,17,12,121,194,16,18,1,16,25,4,3,63,2,1
1247,115,0,3,9.0,0,2876,17,12,95,212,16,26,1,12,27,4,4,63,2,0
1248,115,0,3,9.0,0,2876,17,12,95,212,16,26,1,12,27,4,4,63,2,0
1249,117,0,5,15.0,0,2876,18,12,95,212,15,26,1,12,27,4,5,64,2,0
1250,117,0,5,15.0,0,2876,19,12,95,212,14,26,1,12,27,4,5,64,2,0
1251,114,0,2,6.0,0,2876,24,12,95,212,13,22,1,12,27,3,3,64,2,0
1252,115,0,3,9.0,0,2876,25,0,107,212,13,21,0,14,27,3,3,64,2,0
1253,115,0,3,9.0,0,2876,25,0,107,212,11,23,0,14,27,3,3,64,2,0
1254,115,0,3,9.0,0,2876,26,0,82,232,11,27,0,11,29,3,4,64,2,0
1255,115,0,3,9.0,0,2876,26,0,82,232,11,27,0,11,29,3,4,64,2,0
1256,115,0,3,9.0,0,2876,27,0,82,232,11,26,0,11,29,3,4,64,2,0
1257,117,0,5,15.0,0,2876,27,0,82,232,10,27,0,11,29,3,5,65,2,0
1258,117,0,5,15.0,0,2876,34,0,82,232,10,20,0,11,29,3,4,65,2,0
1259,115,0,3,9.0,0,2876,35,0,82,232,9,20,0,11,29,2,3,65,2,0
1260,115,0,3,9.0,0,2876,35,0,82,232,9,20,0,11,29,2,3,65,2,0
1261,115,0,3,9.0,0,2876,35,0,54,254,9,26,0,7,32,2,4,65,2,0
1262,115,0,3,9.0,0,2876,35,0,54,254,9,26,0,7,32,2,4,65,2,0
1263,115,0,3,9.0,0,2876,35,0,54,254,7,28,0,7,32,2,4,65,2,0
1264,115,0,3,9.0,0,2876,35,0,54,254,5,30,0,7,32,2,4,65,2,0
1265,117,0,5,15.0,0,2876,43,0,54,254,4,23,0,7,32,2,4,66,2,0
1266,116,0,4,12.0,0,2876,43,0,54,254,3,24,0,7,32,1,4,66,2,0
1267,115,0,3,9.0,0,2876,44,0,54,254,3,23,0,7,32,1,3,66,2,0
1268,117,0,5,15.0,0,2876,45,0,26,273,4,30,0,4,35,2,4,66,2,0
1269,117,0,5,15.0,0,2876,46,0,26,273,4,29,0,4,35,2,4,66,2,0
1270,116,0,4,12.0,0,2876,46,0,26,272,5,29,0,4,34,2,4,66,2,0
1271,116,0,4,12.0,0,2876,48,0,26,271,5,28,0,4,34,2,4,66,2,0
1272,115,0,3,9.0,0,2876,53,0,26,271,5,23,0,4,34,2,3,66,2,0
1273,115,0,3,9.0,0,2876,53,0,26,270,6,23,0,4,34,2,3,66,2,0
1274,115,0,3,9.0,0,2876,53,0,26,270,6,23,0,4,34,2,3,66,2,0
1275,116,0,4,12.0,0,2876,54,0,12,282,7,23,0,2,36,2,4,66,2,0
1276,117,0,5,15.0,0,2876,54,0,12,281,8,23,0,2,36,3,4,66,2,0
1277,116,0,4,12.0,0,2876,55,0,12,280,9,22,0,2,35,3,4,66,2,0
1278,116,0,4,12.0,0,2876,55,0,12,279,8,24,0,2,35,2,4,67,2,0
1279,116,0,4,12.0,0,2876,61,0,12,279,8,18,0,2,35,2,3,67,2,0
1280,116,0,4,12.0,0,2876,61,0,12,279,8,18,0,2,35,2,3,67,2,0
1281,116,0,4,12.0,0,2876,63,0,12,279,8,16,0,2,35,2,3,67,2,0
1282,116,0,4,12.0,0,2876,65,0,0,286,11,16,0,0,36,2,4,67,2,0
1283,117,0,5,15.0,0,2876,66,0,0,282,15,15,0,0,36,3,4,67,2,0
1284,117,0,5,15.0,0,2876,67,0,0,281,16,14,0,0,36,4,3,67,2,0
1285,116,0,4,12.0,0,2876,67,0,0,280,17,14,0,0,35,4,3,67,2,0
1286,116,0,4,12.0,0,2876,75,0,0,280,17,6,0,0,35,4,2,67,2,0
1287,116,0,4,12.0,0,2876,75,0,0,279,18,6,0,0,35,4,2,67,2,0
1288,116,0,4,12.0,0,2876,75,0,0,278,19,6,0,0,35,4,2,67,2,0
1289,116,0,4,12.0,0,2876,76,0,0,277,20,5,0,0,35,4,2,67,2,0
1290,116,0,4,12.0,0,2876,76,0,0,276,21,5,0,0,35,4,2,67,2,0
1291,117,0,5,15.0,0,2876,76,0,0,274,23,5,0,0,35,5,2,67,2,0
1292,118,0,6,18.0,0,2876,76,0,0,273,24,5,0,0,35,6,2,67,2,0
1293,117,0,5,15.0,0,2876,77,0,0,271,26,4,0,0,34,6,2,67,2,0
1294,117,0,5,15.0,0,2876,77,0,0,270,27,4,0,0,34,6,2,67,2,0
1295,117,0,5,15.0,0,2876,77,0,0,268,29,4,0,0,34,6,2,67,2,0
1296,117,0,5,15.0,0,2876,79,0,0,267,30,2,0,0,34,7,1,67,2,0
1297,116,0,4,12.0,0,2876,79,0,0,263,34,2,0,0,33,7,1,67,2,0
1298,117,0,5,15.0,0,2876,79,0,0,259,38,2,0,0,33,8,1,67,2,0
1299,117,0,5,15.0,0,2876,79,0,0,254,43,2,0,0,32,9,1,67,2,0
1300,116,0,4,12.0,0,2876,81,0,0,248,49,0,0,0,31,10,0,67,2,0
1301,117,0,5,15.0,0,2876,81,0,0,245,52,0,0,0,31,11,0,67,2,0
1302,117,0,5,15.0,0,2876,81,0,0,243,54,0,0,0,31,11,0,67,2,0
1303,118,0,6,18.0,0,2876,81,0,0,240,56,1,0,0,30,11,1,68,2,0
1304,118,0,6,18.0,0,2876,81,0,0,237,59,1,0,0,30,11,1,68,2,0
1305,118,0,6,18.0,0,2876,81,0,0,233,62,2,0,0,30,11,1,68,2,0
1306,118,0,6,18.0,0,2876,81,0,0,231,63,3,0,0,29,12,1,68,2,0
1307,118,0,6,18.0,0,2876,81,0,0,229,65,3,0,0,29,12,1,68,2,0
1308,119,0,7,21.0,0,2876,81,0,0,224,69,4,0,0,28,14,1,68,2,0
1309,119,0,7,21.0,0,2876,81,0,0,220,73,4,0,0,28,14,1,68,2,0
1310,120,0,8,24.0,0,2876,81,0,0,219,73,5,0,0,28,15,1,68,2,0
1311,121,0,9,27.0,0,2876,81,0,0,215,76,6,0,0,27,15,2,69,2,0
1312,120,0,8,24.0,0,2876,81,0,0,214,76,7,0,0,27,14,2,69,2,0
1313,120,0,8,24.0,0,2876,81,0,0,212,77,8,0,0,27,14,2,69,2,0
1314,120,0,8,24.0,0,2876,81,0,0,208,81,8,0,0,26,15,2,69,2,0
1315,121,0,9,27.0,0,2876,81,0,0,205,84,8,0,0,26,16,2,69,2,0
1316,121,0,9,27.0,0,2876,81,0,0,203,86,8,0,0,26,16,2,69,2,0
1317,120,0,8,24.0,0,2876,81,0,0,203,83,11,0,0,26,15,2,69,2,0
1318,121,0,9,27.0,0,2876,81,0,0,200,82,15,0,0,25,16,2,70,2,0
1319,123,0,11,33.0,0,2876,81,0,0,197,84,16,0,0,25,16,3,71,2,0
1320,123,0,11,33.0,0,2876,81,0,0,196,84,17,0,0,25,16,3,71,2,0
1321,122,0,10,30.0,3,2879,82,0,0,192,88,16,0,0,24,17,2,71,2,0
1322,122,0,10,30.0,4,2883,82,0,0,190,89,17,0,0,24,17,3,70,2,0
1323,121,0,9,27.0,2,2885,83,0,0,186,92,17,0,0,24,16,2,71,2,0
1324,121,0,9,27.0,5,2890,84,0,0,182,95,17,0,0,23,18,2,70,2,0
1325,121,0,9,27.0,2,2892,84,0,0,173,103,18,0,0,22,18,3,70,2,0
1326,124,0,12,36.0,2,2894,85,0,0,172,102,19,0,0,22,20,3,70,2,0
1327,123,0,11,33.0,2,2896,85,0,0,169,104,20,0,0,22,19,3,70,2,0
1328,124,0,12,36.0,3,2899,86,0,0,165,106,21,0,0,21,20,3,71,2,0
1329,124,0,12,36.0,6,2905,87,0,0,162,108,21,0,0,21,20,3,71,2,0
1330,121,0,9,27.0,11,2916,88,0,0,160,108,22,0,0,20,20,3,69,2,0
1331,122,0,10,30.0,6,2922,89,0,0,157,110,22,0,0,20,20,2,71,2,0
1332,121,0,9,27.0,4,2926,89,0,0,155,108,26,0,0,20,20,2,70,2,0
1333,121,0,9,27.0,8,2934,89,0,0,149,110,30,0,0,19,19,3,71,2,0
1334,121,0,9,27.0,2,2936,89,0,0,148,106,35,0,0,19,20,3,70,2,0
1335,119,0,7,21.0,4,2940,92,0,0,146,102,38,0,0,19,18,4,69,2,0
1336,120,0,8,24.0,11,2951,96,0,0,144,101,37,0,0,18,18,4,71,2,0
1337,120,0,8,24.0,0,2951,97,0,0,143,100,38,0,0,18,18,4,71,2,0
1338,120,0,8,24.0,5,2956,98,0,0,140,100,40,0,0,18,18,4,71,2,0
1339,121,0,9,27.0,11,2967,98,0,0,137,100,43,0,0,18,19,4,71,2,0
1340,122,0,10,30.0,0,2967,99,0,0,132,101,46,0,0,17,19,4,72,2,0
1341,121,0,9,27.0,10,2977,100,0,0,131,100,47,0,0,17,18,5,71,2,0
1342,121,0,9,27.0,10,2987,101,0,0,129,100,48,0,0,17,19,5,70,2,0
1343,117,0,5,15.0,10,2997,102,0,0,129,95,52,0,0,17,17,5,68,2,0
1344,116,0,4,12.0,16,3013,104,0,0,123,97,54,0,0,16,17,5,68,2,0
1345,118,0,6,18.0,11,3024,105,0,0,120,99,54,0,0,15,19,5,69,2,0
1346,117,0,5,15.0,6,3030,107,0,0,113,102,56,0,0,15,18,5,69,2,0
1347,119,0,7,21.0,9,3039,108,0,0,109,105,56,0,0,14,20,5,70,2,0
1348,117,0,5,15.0,8,3047,110,0,0,108,104,56,0,0,14,19,5,69,2,0
1349,117,0,5,15.0,9,3056,111,0,0,107,101,59,0,0,14,18,6,69,2,0
1350,117,0,5,15.0,6,3062,115,0,0,104,101,58,0,0,13,19,6,68,2,0
1351,113,0,1,3.0,4,3066,119,0,0,101,102,56,0,0,13,17,5,67,2,0
1352,112,0,0,0.0,8,3074,124,0,0,101,102,51,0,0,13,17,5,66,2,0
1353,116,0,4,12.0,9,3083,130,0,0,100,100,48,0,0,13,19,5,67,2,0
1354,115,0,3,9.0,9,3092,133,0,0,97,100,48,0,0,13,18,5,67,2,0
1355,116,0,4,12.0,11,3103,135,0,0,95,101,47,0,0,12,19,5,68,2,0
1356,116,0,4,12.0,0,3103,138,0,0,89,103,48,0,0,12,19,5,68,2,0
1357,116,0,4,12.0,2,3105,141,0,0,88,102,47,0,0,11,19,5,68,2,0
1358,114,0,2,6.0,20,3125,145,0,0,84,102,47,0,0,11,19,5,66,2,0
1359,113,0,1,3.0,2,3127,147,0,0,81,101,49,0,0,11,19,5,65,2,0
1360,112,0,0,0.0,0,3127,149,0,0,78,95,56,0,0,10,17,5,67,2,0
1361,115,0,3,9.0,3,3130,154,0,0,76,96,52,0,0,10,18,6,68,2,0
1362,115,0,3,9.0,0,3130,158,0,0,73,96,51,0,0,10,17,6,68,2,0
1363,115,0,3,9.0,8,3138,159,0,0,71,94,54,0,0,9,18,5,69,2,0
1364,115,0,3,9.0,12,3150,163,0,0,65,97,53,0,0,9,18,5,69,2,0
1365,115,0,3,9.0,9,3159,164,0,0,65,95,54,0,0,9,18,6,68,2,0
1366,114,0,2,6.0,6,3165,166,0,0,60,97,55,0,0,8,18,6,68,2,0
1367,112,0,0,0.0,13,3178,170,0,0,56,99,53,0,0,7,18,6,66,2,0
1368,111,1,0,1.0,9,3187,173,0,0,48,101,56,0,0,6,18,6,66,2,0
1369,113,0,1,3.0,4,3191,175,0,0,46,102,55,0,0,6,19,6,67,2,0
1370,111,1,0,1.0,13,3204,175,0,0,42,104,57,0,0,6,18,6,66,2,0
1371,110,2,0,2.0,5,3209,178,0,0,39,105,56,0,0,5,19,5,66,2,0
1372,112,0,0,0.0,10,3219,167,14,0,37,106,54,1,0,5,19,5,68,2,0
1373,112,0,0,0.0,2,3221,168,14,0,36,104,56,1,0,5,19,6,67,2,0
1374,113,0,1,3.0,12,3233,172,14,0,31,106,55,1,0,4,20,6,67,2,0
1375,110,2,0,2.0,4,3237,174,14,0,27,105,58,1,0,4,19,6,65,2,0
1376,110,2,0,2.0,2,3239,178,14,0,27,104,55,1,0,4,19,6,65,2,0
1377,109,3,0,3.0,10,3249,182,14,0,24,105,53,1,0,3,19,5,66,2,0
1378,110,2,0,2.0,8,3257,191,14,0,22,107,44,1,0,3,19,5,66,2,0
1379,110,2,0,2.0,4,3261,164,42,0,22,101,49,3,0,3,18,5,67,2,1
1380,111,1,0,1.0,10,3271,167,42,0,19,101,49,3,0,3,18,5,68,2,0
1381,112,0,0,0.0,5,3276,171,42,0,18,95,52,3,0,3,18,5,68,2,0
1382,111,1,0,1.0,8,3284,174,42,0,18,91,53,3,0,3,17,5,68,2,0
1383,109,3,0,3.0,3,3287,176,42,0,17,91,52,3,0,3,17,5,66,2,0
1384,108,4,0,4.0,4,3291,179,42,0,16,91,50,3,0,2,17,5,66,2,0
1385,108,4,0,4.0,4,3295,181,42,0,14,90,51,3,0,2,17,5,66,2,0
1386,108,4,0,4.0,6,3301,159,70,0,13,88,48,5,0,2,16,5,67,1,2
1387,107,5,0,5.0,10,3311,160,70,0,13,88,47,5,0,2,16,4,67,1,0
1388,109,3,0,3.0,3,3314,162,70,0,10,90,46,5,0,2,16,5,68,1,0
1389,109,3,0,3.0,9,3323,164,70,0,9,88,47,5,0,2,17,5,67,1,0
1390,106,6,0,6.0,11,3334,165,70,0,8,87,48,5,0,1,16,5,66,1,0
1391,102,10,0,10.0,12,3346,168,70,0,6,83,51,5,0,1,15,5,63,1,0
1392,102,10,0,10.0,20,3366,171,56,14,6,82,49,4,2,1,15,4,62,1,0
1393,104,8,0,8.0,7,3373,148,84,14,5,79,48,6,2,1,15,5,63,1,2
1394,104,8,0,8.0,7,3380,149,84,14,4,77,50,6,2,1,15,5,63,1,0
1395,103,9,0,9.0,5,3385,151,84,14,3,75,51,6,2,1,14,4,64,1,0
1396,105,7,0,7.0,3,3388,151,84,14,2,74,53,6,2,1,14,5,65,1,0
1397,106,6,0,6.0,10,3398,157,84,14,0,73,50,6,2,0,15,5,65,1,0
1398,105,7,0,7.0,3,3401,160,84,14,0,71,49,6,2,0,14,5,65,1,0
1399,102,10,0,10.0,6,3407,167,56,42,0,65,48,4,6,0,12,5,62,1,0
1400,102,10,0,10.0,7,3414,143,84,42,0,65,44,6,6,0,12,4,62,1,2
1401,104,8,0,8.0,9,3423,144,84,42,0,60,48,6,6,0,12,5,63,1,0
1402,103,9,0,9.0,6,3429,145,84,42,0,56,51,6,6,0,10,5,64,1,0
1403,103,9,0,9.0,3,3432,148,84,42,0,48,56,6,6,0,9,5,65,1,0
1404,105,7,0,7.0,4,3436,151,84,42,0,46,55,6,6,0,9,6,66,1,0
1405,105,7,0,7.0,5,3441,151,84,42,0,42,59,6,6,0,9,6,66,1,0
1406,106,6,0,6.0,12,3453,152,56,70,0,39,61,4,9,0,8,6,67,1,0
1407,104,8,0,8.0,10,3463,127,84,70,0,37,60,6,9,0,8,6,64,1,2
1408,102,10,0,10.0,10,3473,129,84,70,0,36,59,6,9,0,7,6,63,1,0
1409,104,8,0,8.0,6,3479,135,84,70,0,31,58,6,9,0,7,6,65,1,0
1410,102,10,0,10.0,4,3483,136,84,70,0,27,61,6,9,0,5,6,65,1,0
1411,102,10,0,10.0,0,3483,140,84,70,0,27,57,6,9,0,5,6,65,1,0
1412,104,8,0,8.0,13,3496,143,84,70,0,24,57,6,9,0,5,6,66,1,0
1413,105,7,0,7.0,2,3498,146,56,98,0,22,56,4,13,0,5,6,65,1,0
1414,105,7,0,7.0,13,3511,120,84,98,0,22,54,6,13,0,5,6,65,1,2
1415,103,9,0,9.0,5,3516,123,84,98,0,19,54,6,13,0,5,6,63,1,0
1416,101,11,0,11.0,7,3523,125,84,98,0,18,53,6,13,0,4,6,62,1,0
1417,102,10,0,10.0,1,3524,131,84,98,0,18,47,6,13,0,4,5,63,1,0
1418,101,11,0,11.0,11,3535,131,84,98,0,17,48,6,13,0,3,6,62,1,0
1419,100,12,0,12.0,8,3543,136,84,98,0,16,44,6,13,0,3,5,62,1,0
1420,103,9,0,9.0,1,3544,140,56,126,0,14,42,4,16,0,3,5,64,1,0
1421,102,10,0,10.0,8,3552,120,84,126,0,13,35,6,16,0,3,4,63,1,2
1422,103,9,0,9.0,5,3557,122,84,112,12,13,35,6,14,2,3,5,63,1,0
1423,101,11,0,11.0,3,3560,126,84,112,12,10,34,6,14,2,3,5,61,1,0
1424,101,11,0,11.0,4,3564,129,84,112,12,9,32,6,14,2,2,5,61,1,0
1425,101,11,0,11.0,4,3568,131,84,112,12,8,31,6,14,2,2,5,61,1,0
1426,101,11,0,11.0,0,3568,132,84,112,12,6,32,6,14,2,1,5,62,1,0
1427,103,9,0,9.0,3,3571,137,56,140,12,6,27,4,18,2,1,4,63,1,0
1428,104,8,0,8.0,4,3575,113,84,140,12,5,24,6,18,2,1,4,63,1,2
1429,102,10,0,10.0,9,3584,113,84,112,35,4,30,6,14,5,1,4,62,1,0
1430,102,10,0,10.0,2,3586,116,84,112,35,3,28,6,14,5,1,4,62,1,0
1431,101,11,0,11.0,2,3588,118,84,112,35,2,27,6,14,5,1,4,61,1,0
1432,100,12,0,12.0,0,3588,118,84,112,35,0,29,6,14,5,0,4,61,1,0
1433,100,12,0,12.0,0,3588,121,84,112,35,0,26,6,14,5,0,4,61,1,0
1434,101,11,0,11.0,0,3588,122,56,140,35,0,25,4,18,5,0,3,61,1,0
1435,102,10,0,10.0,3,3591,94,84,140,35,0,25,6,18,5,0,3,62,1,2
1436,102,10,0,10.0,0,3591,95,84,112,60,0,27,6,14,8,0,4,62,1,0
1437,102,10,0,10.0,0,3591,96,84,112,60,0,26,6,14,8,0,4,62,1,0
1438,102,10,0,10.0,0,3591,98,84,112,60,0,24,6,14,8,0,4,62,1,0
1439,102,10,0,10.0,2,3593,99,84,112,60,0,23,6,14,8,0,4,61,1,0
1440,101,11,0,11.0,0,3593,101,84,112,60,0,21,6,14,8,0,3,61,1,0
1441,103,9,0,9.0,8,3601,104,56,140,60,0,18,4,18,8,0,3,61,1,0
1442,100,12,0,12.0,3,3604,77,84,140,60,0,17,6,18,8,0,2,59,1,2
1443,100,12,0,12.0,0,3604,78,84,112,84,0,20,6,14,11,0,3,59,1,0
1444,100,12,0,12.0,0,3604,80,84,112,84,0,18,6,14,11,0,3,59,1,0
1445,100,12,0,12.0,0,3604,80,84,112,84,0,18,6,14,11,0,3,59,1,0
1446,101,11,0,11.0,3,3607,81,84,112,84,0,17,6,14,11,0,3,60,1,0
1447,101,11,0,11.0,0,3607,87,84,112,84,0,11,6,14,11,0,2,60,1,0
1448,103,9,0,9.0,0,3607,88,56,140,84,0,10,4,18,11,0,2,60,1,0
1449,103,9,0,9.0,0,3607,61,84,140,84,0,9,6,18,11,0,2,60,1,2
1450,102,10,0,10.0,0,3607,63,84,112,111,0,8,6,14,14,0,2,60,1,0
1451,101,11,0,11.0,3,3610,63,84,112,111,0,8,6,14,14,0,2,59,1,0
1452,101,11,0,11.0,2,3612,63,84,112,111,0,8,6,14,14,0,2,59,1,0
1453,100,12,0,12.0,3,3615,63,84,112,111,0,8,6,14,14,0,2,58,1,0
1454,99,13,0,13.0,2,3617,66,84,112,111,0,5,6,14,14,0,1,58,1,0
1455,101,11,0,11.0,0,3617,66,56,140,111,0,5,4,18,14,0,1,58,1,0
1456,101,11,0,11.0,3,3620,38,84,140,111,0,5,6,18,14,0,1,58,1,2
1457,101,11,0,11.0,0,3620,38,84,112,134,0,10,6,14,17,0,2,58,1,0
1458,101,11,0,11.0,2,3622,38,84,112,134,0,10,6,14,17,0,2,58,1,0
1459,101,11,0,11.0,0,3622,38,84,112,134,0,10,6,14,17,0,2,58,1,0
1460,101,11,0,11.0,2,3624,38,84,112,134,0,10,6,14,17,0,2,58,1,0
1461,99,13,0,13.0,2,3626,42,84,112,134,0,6,6,14,17,0,1,57,1,0
1462,101,11,0,11.0,0,3626,42,56,140,134,0,6,4,18,17,0,1,57,1,0
1463,101,11,0,11.0,0,3626,14,84,140,134,0,6,6,18,17,0,1,57,1,2
1464,101,11,0,11.0,0,3626,14,84,112,159,0,9,6,14,20,0,2,57,1,0
1465,101,11,0,11.0,0,3626,14,84,112,159,0,9,6,14,20,0,2,57,1,0
1466,101,11,0,11.0,0,3626,14,84,112,159,0,9,6,14,20,0,2,57,1,0
1467,101,11,0,11.0,0,3626,14,84,112,159,0,9,6,14,20,0,2,57,1,0
1468,101,11,0,11.0,0,3626,15,84,112,159,0,8,6,14,20,0,1,57,1,0
1469,103,9,0,9.0,2,3628,15,56,140,159,0,8,4,18,20,0,1,57,1,0
1470,103,9,0,9.0,2,3630,1,70,140,159,0,8,5,18,20,0,1,57,1,2
1471,102,10,0,10.0,2,3632,1,70,112,184,0,11,5,14,23,0,2,56,1,0
1472,102,10,0,10.0,0,3632,1,70,112,184,0,11,5,14,23,0,2,56,1,0
1473,102,10,0,10.0,4,3636,1,70,112,184,0,11,5,14,23,0,2,56,1,0
1474,102,10,0,10.0,0,3636,1,70,112,184,0,11,5,14,23,0,2,56,1,0
1475,101,11,0,11.0,0,3636,6,70,112,184,0,6,5,14,23,0,1,56,1,0
1476,104,8,0,8.0,0,3636,6,42,140,184,0,6,3,18,23,0,1,56,2,0
1477,104,8,0,8.0,2,3638,6,42,140,184,0,6,3,18,23,0,1,56,2,2
1478,104,8,0,8.0,0,3638,6,42,112,207,0,11,3,14,26,0,2,56,2,0
1479,103,9,0,9.0,2,3640,6,42,112,207,0,11,3,14,26,0,2,55,2,0
1480,103,9,0,9.0,0,3640,6,42,112,207,0,11,3,14,26,0,2,55,2,0
1481,103,9,0,9.0,0,3640,6,42,112,207,0,11,3,14,26,0,2,55,2,0
1482,102,10,0,10.0,0,3640,9,42,112,207,0,8,3,14,26,0,1,55,2,0
1483,104,8,0,8.0,5,3645,9,14,140,207,0,8,1,18,26,0,1,55,2,0
1484,104,8,0,8.0,5,3650,0,23,140,207,0,8,2,18,26,0,1,55,2,1
1485,105,7,0,7.0,2,3652,0,23,112,233,0,10,2,14,30,0,2,55,2,0
1486,104,8,0,8.0,2,3654,0,23,112,233,0,10,2,14,30,0,2,54,2,0
1487,104,8,0,8.0,0,3654,0,23,112,233,0,10,2,14,30,0,2,54,2,0
1488,104,8,0,8.0,0,3654,0,23,112,233,0,10,2,14,30,0,2,54,2,0
1489,104,8,0,8.0,0,3654,3,23,112,233,0,7,2,14,30,0,1,54,2,0
1490,105,7,0,7.0,0,3654,3,9,126,233,0,7,1,16,30,0,1,54,2,0
1491,105,7,0,7.0,2,3656,3,9,126,233,0,7,1,16,30,0,1,54,2,1
1492,105,7,0,7.0,0,3656,3,9,98,256,0,12,1,13,32,0,2,54,2,0
1493,105,7,0,7.0,0,3656,3,9,98,256,0,12,1,13,32,0,2,54,2,0
1494,105,7,0,7.0,0,3656,3,9,98,256,0,12,1,13,32,0,2,54,2,0
1495,105,7,0,7.0,0,3656,3,9,98,256,0,12,1,13,32,0,2,54,2,0
1496,104,8,0,8.0,0,3656,8,9,98,256,0,7,1,13,32,0,1,54,2,0
1497,104,8,0,8.0,0,3656,8,9,98,256,0,7,1,13,32,0,1,54,2,0
1498,103,9,0,9.0,4,3660,0,17,98,256,0,7,2,13,32,0,1,53,2,1
1499,104,8,0,8.0,0,3660,0,17,70,283,0,8,2,9,36,0,2,53,2,0
1500,104,8,0,8.0,0,3660,0,17,70,283,0,8,2,9,36,0,2,53,2,0
1501,104,8,0,8.0,0,3660,0,17,70,283,0,8,2,9,36,0,2,53,2,0
1502,104,8,0,8.0,0,3660,0,17,70,283,0,8,2,9,36,0,2,53,2,0
1503,104,8,0,8.0,0,3660,2,17,70,283,0,6,2,9,36,0,1,53,2,0
1504,104,8,0,8.0,0,3660,2,8,79,283,0,6,1,10,36,0,1,53,2,0
1505,104,8,0,8.0,0,3660,2,8,79,283,0,6,1,10,36,0,1,53,2,1
1506,105,7,0,7.0,0,3660,2,8,51,306,0,11,1,7,39,0,2,53,2,0
1507,105,7,0,7.0,0,3660,2,8,51,306,0,11,1,7,39,0,2,53,2,0
1508,105,7,0,7.0,0,3660,2,8,51,306,0,11,1,7,39,0,2,53,2,0
1509,105,7,0,7.0,0,3660,2,8,51,306,0,11,1,7,39,0,2,53,2,0
1510,104,8,0,8.0,0,3660,7,8,51,306,0,6,1,7,39,0,1,53,2,0
1511,104,8,0,8.0,0,3660,7,8,51,306,0,6,1,7,39,0,1,53,2,0
1512,104,8,0,8.0,0,3660,0,15,51,306,0,6,2,7,39,0,1,53,2,1
1513,104,8,0,8.0,0,3660,0,15,23,329,0,11,2,3,42,0,2,53,2,0
1514,104,8,0,8.0,0,3660,0,15,23,329,0,11,2,3,42,0,2,53,2,0
1515,104,8,0,8.0,0,3660,0,15,23,329,0,11,2,3,42,0,2,53,2,0
1516,104,8,0,8.0,0,3660,0,15,23,329,0,11,2,3,42,0,2,53,2,0
1517,104,8,0,8.0,0,3660,1,15,23,329,0,10,2,3,42,0,1,53,2,0
1518,104,8,0,8.0,0,3660,1,7,31,329,0,10,1,4,42,0,1,53,2,0
1519,104,8,0,8.0,0,3660,1,7,31,329,0,10,1,4,42,0,1,53,2,1
1520,105,7,0,7.0,0,3660,1,7,17,337,0,16,1,3,43,0,2,53,2,0
1521,105,7,0,7.0,0,3660,1,7,17,337,0,16,1,3,43,0,2,53,2,0
1522,105,7,0,7.0,0,3660,1,7,17,335,2,16,1,3,42,1,2,53,2,0
1523,103,9,0,9.0,2,3662,1,7,17,335,2,16,1,3,42,1,2,51,2,0
1524,102,10,0,10.0,0,3662,6,7,17,335,2,11,1,3,42,1,1,51,2,0
1525,104,8,0,8.0,3,3665,6,7,17,335,2,11,1,3,42,1,1,53,2,0
1526,104,8,0,8.0,2,3667,6,7,17,334,3,11,1,3,42,1,1,53,2,1
1527,104,8,0,8.0,0,3667,6,7,17,332,5,11,1,3,42,1,1,53,2,0
1528,105,7,0,7.0,3,3670,6,7,17,330,7,11,1,3,42,2,1,53,2,0
1529,105,7,0,7.0,0,3670,6,7,17,329,8,11,1,3,42,2,1,53,2,0
1530,104,8,0,8.0,2,3672,6,7,17,328,9,11,1,3,41,3,1,52,2,0
1531,103,9,0,9.0,1,3673,11,7,17,327,10,6,1,3,41,3,1,51,2,0
1532,101,11,0,11.0,2,3675,11,0,24,327,10,6,0,3,41,3,1,50,2,0
1533,103,9,0,9.0,2,3677,0,11,24,323,14,6,1,3,41,3,1,52,2,0
1534,104,8,0,8.0,0,3677,0,11,15,327,18,7,1,2,41,4,2,52,2,0
1535,105,7,0,7.0,0,3677,0,11,15,323,22,7,1,2,41,5,2,52,2,0
1536,105,7,0,7.0,0,3677,0,11,15,321,24,7,1,2,41,5,2,52,2,0
1537,104,8,0,8.0,6,3683,0,11,15,320,25,7,1,2,40,5,2,52,2,0
1538,103,9,0,9.0,10,3693,6,11,15,317,28,1,1,2,40,6,1,50,2,0
1539,102,10,0,10.0,2,3695,6,11,15,316,29,1,1,2,40,6,1,49,2,0
1540,102,10,0,10.0,2,3697,6,11,15,313,32,1,1,2,40,7,1,48,2,1
1541,101,11,0,11.0,0,3697,6,11,15,310,35,1,1,2,39,7,1,48,2,0
1542,103,9,0,9.0,2,3699,6,11,15,306,39,1,1,2,39,8,1,49,2,0
1543,102,10,0,10.0,3,3702,6,11,15,304,41,1,1,2,38,8,1,49,2,0
1544,103,9,0,9.0,2,3704,6,11,15,302,43,1,1,2,38,8,1,50,2,0
1545,104,8,0,8.0,1,3705,6,11,15,293,52,1,1,2,37,10,1,50,2,0
1546,103,9,0,9.0,5,3710,6,11,15,291,54,1,1,2,37,11,1,48,2,0
1547,102,10,0,10.0,2,3712,6,11,15,286,59,1,1,2,36,12,1,47,2,1
1548,102,10,0,10.0,5,3717,6,11,7,289,62,3,1,1,37,12,2,46,2,0
1549,102,10,0,10.0,2,3719,6,11,7,285,66,3,1,1,36,13,2,46,2,0
1550,103,9,0,9.0,4,3723,6,11,7,283,68,3,1,1,36,13,2,47,2,0
1551,103,9,0,9.0,2,3725,6,11,7,281,70,3,1,1,36,13,2,47,2,0
1552,102,10,0,10.0,9,3734,7,11,7,278,73,2,1,1,35,14,1,47,2,0
1553,104,8,0,8.0,6,3740,7,0,18,274,77,2,0,3,35,15,1,47,2,0
1554,103,9,0,9.0,11,3751,0,7,18,267,84,2,1,3,34,17,1,45,2,0
1555,101,11,0,11.0,13,3764,0,7,18,261,90,2,1,3,33,18,1,43,2,0
1556,100,12,0,12.0,5,3769,0,7,18,261,90,2,1,3,33,18,1,42,2,0
1557,101,11,0,11.0,4,3773,0,7,18,257,92,4,1,3,33,17,2,43,2,0
1558,101,11,0,11.0,7,3780,0,7,18,256,93,4,1,3,32,18,2,43,2,0
1559,101,11,0,11.0,5,3785,0,7,18,251,98,4,1,3,32,18,2,43,2,0
1560,101,11,0,11.0,9,3794,0,7,18,247,102,4,1,3,31,19,2,43,2,0
1561,101,11,0,11.0,4,3798,0,7,18,245,103,5,1,3,31,19,2,43,2,1
1562,100,12,0,12.0,5,3803,0,7,11,250,103,7,1,2,32,19,2,42,2,0
1563,98,14,0,14.0,11,3814,0,7,11,247,104,9,1,2,31,20,2,40,2,0
1564,98,14,0,14.0,8,3822,0,7,11,245,105,10,1,2,31,20,2,40,2,0
1565,99,13,0,13.0,3,3825,0,7,11,240,109,11,1,2,30,20,3,41,2,0
1566,99,13,0,13.0,9,3834,2,7,11,234,114,10,1,2,30,20,2,41,2,0
1567,99,13,0,13.0,2,3836,2,7,11,233,115,10,1,2,30,20,2,41,2,0
1568,99,13,0,13.0,4,3840,2,7,11,230,114,14,1,2,29,21,2,41,2,1
1569,99,13,0,13.0,9,3849,2,7,11,223,117,18,1,2,28,21,2,42,2,0
1570,100,12,0,12.0,7,3856,2,7,11,219,117,22,1,2,28,22,2,42,2,0
1571,98,14,0,14.0,4,3860,2,7,11,215,119,24,1,2,27,22,3,40,2,0
1572,98,14,0,14.0,0,3860,2,7,11,212,121,25,1,2,27,22,3,40,2,0
1573,100,12,0,12.0,6,3866,2,7,11,206,124,28,1,2,26,23,4,41,2,0
1574,100,12,0,12.0,8,3874,2,0,18,204,125,29,0,3,26,23,4,41,2,0
1575,99,13,0,13.0,2,3876,4,0,18,203,123,30,0,3,26,22,3,42,2,0
1576,97,15,0,15.0,8,3884,4,0,18,200,123,33,0,3,25,22,3,41,2,0
1577,100,12,0,12.0,5,3889,4,0,18,196,123,37,0,3,25,22,4,43,2,0
1578,98,14,0,14.0,8,3897,4,0,18,192,125,39,0,3,24,22,4,42,2,0
1579,98,14,0,14.0,8,3905,5,0,18,187,128,40,0,3,24,23,5,40,2,0
1580,96,16,0,16.0,21,3926,7,0,18,183,123,47,0,3,23,23,5,39,2,0
1581,96,16,0,16.0,2,3928,9,0,18,180,124,47,0,3,23,22,5,40,2,0
1582,98,14,0,14.0,7,3935,1,9,18,176,123,51,1,3,22,23,5,41,2,0
1583,97,15,0,15.0,8,3943,2,9,7,183,122,55,1,1,23,22,6,41,2,0
1584,98,14,0,14.0,6,3949,3,9,7,180,121,58,1,1,23,22,7,41,2,0
1585,98,14,0,14.0,4,3953,3,9,7,176,123,60,1,1,22,22,7,42,2,0
1586,98,14,0,14.0,7,3960,7,9,7,170,127,58,1,1,22,23,7,41,2,0
1587,96,16,0,16.0,4,3964,11,9,7,167,127,57,1,1,21,23,7,40,2,0
1588,96,16,0,16.0,13,3977,15,9,7,164,126,57,1,1,21,22,7,40,2,0
1589,97,15,0,15.0,2,3979,3,23,7,159,124,62,2,1,20,23,7,41,2,1
1590,96,16,0,16.0,4,3983,4,23,7,157,120,67,2,1,20,22,6,42,2,0
1591,97,15,0,15.0,4,3987,7,23,7,155,122,64,2,1,20,22,7,42,2,0
1592,98,14,0,14.0,2,3989,8,23,7,149,124,67,2,1,19,22,8,43,2,0
1593,97,15,0,15.0,7,3996,11,23,7,145,127,65,2,1,19,22,7,43,2,0
1594,97,15,0,15.0,7,4003,14,23,7,138,129,67,2,1,18,23,7,43,2,0
1595,96,16,0,16.0,11,4014,18,23,7,133,130,67,2,1,17,23,7,42,2,0
1596,98,14,0,14.0,2,4016,6,37,7,132,129,67,3,1,17,24,8,42,2,2
1597,99,13,0,13.0,5,4021,8,37,7,128,131,67,3,1,16,25,8,43,2,0
1598,98,14,0,14.0,0,4021,17,37,7,124,132,61,3,1,16,24,7,43,2,0
1599,97,15,0,15.0,12,4033,19,37,7,122,132,61,3,1,16,24,7,42,2,0
1600,97,15,0,15.0,6,4039,24,37,7,119,130,61,3,1,15,24,7,43,2,0
1601,95,17,0,17.0,19,4058,29,37,7,117,126,62,3,1,15,23,5,43,2,0
1602,93,19,0,19.0,9,4067,33,28,16,116,126,59,2,2,15,22,5,42,2,0
1603,93,19,0,19.0,2,4069,7,56,16,112,127,60,4,2,14,23,6,42,1,2
1604,96,16,0,16.0,1,4070,9,56,9,115,123,66,4,2,15,23,7,43,1,0
1605,95,17,0,17.0,6,4076,12,56,9,110,124,67,4,2,14,23,7,43,1,0
1606,97,15,0,15.0,6,4082,16,56,9,107,123,67,4,2,14,22,8,44,1,0
1607,96,16,0,16.0,0,4082,23,56,9,102,125,63,4,2,13,23,7,44,1,0
1608,97,15,0,15.0,2,4084,29,56,9,101,120,63,4,2,13,22,7,45,1,0
1609,98,14,0,14.0,7,4091,29,42,23,97,122,65,3,3,13,22,7,45,2,0
1610,98,14,0,14.0,4,4095,5,70,23,90,128,62,5,3,12,23,7,46,1,2
1611,96,16,0,16.0,12,4107,6,70,23,87,128,64,5,3,11,23,8,44,1,0
1612,97,15,0,15.0,2,4109,11,70,23,82,129,63,5,3,11,24,7,45,1,0
1613,97,15,0,15.0,8,4117,15,70,23,78,129,63,5,3,10,24,7,45,1,0
1614,97,15,0,15.0,6,4123,17,70,23,77,125,66,5,3,10,23,7,46,1,0
1615,95,17,0,17.0,6,4129,19,70,23,70,128,68,5,3,9,23,7,45,1,0
1616,97,15,0,15.0,5,4134,22,56,37,67,128,68,4,5,9,23,7,46,1,0
1617,98,14,0,14.0,7,4141,2,78,37,65,126,70,6,5,9,22,8,46,1,2
1618,99,13,0,13.0,5,4146,7,78,37,62,127,67,6,5,8,24,7,47,1,0
1619,95,17,0,17.0,13,4159,13,78,37,61,125,64,6,5,8,22,7,45,1,0
1620,98,14,0,14.0,0,4159,14,78,37,59,123,67,6,5,8,23,8,46,1,0
1621,98,14,0,14.0,12,4171,17,78,37,55,121,70,6,5,7,23,8,46,1,0
1622,96,16,0,16.0,10,4181,25,78,37,51,122,65,6,5,7,23,6,46,1,0
1623,97,15,0,15.0,16,4197,29,50,65,51,119,64,4,9,7,22,6,45,1,0
1624,97,15,0,15.0,5,4202,5,78,65,47,118,65,6,9,6,22,6,46,1,2
1625,97,15,0,15.0,9,4211,8,78,65,44,119,64,6,9,6,22,6,46,1,0
1626,97,15,0,15.0,6,4217,14,78,65,44,117,60,6,9,6,23,6,45,1,0
1627,95,17,0,17.0,5,4222,16,78,65,43,112,64,6,9,6,20,5,46,1,0
1628,96,16,0,16.0,2,4224,17,78,65,40,111,67,6,9,5,21,6,46,1,0
1629,96,16,0,16.0,12,4236,20,78,65,39,105,71,6,9,5,19,7,47,1,0
1630,96,16,0,16.0,9,4245,24,50,93,38,101,72,4,12,5,19,7,46,1,0
1631,98,14,0,14.0,0,4245,4,74,93,37,101,69,6,12,5,19,7,47,1,2
1632,97,15,0,15.0,6,4251,9,74,84,46,97,68,6,11,6,18,7,47,1,0
1633,96,16,0,16.0,4,4255,13,74,84,46,93,68,6,11,6,17,6,48,1,0
1634,100,12,0,12.0,0,4255,16,74,84,44,93,67,6,11,6,19,7,48,1,0
1635,98,14,0,14.0,5,4260,20,74,84,43,91,66,6,11,6,17,6,49,1,0
1636,98,14,0,14.0,2,4262,22,74,84,43,89,66,6,11,6,18,6,48,1,0
1637,100,12,0,12.0,0,4262,25,52,106,42,89,64,4,14,6,17,7,49,1,0
1638,99,13,0,13.0,2,4264,4,77,106,42,85,64,6,14,6,17,6,48,1,2
1639,99,13,0,13.0,2,4266,10,77,92,53,83,63,6,12,7,16,7,49,1,0
1640,99,13,0,13.0,4,4270,13,77,92,53,78,65,6,12,7,15,7,50,1,0
1641,99,13,0,13.0,3,4273,16,77,92,53,75,65,6,12,7,14,7,50,1,0
1642,100,12,0,12.0,0,4273,21,77,92,53,70,65,6,12,7,14,7,51,1,0
1643,99,13,0,13.0,5,4278,23,77,92,53,69,64,6,12,7,13,7,51,1,0
1644,101,11,0,11.0,2,4280,25,49,120,50,68,66,4,15,7,14,7,51,1,0
1645,101,11,0,11.0,3,4283,6,74,120,50,61,67,6,15,7,12,7,52,1,2
1646,100,12,0,12.0,5,4288,10,74,106,59,59,70,6,14,8,12,6,52,1,0
1647,102,10,0,10.0,0,4288,17,74,106,59,54,68,6,14,8,11,7,53,1,0
1648,100,12,0,12.0,3,4291,22,74,106,59,50,67,6,14,8,9,7,53,1,0
1649,102,10,0,10.0,1,4292,23,74,106,59,49,67,6,14,8,10,7,54,1,0
1650,102,10,0,10.0,2,4294,27,74,106,59,42,70,6,14,8,9,7,55,1,0
1651,103,9,0,9.0,2,4296,31,50,130,59,39,69,4,17,8,8,7,55,1,0
1652,103,9,0,9.0,6,4302,5,78,130,58,38,69,6,17,8,9,7,54,1,2
1653,103,9,0,9.0,0,4302,8,78,102,85,35,70,6,13,11,8,8,55,1,0
1654,103,9,0,9.0,0,4302,10,78,102,83,36,69,6,13,11,8,8,55,1,0
1655,104,8,0,8.0,0,4302,11,78,102,83,34,70,6,13,11,8,8,56,1,0
1656,103,9,0,9.0,0,4302,15,78,102,82,31,70,6,13,11,6,8,56,1,0
1657,103,9,0,9.0,0,4302,20,78,102,82,27,69,6,13,11,6,7,57,1,0
1658,104,8,0,8.0,0,4302,25,53,127,82,27,64,4,16,11,6,7,57,1,0
1659,104,8,0,8.0,0,4302,3,78,127,82,23,65,6,16,11,5,7,57,1,2
1660,106,6,0,6.0,0,4302,8,78,99,106,20,67,6,13,14,5,8,58,1,0
1661,107,5,0,5.0,0,4302,9,78,99,105,21,66,6,13,14,6,8,58,1,0
1662,107,5,0,5.0,0,4302,13,78,99,105,20,63,6,13,14,5,8,59,1,0
1663,106,6,0,6.0,0,4302,20,78,99,104,18,59,6,13,13,5,7,59,1,0
1664,104,8,0,8.0,0,4302,27,78,99,103,18,53,6,13,13,4,6,59,1,0
1665,106,6,0,6.0,0,4302,32,53,124,103,17,49,4,16,13,4,6,59,1,0
1666,107,5,0,5.0,0,4302,8,81,124,103,16,46,6,16,13,4,6,60,1,2
1667,105,7,0,7.0,0,4302,9,81,102,119,17,50,6,13,15,4,5,60,1,0
1668,106,6,0,6.0,0,4302,16,81,102,118,18,43,6,13,15,4,5,60,1,0
1669,108,4,0,4.0,0,4302,19,81,102,117,17,42,6,13,15,5,6,60,1,0
1670,108,4,0,4.0,0,4302,21,81,102,117,16,41,6,13,15,4,6,61,1,0
1671,107,5,0,5.0,0,4302,25,81,102,117,16,37,6,13,15,4,5,61,1,0
1672,109,3,0,3.0,0,4302,26,53,130,117,15,37,4,17,15,4,5,61,1,0
1673,110,2,0,2.0,0,4302,2,79,130,117,15,35,6,17,15,4,5,61,1,2
1674,110,2,0,2.0,0,4302,6,79,102,144,14,33,6,13,18,4,6,61,1,0
1675,108,4,0,4.0,0,4302,10,79,102,144,14,29,6,13,18,4,4,61,1,0
1676,108,4,0,4.0,0,4302,10,79,102,144,14,29,6,13,18,4,4,61,1,0
1677,108,4,0,4.0,0,4302,14,79,102,144,14,25,6,13,18,4,4,61,1,0
1678,109,3,0,3.0,0,4302,21,79,102,143,15,18,6,13,18,5,3,61,1,0
1679,111,1,0,1.0,0,4302,21,54,127,141,14,21,4,16,18,4,4,62,1,0
1680,111,1,0,1.0,0,4302,1,75,127,141,14,20,6,16,18,4,3,62,1,2
1681,113,0,1,3.0,0,4302,4,75,103,163,13,20,6,13,21,4,5,62,1,0
1682,112,0,0,0.0,0,4302,5,75,103,163,13,19,6,13,21,4,4,62,1,0
1683,112,0,0,0.0,0,4302,6,75,103,162,14,18,6,13,21,4,4,62,1,0
1684,112,0,0,0.0,0,4302,7,75,103,162,14,17,6,13,21,4,4,62,1,0
1685,111,1,0,1.0,0,4302,12,75,103,162,14,12,6,13,21,4,3,62,1,0
1686,114,0,2,6.0,0,4302,12,47,131,161,15,12,4,17,21,5,3,62,1,0
1687,115,0,3,9.0,0,4302,14,47,131,161,14,11,4,17,21,4,4,63,1,2
1688,115,0,3,9.0,0,4302,15,47,106,180,15,15,4,14,23,4,4,63,1,0
1689,116,0,4,12.0,0,4302,15,47,106,178,15,17,4,14,23,4,5,63,1,0
1690,115,0,3,9.0,0,4302,16,47,106,177,16,16,4,14,23,4,4,63,1,0
1691,115,0,3,9.0,0,4302,16,47,106,177,15,17,4,14,23,4,4,63,1,0
1692,114,0,2,6.0,0,4302,18,47,106,177,15,15,4,14,23,4,3,63,1,0
1693,116,0,4,12.0,0,4302,18,21,132,177,15,15,2,17,23,4,3,63,2,0
1694,116,0,4,12.0,0,4302,18,21,132,177,15,15,2,17,23,4,3,63,2,1
1695,117,0,5,15.0,0,4302,18,21,107,197,16,19,2,14,25,5,4,63,2,0
1696,118,0,6,18.0,0,4302,18,21,107,197,15,20,2,14,25,4,5,64,2,0
1697,117,0,5,15.0,0,4302,21,21,107,196,16,17,2,14,25,4,4,64,2,0
1698,118,0,6,18.0,0,4302,21,21,107,196,15,18,2,14,25,4,5,64,2,0
1699,116,0,4,12.0,0,4302,24,21,107,195,15,16,2,14,25,4,3,64,2,0
1700,116,0,4,12.0,0,4302,24,0,128,195,15,16,0,16,25,4,3,64,2,0
1701,116,0,4,12.0,0,4302,24,0,128,195,15,16,0,16,25,4,3,64,2,0
1702,117,0,5,15.0,0,4302,24,0,100,220,14,20,0,13,28,4,4,64,2,0
1703,117,0,5,15.0,0,4302,24,0,100,220,13,21,0,13,28,4,4,64,2,0
1704,118,0,6,18.0,0,4302,24,0,100,220,12,22,0,13,28,3,5,65,2,0
1705,118,0,6,18.0,0,4302,25,0,100,219,13,21,0,13,28,4,4,65,2,0
1706,118,0,6,18.0,0,4302,30,0,100,217,15,16,0,13,28,4,3,65,2,0
1707,118,0,6,18.0,0,4302,32,0,100,217,15,14,0,13,28,4,3,65,2,0
1708,118,0,6,18.0,0,4302,32,0,100,217,15,14,0,13,28,4,3,65,2,0
1709,118,0,6,18.0,0,4302,33,0,75,236,15,19,0,10,30,4,4,65,2,0
1710,118,0,6,18.0,0,4302,33,0,75,236,15,19,0,10,30,4,4,65,2,0
1711,118,0,6,18.0,0,4302,33,0,75,236,15,19,0,10,30,4,4,65,2,0
1712,118,0,6,18.0,0,4302,33,0,75,236,15,19,0,10,30,4,4,65,2,0
1713,119,0,7,21.0,0,4302,37,0,75,236,14,16,0,10,30,4,4,66,2,0
1714,117,0,5,15.0,0,4302,38,0,75,236,12,17,0,10,30,3,3,66,2,0
1715,117,0,5,15.0,0,4302,38,0,75,236,12,17,0,10,30,3,3,66,2,0
1716,116,0,4,12.0,0,4302,39,0,47,256,12,24,0,6,32,3,4,66,2,0
1717,117,0,5,15.0,0,4302,40,0,47,255,13,23,0,6,32,4,4,66,2,0
1718,117,0,5,15.0,0,4302,40,0,47,255,12,24,0,6,32,4,4,66,2,0
1719,117,0,5,15.0,0,4302,40,0,47,254,13,24,0,6,32,4,4,66,2,0
1720,117,0,5,15.0,0,4302,44,0,47,254,13,20,0,6,32,4,3,66,2,0
1721,119,0,7,21.0,0,4302,45,0,47,253,13,20,0,6,32,4,4,67,2,0
1722,118,0,6,18.0,0,4302,46,0,47,253,13,19,0,6,32,4,3,67,2,0
1723,119,0,7,21.0,0,4302,46,0,21,274,12,25,0,3,35,4,4,67,2,0
1724,118,0,6,18.0,0,4302,46,0,21,274,10,27,0,3,35,3,4,67,2,0
1725,118,0,6,18.0,0,4302,46,0,21,274,9,28,0,3,35,3,4,67,2,0
1726,118,0,6,18.0,0,4302,46,0,21,274,9,28,0,3,35,3,4,67,2,0
1727,117,0,5,15.0,0,4302,52,0,21,274,9,22,0,3,35,3,3,67,2,0
1728,117,0,5,15.0,0,4302,52,0,21,274,9,22,0,3,35,3,3,67,2,0
1729,117,0,5,15.0,0,4302,52,0,21,274,9,22,0,3,35,3,3,67,2,0
1730,120,0,8,24.0,0,4302,52,0,0,292,9,25,0,0,37,4,5,68,2,0
1731,119,0,7,21.0,0,4302,53,0,0,292,9,24,0,0,37,4,4,68,2,0
1732,118,0,6,18.0,0,4302,55,0,0,291,9,23,0,0,37,3,4,68,2,0
1733,118,0,6,18.0,0,4302,55,0,0,291,9,23,0,0,37,3,4,68,2,0
1734,118,0,6,18.0,0,4302,63,0,0,291,8,16,0,0,37,3,3,68,2,0
1735,118,0,6,18.0,0,4302,63,0,0,291,8,16,0,0,37,3,3,68,2,0
1736,118,0,6,18.0,0,4302,64,0,0,289,10,15,0,0,37,3,3,68,2,0
1737,118,0,6,18.0,0,4302,64,0,0,289,10,15,0,0,37,3,3,68,2,0
1738,118,0,6,18.0,0,4302,64,0,0,289,10,15,0,0,37,3,3,68,2,0
1739,118,0,6,18.0,0,4302,65,0,0,289,10,14,0,0,37,3,3,68,2,0
1740,120,0,8,24.0,0,4302,65,0,0,289,9,15,0,0,37,3,4,69,2,0
1741,120,0,8,24.0,0,4302,71,0,0,288,8,11,0,0,36,3,4,69,2,0
1742,119,0,7,21.0,0,4302,73,0,0,287,9,9,0,0,36,3,3,69,2,0
1743,119,0,7,21.0,0,4302,74,0,0,287,9,8,0,0,36,3,3,69,2,0
1744,119,0,7,21.0,0,4302,74,0,0,286,10,8,0,0,36,3,3,69,2,0
1745,119,0,7,21.0,0,4302,74,0,0,285,11,8,0,0,36,3,3,69,2,0
1746,119,0,7,21.0,0,4302,74,0,0,284,12,8,0,0,36,3,3,69,2,0
1747,119,0,7,21.0,0,4302,74,0,0,284,12,8,0,0,36,3,3,69,2,0
1748,119,0,7,21.0,0,4302,77,0,0,282,14,5,0,0,36,4,2,69,2,0
1749,119,0,7,21.0,0,4302,77,0,0,278,18,5,0,0,35,5,2,69,2,0
1750,118,0,6,18.0,0,4302,78,0,0,278,18,4,0,0,35,5,1,69,2,0
1751,119,0,7,21.0,0,4302,78,0,0,273,23,4,0,0,35,6,1,69,2,0
1752,120,0,8,24.0,0,4302,79,0,0,270,25,4,0,0,34,6,2,70,2,0
1753,121,0,9,27.0,0,4302,79,0,0,266,29,4,0,0,34,7,2,70,2,0
1754,120,0,8,24.0,0,4302,79,0,0,264,30,5,0,0,33,7,2,70,2,0
1755,121,0,9,27.0,0,4302,79,0,0,262,32,5,0,0,33,8,2,70,2,0
1756,120,0,8,24.0,0,4302,79,0,0,261,32,6,0,0,33,7,2,70,2,0
1757,120,0,8,24.0,0,4302,79,0,0,255,38,6,0,0,32,8,2,70,2,0
1758,121,0,9,27.0,0,4302,80,0,0,249,44,5,0,0,32,9,2,70,2,0
1759,120,0,8,24.0,0,4302,82,0,0,246,47,3,0,0,31,10,1,70,2,0
1760,120,0,8,24.0,0,4302,82,0,0,244,49,3,0,0,31,10,1,70,2,0
1761,120,0,8,24.0,0,4302,82,0,0,240,53,3,0,0,30,11,1,70,2,0
1762,120,0,8,24.0,0,4302,82,0,0,237,56,3,0,0,30,11,1,70,2,0
1763,121,0,9,27.0,0,4302,82,0,0,233,60,3,0,0,30,12,1,70,2,0
1764,121,0,9,27.0,0,4302,82,0,0,230,63,3,0,0,29,13,1,70,2,0
1765,124,0,12,36.0,0,4302,82,0,0,228,64,4,0,0,29,14,2,71,2,0
1766,123,0,11,33.0,0,4302,82,0,0,224,68,4,0,0,28,14,2,71,2,0
1767,123,0,11,33.0,0,4302,82,0,0,221,70,5,0,0,28,14,2,71,2,0
1768,124,0,12,36.0,0,4302,82,0,0,217,74,5,0,0,28,15,2,71,2,0
1769,124,0,12,36.0,0,4302,82,0,0,214,77,5,0,0,27,16,2,71,2,0
1770,124,0,12,36.0,0,4302,83,0,0,211,80,4,0,0,27,16,2,71,2,0
1771,124,0,12,36.0,0,4302,83,0,0,210,79,6,0,0,27,16,2,71,2,0
1772,123,0,11,33.0,0,4302,84,0,0,208,81,5,0,0,26,16,2,71,2,0
1773,124,0,12,36.0,0,4302,84,0,0,206,83,5,0,0,26,17,2,71,2,0
1774,125,0,13,39.0,0,4302,85,0,0,201,88,4,0,0,26,18,1,71,2,0
1775,124,0,12,36.0,0,4302,85,0,0,198,91,4,0,0,25,18,1,71,2,0
1776,126,0,14,42.0,0,4302,85,0,0,194,94,5,0,0,25,18,2,72,2,0
1777,123,0,11,33.0,4,4306,85,0,0,193,94,6,0,0,25,18,2,69,2,0
1778,123,0,11,33.0,0,4306,85,0,0,190,97,6,0,0,24,19,2,69,2,0
1779,122,0,10,30.0,0,4306,85,0,0,188,98,7,0,0,24,18,2,69,2,0
1780,124,0,12,36.0,0,4306,85,0,0,185,100,8,0,0,24,20,2,69,2,0
1781,125,0,13,39.0,3,4309,85,0,0,181,103,9,0,0,23,19,2,72,2,0
1782,122,0,10,30.0,3,4312,85,0,0,178,106,9,0,0,23,19,2,69,2,0
1783,121,0,9,27.0,4,4316,86,0,0,175,107,10,0,0,22,20,2,68,2,0
1784,124,0,12,36.0,2,4318,86,0,0,173,105,14,0,0,22,19,3,71,2,0
1785,122,0,10,30.0,2,4320,87,0,0,171,107,13,0,0,22,20,2,69,2,0
1786,123,0,11,33.0,2,4322,87,0,0,166,107,18,0,0,21,20,2,71,2,0
1787,124,0,12,36.0,0,4322,87,0,0,166,104,21,0,0,21,20,3,71,2,0
1788,123,0,11,33.0,9,4331,87,0,0,164,102,25,0,0,21,20,3,70,2,0
1789,124,0,12,36.0,7,4338,89,0,0,161,103,25,0,0,21,19,3,72,2,0
1790,120,0,8,24.0,9,4347,89,0,0,156,106,27,0,0,20,19,3,69,2,0
1791,121,0,9,27.0,4,4351,89,0,0,154,107,28,0,0,20,20,3,69,2,0
1792,125,0,13,39.0,3,4354,89,0,0,153,102,34,0,0,20,20,4,72,2,0
1793,121,0,9,27.0,7,4361,89,0,0,151,98,40,0,0,19,18,4,71,2,0
1794,123,0,11,33.0,2,4363,90,0,0,148,98,42,0,0,19,18,5,72,2,0
1795,122,0,10,30.0,7,4370,91,0,0,147,97,43,0,0,19,18,4,72,2,0
1796,121,0,9,27.0,7,4377,91,0,0,142,98,47,0,0,18,19,4,71,2,0
1797,124,0,12,36.0,8,4385,92,0,0,137,100,49,0,0,18,19,5,73,2,0
1798,122,0,10,30.0,3,4388,93,0,0,133,100,52,0,0,17,19,5,72,2,0
1799,121,0,9,27.0,4,4392,94,0,0,130,100,54,0,0,17,18,6,71,2,0
1800,123,0,11,33.0,18,4410,94,0,0,126,102,56,0,0,16,19,6,73,2,0
1801,120,0,8,24.0,6,4416,96,0,0,123,101,58,0,0,16,18,6,71,2,0
1802,120,0,8,24.0,14,4430,100,0,0,118,103,57,0,0,15,18,6,71,2,0
1803,121,0,9,27.0,6,4436,100,0,0,115,102,61,0,0,15,19,6,71,2,0
1804,119,0,7,21.0,9,4445,105,0,0,113,101,59,0,0,15,19,5,70,2,0
1805,120,0,8,24.0,3,4448,108,0,0,109,102,59,0,0,14,19,5,72,2,0
1806,118,0,6,18.0,4,4452,112,0,0,104,106,56,0,0,13,20,5,70,2,0
1807,119,0,7,21.0,8,4460,114,0,0,99,109,56,0,0,13,20,5,70,2,0
1808,122,0,10,30.0,8,4468,116,0,0,99,107,56,0,0,13,20,6,72,2,0
1809,120,0,8,24.0,14,4482,117,0,0,97,104,60,0,0,13,19,6,71,2,0
1810,117,0,5,15.0,13,4495,123,0,0,94,104,57,0,0,12,19,5,70,2,0
1811,120,0,8,24.0,0,4495,129,0,0,90,104,55,0,0,12,20,5,71,2,0
1812,118,0,6,18.0,9,4504,132,0,0,84,109,53,0,0,11,21,5,69,2,0
1813,119,0,7,21.0,2,4506,134,0,0,80,110,54,0,0,10,21,5,71,2,0
1814,119,0,7,21.0,11,4517,138,0,0,76,112,52,0,0,10,22,5,70,2,0
1815,117,0,5,15.0,8,4525,141,0,0,76,109,52,0,0,10,20,5,69,2,0
1816,118,0,6,18.0,4,4529,145,0,0,74,107,52,0,0,10,19,5,71,2,0
1817,118,0,6,18.0,4,4533,148,0,0,73,105,52,0,0,10,19,5,71,2,0
1818,117,0,5,15.0,6,4539,150,0,0,69,106,53,0,0,9,20,5,70,2,0
1819,118,0,6,18.0,4,4543,154,0,0,66,107,51,0,0,9,21,5,70,2,0
1820,116,0,4,12.0,11,4554,157,0,0,62,109,50,0,0,8,20,5,69,2,0
1821,117,0,5,15.0,14,4568,161,0,0,60,106,51,0,0,8,20,5,70,2,0
1822,117,0,5,15.0,2,4570,164,0,0,59,107,48,0,0,8,21,5,69,2,0
1823,115,0,3,9.0,5,4575,167,0,0,53,111,47,0,0,7,20,5,69,2,0
1824,116,0,4,12.0,16,4591,168,0,0,49,112,49,0,0,7,20,5,70,2,0
1825,115,0,3,9.0,8,4599,170,0,0,48,108,52,0,0,6,19,5,70,2,0
1826,116,0,4,12.0,8,4607,172,0,0,45,109,52,0,0,6,21,5,69,2,0
1827,116,0,4,12.0,8,4615,177,0,0,41,112,48,0,0,6,22,5,68,2,0
1828,112,0,0,0.0,12,4627,180,0,0,37,114,47,0,0,5,21,5,66,2,0
1829,115,0,3,9.0,5,4632,184,0,0,34,114,46,0,0,5,20,5,69,2,0
1830,115,0,3,9.0,2,4634,185,0,0,31,116,46,0,0,4,22,5,68,2,0
1831,114,0,2,6.0,6,4640,188,0,0,28,114,48,0,0,4,21,5,68,2,0
1832,114,0,2,6.0,8,4648,190,0,0,23,114,51,0,0,3,21,5,69,2,0
1833,113,0,1,3.0,8,4656,193,0,0,22,111,52,0,0,3,20,5,69,2,0
1834,115,0,3,9.0,10,4666,183,14,0,20,110,51,1,0,3,22,5,68,2,0
1835,114,0,2,6.0,9,4675,186,14,0,18,108,52,1,0,3,21,5,68,2,0
1836,112,0,0,0.0,5,4680,189,14,0,15,108,52,1,0,2,21,5,67,2,0
1837,112,0,0,0.0,10,4690,191,14,0,15,103,55,1,0,2,19,5,69,2,0
1838,112,0,0,0.0,4,4694,193,14,0,15,100,56,1,0,2,19,5,69,2,0
1839,113,0,1,3.0,8,4702,198,14,0,12,101,53,1,0,2,19,6,68,2,0
1840,114,0,2,6.0,8,4710,198,14,0,11,98,57,1,0,2,19,6,69,2,0
1841,112,0,0,0.0,11,4721,200,14,0,7,97,60,1,0,1,18,6,69,2,1
1842,112,0,0,0.0,6,4727,203,14,0,4,95,62,1,0,1,19,5,69,2,0
1843,112,0,0,0.0,7,4734,208,14,0,3,96,57,1,0,1,19,6,68,2,0
1844,110,2,0,2.0,10,4744,210,14,0,2,95,57,1,0,1,18,6,67,2,0
1845,111,1,0,1.0,4,4748,211,14,0,1,93,59,1,0,1,18,5,68,2,0
1846,109,3,0,3.0,4,4752,213,14,0,0,90,61,1,0,0,17,5,68,2,0
1847,108,4,0,4.0,14,4766,216,14,0,0,84,64,1,0,0,16,6,67,2,0
1848,109,3,0,3.0,11,4777,189,42,0,0,80,67,3,0,0,16,6,68,2,1
1849,107,5,0,5.0,16,4793,194,42,0,0,76,66,3,0,0,14,7,67,2,0
1850,106,6,0,6.0,12,4805,199,42,0,0,76,61,3,0,0,14,6,66,2,0
1851,105,7,0,7.0,3,4808,203,42,0,0,74,59,3,0,0,14,6,65,2,0
1852,105,7,0,7.0,9,4817,206,42,0,0,73,57,3,0,0,15,6,64,2,0
1853,104,8,0,8.0,9,4826,210,42,0,0,69,57,3,0,0,13,5,66,2,0
1854,105,7,0,7.0,4,4830,213,28,14,0,66,57,2,2,0,13,5,65,2,0
1855,104,8,0,8.0,6,4836,190,56,14,0,62,56,4,2,0,12,5,66,1,1
1856,105,7,0,7.0,5,4841,193,56,14,0,60,55,4,2,0,12,5,67,1,0
1857,104,8,0,8.0,3,4844,195,56,14,0,59,54,4,2,0,11,6,66,1,0
1858,104,8,0,8.0,9,4853,199,56,14,0,53,56,4,2,0,10,6,66,1,0
1859,101,11,0,11.0,5,4858,204,56,14,0,49,55,4,2,0,9,5,65,1,0
1860,102,10,0,10.0,13,4871,209,56,14,0,48,51,4,2,0,10,5,65,1,0
1861,102,10,0,10.0,7,4878,209,56,14,0,45,54,4,2,0,9,5,66,1,0
1862,101,11,0,11.0,11,4889,183,84,14,0,41,56,6,2,0,8,5,65,1,2
1863,101,11,0,11.0,2,4891,186,84,14,0,37,57,6,2,0,7,5,66,1,0
1864,101,11,0,11.0,7,4898,190,84,14,0,34,56,6,2,0,7,5,66,1,0
1865,99,13,0,13.0,14,4912,196,84,14,0,31,53,6,2,0,6,5,65,1,0
1866,99,13,0,13.0,8,4920,200,84,14,0,28,52,6,2,0,5,5,65,1,0
1867,97,15,0,15.0,11,4931,204,84,14,0,23,53,6,2,0,4,5,64,1,0
1868,100,12,0,12.0,8,4939,204,56,42,0,22,54,4,6,0,5,5,64,1,0
1869,100,12,0,12.0,2,4941,178,84,42,0,20,54,6,6,0,4,5,65,1,2
1870,98,14,0,14.0,16,4957,179,84,42,0,18,55,6,6,0,4,5,63,1,0
1871,99,13,0,13.0,6,4963,183,84,42,0,15,54,6,6,0,3,5,64,1,0
1872,99,13,0,13.0,5,4968,186,84,42,0,15,51,6,6,0,3,5,64,1,0
1873,97,15,0,15.0,9,4977,190,84,42,0,15,47,6,6,0,3,4,63,1,0
1874,97,15,0,15.0,2,4979,192,84,42,0,12,48,6,6,0,2,5,63,1,0
1875,97,15,0,15.0,4,4983,193,56,70,0,11,48,4,9,0,2,5,62,1,0
1876,99,13,0,13.0,7,4990,171,84,70,0,7,46,6,9,0,2,5,63,1,2
1877,97,15,0,15.0,8,4998,175,84,70,0,4,45,6,9,0,1,4,63,1,0
1878,99,13,0,13.0,0,4998,176,84,70,0,3,45,6,9,0,1,5,64,1,0
1879,98,14,0,14.0,8,5006,179,84,70,0,2,43,6,9,0,1,5,63,1,0
1880,99,13,0,13.0,7,5013,183,84,70,0,1,40,6,9,0,1,5,63,1,0
1881,97,15,0,15.0,0,5013,187,84,70,0,0,37,6,9,0,0,4,63,1,0
1882,98,14,0,14.0,2,5015,190,56,98,0,0,34,4,13,0,0,4,62,1,0
1883,97,15,0,15.0,7,5022,165,84,98,0,0,31,6,13,0,0,4,61,1,2
1884,97,15,0,15.0,2,5024,168,84,84,13,0,29,6,11,2,0,4,61,1,0
1885,97,15,0,15.0,2,5026,173,84,84,13,0,24,6,11,2,0,3,61,1,0
1886,98,14,0,14.0,3,5029,174,84,84,13,0,23,6,11,2,0,4,61,1,0
1887,98,14,0,14.0,0,5029,176,84,84,13,0,21,6,11,2,0,4,61,1,0
1888,98,14,0,14.0,0,5029,178,84,84,13,0,19,6,11,2,0,4,61,1,0
1889,98,14,0,14.0,4,5033,181,56,112,13,0,16,4,14,2,0,3,61,1,0
1890,97,15,0,15.0,2,5035,153,84,112,13,0,16,6,14,2,0,3,60,1,2
1891,97,15,0,15.0,0,5035,153,84,112,13,0,16,6,14,2,0,3,60,1,0
1892,97,15,0,15.0,2,5037,156,84,112,13,0,13,6,14,2,0,2,60,1,0
1893,97,15,0,15.0,0,5037,157,84,112,13,0,12,6,14,2,0,2,60,1,0
1894,97,15,0,15.0,2,5039,161,84,112,13,0,8,6,14,2,0,2,60,1,0
1895,97,15,0,15.0,0,5039,164,84,112,13,0,5,6,14,2,0,2,60,1,0
1896,99,13,0,13.0,0,5039,165,56,140,13,0,4,4,18,2,0,2,60,1,0
1897,99,13,0,13.0,0,5039,138,84,140,13,0,3,6,18,2,0,2,60,1,2
1898,99,13,0,13.0,0,5039,139,84,112,35,0,8,6,14,5,0,3,60,1,0
1899,97,15,0,15.0,6,5045,140,84,112,35,0,7,6,14,5,0,2,59,1,0
1900,97,15,0,15.0,0,5045,140,84,112,35,0,7,6,14,5,0,2,59,1,0
1901,97,15,0,15.0,2,5047,140,84,112,35,0,7,6,14,5,0,2,59,1,0
1902,97,15,0,15.0,0,5047,141,84,112,35,0,6,6,14,5,0,1,59,1,0
1903,99,13,0,13.0,0,5047,141,56,140,35,0,6,4,18,5,0,1,59,1,0
1904,99,13,0,13.0,0,5047,113,84,140,35,0,6,6,18,5,0,1,59,1,2
1905,98,14,0,14.0,0,5047,113,84,112,57,0,12,6,14,8,0,1,59,1,0
1906,98,14,0,14.0,0,5047,113,84,112,57,0,12,6,14,8,0,1,59,1,0
1907,97,15,0,15.0,2,5049,113,84,112,57,0,12,6,14,8,0,1,58,1,0
1908,97,15,0,15.0,0,5049,113,84,112,57,0,12,6,14,8,0,1,58,1,0
1909,97,15,0,15.0,4,5053,113,84,112,57,0,12,6,14,8,0,1,58,1,0
1910,99,13,0,13.0,0,5053,113,56,140,57,0,12,4,18,8,0,1,58,1,0
1911,99,13,0,13.0,2,5055,85,84,140,57,0,12,6,18,8,0,1,58,1,2
1912,98,14,0,14.0,0,5055,85,84,112,80,0,17,6,14,10,0,2,58,1,0
1913,98,14,0,14.0,0,5055,85,84,112,80,0,17,6,14,10,0,2,58,1,0
1914,98,14,0,14.0,0,5055,85,84,112,80,0,17,6,14,10,0,2,58,1,0
1915,98,14,0,14.0,0,5055,85,84,112,80,0,17,6,14,10,0,2,58,1,0
1916,96,16,0,16.0,2,5057,91,84,112,80,0,11,6,14,10,0,1,57,1,0
1917,98,14,0,14.0,0,5057,91,56,140,80,0,11,4,18,10,0,1,57,1,0
1918,98,14,0,14.0,1,5058,63,84,140,80,0,11,6,18,10,0,1,57,1,2
1919,98,14,0,14.0,3,5061,63,84,112,104,0,15,6,14,13,0,2,57,1,0
1920,98,14,0,14.0,0,5061,63,84,112,104,0,15,6,14,13,0,2,57,1,0
1921,98,14,0,14.0,0,5061,63,84,112,104,0,15,6,14,13,0,2,57,1,0
1922,98,14,0,14.0,2,5063,63,84,112,104,0,15,6,14,13,0,2,57,1,0
1923,97,15,0,15.0,2,5065,69,84,112,104,0,9,6,14,13,0,1,57,1,0
1924,98,14,0,14.0,3,5068,69,56,140,104,0,9,4,18,13,0,1,56,1,0
1925,98,14,0,14.0,0,5068,41,84,140,104,0,9,6,18,13,0,1,56,1,2
1926,99,13,0,13.0,0,5068,41,84,112,129,0,12,6,14,17,0,2,56,1,0
1927,99,13,0,13.0,0,5068,41,84,112,129,0,12,6,14,17,0,2,56,1,0
1928,99,13,0,13.0,0,5068,41,84,112,129,0,12,6,14,17,0,2,56,1,0
1929,99,13,0,13.0,0,5068,41,84,112,129,0,12,6,14,17,0,2,56,1,0
1930,99,13,0,13.0,0,5068,46,84,112,129,0,7,6,14,17,0,1,56,1,0
1931,101,11,0,11.0,0,5068,46,56,140,129,0,7,4,18,17,0,1,56,1,0
1932,101,11,0,11.0,0,5068,18,84,140,129,0,7,6,18,17,0,1,56,1,2
1933,100,12,0,12.0,2,5070,18,84,112,150,0,14,6,14,19,0,2,56,1,0
1934,99,13,0,13.0,6,5076,18,84,112,150,0,14,6,14,19,0,2,55,1,0
1935,99,13,0,13.0,0,5076,18,84,112,150,0,14,6,14,19,0,2,55,1,0
1936,99,13,0,13.0,0,5076,18,84,112,150,0,14,6,14,19,0,2,55,1,0
1937,98,14,0,14.0,0,5076,22,84,112,150,0,10,6,14,19,0,1,55,1,0
1938,100,12,0,12.0,3,5079,22,56,140,150,0,10,4,18,19,0,1,55,1,0
1939,100,12,0,12.0,0,5079,0,78,140,150,0,10,6,18,19,0,1,55,1,2
1940,100,12,0,12.0,0,5079,0,78,112,176,0,12,6,14,22,0,2,55,1,0
1941,100,12,0,12.0,2,5081,0,78,112,176,0,12,6,14,22,0,2,55,1,0
1942,100,12,0,12.0,0,5081,0,78,112,176,0,12,6,14,22,0,2,55,1,0
1943,100,12,0,12.0,2,5083,0,78,112,176,0,12,6,14,22,0,2,55,1,0
1944,99,13,0,13.0,5,5088,3,78,112,176,0,9,6,14,22,0,1,54,1,0
1945,101,11,0,11.0,2,5090,3,50,140,176,0,9,4,18,22,0,1,54,1,0
1946,101,11,0,11.0,0,5090,3,50,140,176,0,9,4,18,22,0,1,54,1,2
1947,101,11,0,11.0,0,5090,3,50,112,199,0,14,4,14,25,0,2,54,1,0
1948,101,11,0,11.0,0,5090,3,50,112,199,0,14,4,14,25,0,2,54,1,0
1949,101,11,0,11.0,0,5090,3,50,112,199,0,14,4,14,25,0,2,54,1,0
1950,101,11,0,11.0,2,5092,3,50,112,199,0,14,4,14,25,0,2,54,1,0
1951,100,12,0,12.0,0,5092,10,50,112,199,0,7,4,14,25,0,1,54,1,0
1952,102,10,0,10.0,2,5094,10,22,140,199,0,7,2,18,25,0,1,53,2,0
1953,102,10,0,10.0,0,5094,0,32,140,199,0,7,3,18,25,0,1,53,2,1
1954,102,10,0,10.0,3,5097,0,32,112,222,0,12,3,14,28,0,2,53,2,0
1955,102,10,0,10.0,0,5097,0,32,112,222,0,12,3,14,28,0,2,53,2,0
1956,102,10,0,10.0,0,5097,0,32,112,222,0,12,3,14,28,0,2,53,2,0
1957,102,10,0,10.0,0,5097,0,32,112,222,0,12,3,14,28,0,2,53,2,0
1958,102,10,0,10.0,0,5097,2,32,112,222,0,10,3,14,28,0,1,53,2,0
1959,103,9,0,9.0,0,5097,2,10,134,222,0,10,1,17,28,0,1,53,2,0
1960,103,9,0,9.0,2,5099,2,10,134,222,0,10,1,17,28,0,1,53,2,1
1961,103,9,0,9.0,4,5103,2,10,106,246,0,14,1,14,31,0,2,52,2,0
1962,103,9,0,9.0,0,5103,2,10,106,246,0,14,1,14,31,0,2,52,2,0
1963,103,9,0,9.0,0,5103,2,10,106,246,0,14,1,14,31,0,2,52,2,0
1964,103,9,0,9.0,0,5103,2,10,106,246,0,14,1,14,31,0,2,52,2,0
1965,102,10,0,10.0,0,5103,7,10,106,246,0,9,1,14,31,0,1,52,2,0
1966,102,10,0,10.0,0,5103,7,10,106,246,0,9,1,14,31,0,1,52,2,0
1967,102,10,0,10.0,0,5103,0,17,106,246,0,9,2,14,31,0,1,52,2,1
1968,102,10,0,10.0,0,5103,0,17,78,271,0,12,2,10,34,0,2,52,2,0
1969,102,10,0,10.0,0,5103,0,17,78,271,0,12,2,10,34,0,2,52,2,0
1970,102,10,0,10.0,0,5103,0,17,78,271,0,12,2,10,34,0,2,52,2,0
1971,102,10,0,10.0,0,5103,0,17,78,271,0,12,2,10,34,0,2,52,2,0
1972,102,10,0,10.0,2,5105,5,17,78,271,0,7,2,10,34,0,1,52,2,0
1973,102,10,0,10.0,0,5105,5,7,88,271,0,7,1,11,34,0,1,52,2,0
1974,102,10,0,10.0,2,5107,5,7,88,271,0,7,1,11,34,0,1,52,2,1
1975,103,9,0,9.0,0,5107,5,7,60,294,0,12,1,8,37,0,2,52,2,0
1976,102,10,0,10.0,2,5109,5,7,60,294,0,12,1,8,37,0,2,51,2,0
1977,102,10,0,10.0,0,5109,5,7,60,294,0,12,1,8,37,0,2,51,2,0
1978,102,10,0,10.0,0,5109,5,7,60,294,0,12,1,8,37,0,2,51,2,0
1979,101,11,0,11.0,0,5109,9,7,60,294,0,8,1,8,37,0,1,51,2,0
1980,101,11,0,11.0,0,5109,9,7,60,294,0,8,1,8,37,0,1,51,2,0
1981,101,11,0,11.0,0,5109,0,16,60,294,0,8,2,8,37,0,1,51,2,1
1982,102,10,0,10.0,0,5109,0,16,32,317,2,11,2,4,40,1,2,51,2,0
1983,102,10,0,10.0,0,5109,0,16,32,317,2,11,2,4,40,1,2,51,2,0
1984,102,10,0,10.0,0,5109,0,16,32,316,3,11,2,4,40,1,2,51,2,0
1985,102,10,0,10.0,2,5111,0,16,32,316,3,11,2,4,40,1,2,51,2,0
1986,102,10,0,10.0,0,5111,3,16,32,316,3,8,2,4,40,1,1,51,2,0
1987,100,12,0,12.0,2,5113,3,9,39,315,4,8,1,5,40,1,1,49,2,0
1988,100,12,0,12.0,0,5113,3,9,39,315,4,8,1,5,40,1,1,49,2,1
1989,101,11,0,11.0,0,5113,3,9,17,330,6,13,1,3,42,1,2,49,2,0
1990,102,10,0,10.0,0,5113,3,9,17,329,7,13,1,3,42,2,2,49,2,0
1991,102,10,0,10.0,4,5117,3,9,17,327,9,13,1,3,41,2,2,50,2,0
1992,102,10,0,10.0,0,5117,3,9,17,327,9,13,1,3,41,2,2,50,2,0
1993,101,11,0,11.0,0,5117,8,9,17,326,10,8,1,3,41,2,1,50,2,0
1994,101,11,0,11.0,0,5117,8,9,17,326,10,8,1,3,41,2,1,50,2,0
1995,101,11,0,11.0,0,5117,0,17,17,324,12,8,2,3,41,2,1,50,2,1
1996,101,11,0,11.0,2,5119,0,17,17,323,13,8,2,3,41,3,1,49,2,0
1997,100,12,0,12.0,2,5121,0,17,17,322,14,8,2,3,41,3,1,48,2,0
1998,101,11,0,11.0,0,5121,0,17,17,321,15,8,2,3,41,4,1,48,2,0
1999,100,12,0,12.0,2,5123,0,17,17,319,17,8,2,3,40,4,1,48,2,0
2000,100,12,0,12.0,2,5125,3,17,17,319,17,5,2,3,40,4,1,47,2,0
2001,102,10,0,10.0,2,5127,3,8,26,316,20,5,1,4,40,4,1,49,2,0
2002,102,10,0,10.0,0,5127,3,8,26,316,20,5,1,4,40,4,1,49,2,1
2003,102,10,0,10.0,4,5131,3,8,16,323,23,5,1,2,41,5,1,49,2,0
2004,100,12,0,12.0,9,5140,3,8,16,323,23,5,1,2,41,5,1,47,2,0
2005,100,12,0,12.0,0,5140,3,8,16,321,25,5,1,2,41,5,1,47,2,0
2006,98,14,0,14.0,10,5150,3,8,16,317,29,5,1,2,40,6,1,45,2,0
2007,97,15,0,15.0,7,5157,8,8,16,315,31,0,1,2,40,6,0,45,2,0
2008,96,16,0,16.0,8,5165,8,8,16,312,34,0,1,2,39,7,0,44,2,0
2009,97,15,0,15.0,3,5168,0,16,16,310,36,0,2,2,39,7,0,45,2,1
2010,97,15,0,15.0,4,5172,0,16,16,309,37,0,2,2,39,7,0,45,2,0
2011,97,15,0,15.0,2,5174,0,16,16,304,42,0,2,2,38,8,0,45,2,0
2012,96,16,0,16.0,13,5187,0,16,16,302,44,0,2,2,38,9,0,43,2,0
2013,95,17,0,17.0,13,5200,0,16,16,300,46,0,2,2,38,9,0,42,2,0
2014,95,17,0,17.0,6,5206,0,16,16,298,48,0,2,2,38,10,0,41,2,0
2015,94,18,0,18.0,4,5210,0,8,24,294,52,0,1,3,37,10,0,41,2,0
2016,94,18,0,18.0,8,5218,0,8,24,290,56,0,1,3,37,11,0,40,2,1
2017,97,15,0,15.0,7,5225,0,8,17,294,57,2,1,3,37,12,1,41,2,0
2018,97,15,0,15.0,8,5233,0,8,17,294,57,2,1,3,37,12,1,41,2,0
2019,97,15,0,15.0,7,5240,0,8,17,290,60,3,1,3,37,12,1,41,2,0
2020,95,17,0,17.0,4,5244,0,8,17,283,67,3,1,3,36,13,1,39,2,0
2021,95,17,0,17.0,7,5251,0,8,17,280,70,3,1,3,35,14,1,39,2,0
2022,95,17,0,17.0,8,5259,0,8,17,276,73,4,1,3,35,15,1,38,2,0
2023,93,19,0,19.0,8,5267,0,8,17,271,78,4,1,3,34,15,1,37,2,1
2024,94,18,0,18.0,6,5273,0,8,17,267,80,6,1,3,34,16,1,37,2,0
2025,96,16,0,16.0,7,5280,0,8,17,263,83,7,1,3,33,17,2,38,2,0
2026,95,17,0,17.0,2,5282,0,8,17,259,85,9,1,3,33,16,2,38,2,0
2027,95,17,0,17.0,4,5286,0,8,17,257,87,9,1,3,33,16,2,38,2,0
2028,93,19,0,19.0,4,5290,0,8,17,250,93,10,1,3,32,17,2,36,2,0
2029,93,19,0,19.0,11,5301,0,0,25,246,97,10,0,4,31,18,2,36,2,0
2030,93,19,0,19.0,7,5308,0,0,25,243,98,12,0,4,31,19,2,35,2,0
2031,92,20,0,20.0,9,5317,0,0,16,248,100,14,0,2,31,19,3,35,2,0
2032,92,20,0,20.0,2,5319,0,0,16,245,102,15,0,2,31,19,3,35,2,0
2033,94,18,0,18.0,6,5325,0,0,16,240,106,16,0,2,30,20,4,36,2,0
2034,93,19,0,19.0,4,5329,0,0,16,237,107,18,0,2,30,19,4,36,2,0
2035,93,19,0,19.0,7,5336,2,0,16,237,107,16,0,2,30,19,3,36,2,0
2036,92,20,0,20.0,8,5344,2,0,16,234,107,19,0,2,30,19,4,34,2,0
2037,91,21,0,21.0,8,5352,3,0,16,230,111,18,0,2,29,20,3,34,2,0
2038,93,19,0,19.0,6,5358,3,0,16,227,111,21,0,2,29,21,4,34,2,0
2039,91,21,0,21.0,4,5362,3,0,16,223,115,21,0,2,28,21,4,33,2,0
2040,91,21,0,21.0,4,5366,4,0,16,221,115,22,0,2,28,21,4,33,2,0
2041,91,21,0,21.0,10,5376,4,0,16,215,117,26,0,2,27,21,4,34,2,0
2042,92,20,0,20.0,0,5376,6,0,16,213,117,26,0,2,27,22,4,34,2,0
2043,91,21,0,21.0,3,5379,7,0,16,213,114,28,0,2,27,20,4,35,2,0
2044,92,20,0,20.0,7,5386,2,7,16,211,114,28,1,2,27,20,5,34,2,0
2045,91,21,0,21.0,11,5397,2,7,8,214,117,30,1,1,27,20,6,33,2,0
2046,92,20,0,20.0,4,5401,3,7,8,210,116,34,1,1,27,21,6,33,2,0
2047,92,20,0,20.0,2,5403,3,7,8,205,119,36,1,1,26,22,6,33,2,0
2048,93,19,0,19.0,3,5406,5,7,8,201,121,36,1,1,26,22,6,34,2,0
2049,91,21,0,21.0,7,5413,7,7,8,198,122,36,1,1,25,21,5,35,2,0
2050,93,19,0,19.0,2,5415,8,7,8,193,123,39,1,1,25,23,5,35,2,0
2051,91,21,0,21.0,11,5426,1,15,8,190,122,42,2,1,24,21,5,35,2,1
2052,92,20,0,20.0,11,5437,3,15,8,188,121,43,2,1,24,21,6,35,2,0
2053,91,21,0,21.0,9,5446,3,15,8,187,122,43,2,1,24,21,6,34,2,0
2054,90,22,0,22.0,7,5453,6,15,8,186,119,44,2,1,24,21,6,33,2,0
2055,89,23,0,23.0,9,5462,6,15,8,181,117,51,2,1,23,21,6,33,2,0
2056,89,23,0,23.0,6,5468,9,15,8,175,120,51,2,1,22,21,6,34,2,0
2057,90,22,0,22.0,11,5479,9,15,8,172,119,55,2,1,22,21,6,35,2,0
2058,92,20,0,20.0,6,5485,2,24,8,170,116,58,2,1,22,22,6,36,2,2
2059,90,22,0,22.0,4,5489,6,24,0,176,114,58,2,0,22,21,7,35,2,0
2060,91,21,0,21.0,8,5497,8,24,0,171,115,60,2,0,22,22,7,35,2,0
2061,89,23,0,23.0,11,5508,11,24,0,169,113,61,2,0,22,20,7,35,2,0
2062,87,25,0,25.0,10,5518,13,24,0,166,114,61,2,0,21,20,7,34,2,0
2063,87,25,0,25.0,0,5518,15,24,0,159,114,66,2,0,20,20,6,35,2,0
2064,90,22,0,22.0,3,5521,20,17,7,155,114,65,2,1,20,21,6,36,2,0
2065,89,23,0,23.0,4,5525,8,31,7,150,116,66,3,1,19,20,6,37,2,2
2066,90,22,0,22.0,7,5532,10,31,7,148,115,67,3,1,19,21,6,37,2,0
2067,91,21,0,21.0,12,5544,12,31,7,147,113,68,3,1,19,21,7,37,2,0
2068,89,23,0,23.0,11,5555,16,31,7,144,111,69,3,1,18,20,7,36,2,0
2069,89,23,0,23.0,8,5563,20,31,7,139,113,68,3,1,18,20,7,36,2,0
2070,87,25,0,25.0,0,5563,23,31,7,136,116,65,3,1,17,20,6,36,2,0
2071,88,24,0,24.0,4,5567,23,23,15,134,115,68,2,2,17,21,7,35,2,0
2072,88,24,0,24.0,2,5569,4,46,15,130,115,68,4,2,17,21,6,36,1,2
2073,87,25,0,25.0,7,5576,11,46,15,127,115,64,4,2,16,20,6,37,1,0
2074,88,24,0,24.0,6,5582,14,46,15,126,112,65,4,2,16,21,6,37,1,0
2075,90,22,0,22.0,6,5588,18,46,15,121,115,63,4,2,16,22,6,37,1,0
2076,87,25,0,25.0,5,5593,23,46,15,117,113,64,4,2,15,20,6,37,1,0
2077,89,23,0,23.0,2,5595,27,46,15,113,115,62,4,2,15,21,6,38,1,0
2078,88,24,0,24.0,13,5608,31,37,24,112,116,58,3,3,14,21,6,36,2,0
2079,86,26,0,26.0,8,5616,7,65,24,111,115,56,5,3,14,21,6,35,1,2
2080,86,26,0,26.0,2,5618,9,65,24,107,115,58,5,3,14,21,5,36,1,0
2081,86,26,0,26.0,8,5626,16,65,24,102,116,55,5,3,13,20,5,37,1,0
2082,87,25,0,25.0,8,5634,20,65,24,99,114,56,5,3,13,20,5,38,1,0
2083,88,24,0,24.0,8,5642,23,65,24,92,117,57,5,3,12,22,5,38,1,0
2084,87,25,0,25.0,7,5649,26,65,24,89,117,57,5,3,12,22,5,37,1,0
2085,88,24,0,24.0,7,5656,29,51,38,85,116,59,4,5,11,21,5,38,1,0
2086,87,25,0,25.0,6,5662,6,79,38,81,117,57,6,5,11,21,5,37,1,2
2087,89,23,0,23.0,10,5672,9,79,38,76,120,56,6,5,10,23,6,37,1,0
2088,88,24,0,24.0,2,5674,9,79,38,71,124,57,6,5,9,23,6,37,1,0
2089,88,24,0,24.0,4,5678,12,79,38,69,125,55,6,5,9,22,6,38,1,0
2090,89,23,0,23.0,4,5682,16,79,38,66,123,56,6,5,9,22,5,39,1,0
2091,87,25,0,25.0,6,5688,19,79,38,62,121,59,6,5,8,22,5,38,1,0
2092,89,23,0,23.0,0,5688,23,56,61,59,121,58,4,8,8,22,5,39,1,0
2093,90,22,0,22.0,0,5688,2,79,61,57,121,58,6,8,8,22,5,39,1,2
2094,88,24,0,24.0,8,5696,8,79,54,60,123,54,6,7,8,22,5,38,1,0
2095,90,22,0,22.0,3,5699,10,79,54,58,120,57,6,7,8,22,6,39,1,0
2096,88,24,0,24.0,10,5709,10,79,54,55,121,59,6,7,7,22,6,38,1,0
2097,89,23,0,23.0,6,5715,12,79,54,52,121,60,6,7,7,22,6,39,1,0
2098,90,22,0,22.0,2,5717,16,79,54,49,117,63,6,7,7,22,5,40,1,0
2099,91,21,0,21.0,2,5719,20,51,82,49,113,63,4,11,7,20,5,41,1,0
2100,92,20,0,20.0,2,5721,11,65,82,49,108,63,5,11,7,20,6,41,1,2
2101,92,20,0,20.0,2,5723,15,65,74,55,107,62,5,10,7,20,6,41,1,0
2102,93,19,0,19.0,0,5723,18,65,74,54,107,60,5,10,7,20,7,41,1,0
2103,92,20,0,20.0,0,5723,23,65,74,54,104,58,5,10,7,19,7,41,1,0
2104,93,19,0,19.0,0,5723,26,65,74,53,100,60,5,10,7,19,7,42,1,0
2105,93,19,0,19.0,0,5723,28,65,74,51,99,61,5,10,7,19,6,43,1,0
2106,96,16,0,16.0,0,5723,29,37,102,51,97,62,3,13,7,18,7,43,2,0
2107,94,18,0,18.0,0,5723,2,65,102,48,96,65,5,13,6,17,7,44,1,2
2108,96,16,0,16.0,0,5723,7,65,93,57,93,63,5,12,8,18,7,44,1,0
2109,94,18,0,18.0,0,5723,13,65,93,57,92,58,5,12,8,17,6,44,1,0
2110,96,16,0,16.0,0,5723,16,65,93,57,87,60,5,12,8,16,7,45,1,0
2111,96,16,0,16.0,0,5723,18,65,93,57,83,62,5,12,8,15,7,46,1,0
2112,96,16,0,16.0,0,5723,20,65,93,57,79,64,5,12,8,15,7,46,1,0
2113,98,14,0,14.0,0,5723,25,42,116,56,79,60,3,15,7,16,6,47,2,0
2114,98,14,0,14.0,0,5723,2,67,116,55,79,59,5,15,7,15,7,47,1,2
2115,99,13,0,13.0,0,5723,5,67,102,68,75,61,5,13,9,14,8,48,1,0
2116,97,15,0,15.0,0,5723,12,67,102,68,70,59,5,13,9,13,7,48,1,0
2117,99,13,0,13.0,0,5723,16,67,102,68,67,58,5,13,9,13,7,49,1,0
2118,99,13,0,13.0,0,5723,21,67,102,67,61,60,5,13,9,12,7,50,1,0
2119,97,15,0,15.0,0,5723,24,67,102,67,58,60,5,13,9,11,6,50,1,0
2120,100,12,0,12.0,0,5723,25,53,116,66,55,63,4,15,9,11,7,51,1,0
2121,100,12,0,12.0,0,5723,3,78,116,66,51,64,6,15,9,10,6,52,1,2
2122,100,12,0,12.0,0,5723,8,78,93,82,49,68,6,12,11,10,6,53,1,0
2123,101,11,0,11.0,0,5723,11,78,93,82,44,70,6,12,11,9,7,54,1,0
2124,100,12,0,12.0,0,5723,13,78,93,82,42,70,6,12,11,8,7,54,1,0
2125,101,11,0,11.0,0,5723,17,78,93,82,39,69,6,12,11,8,7,54,1,0
2126,102,10,0,10.0,0,5723,20,78,93,82,35,70,6,12,11,8,7,55,1,0
2127,103,9,0,9.0,0,5723,21,50,121,81,33,72,4,16,11,7,7,55,1,0
2128,105,7,0,7.0,0,5723,5,71,121,80,32,69,6,16,10,7,8,56,1,2
2129,104,8,0,8.0,0,5723,9,71,93,103,29,73,6,12,13,6,8,57,1,0
2130,102,10,0,10.0,0,5723,13,71,93,103,27,71,6,12,13,5,7,57,1,0
2131,105,7,0,7.0,0,5723,14,71,93,101,26,73,6,12,13,6,8,58,1,0
2132,105,7,0,7.0,0,5723,15,71,93,101,23,75,6,12,13,5,8,58,1,0
2133,105,7,0,7.0,0,5723,20,71,93,100,21,73,6,12,13,5,7,59,1,0
2134,106,6,0,6.0,0,5723,25,46,118,100,21,68,4,15,13,5,7,59,1,0
2135,106,6,0,6.0,0,5723,3,71,118,98,23,65,6,15,13,5,6,59,1,2
2136,108,4,0,4.0,0,5723,10,71,90,124,22,61,6,12,16,5,8,59,1,0
2137,108,4,0,4.0,0,5723,13,71,90,124,21,59,6,12,16,4,8,60,1,0
2138,108,4,0,4.0,0,5723,17,71,90,124,21,55,6,12,16,4,7,60,1,0
2139,108,4,0,4.0,0,5723,21,71,90,123,21,52,6,12,16,5,6,60,1,0
2140,107,5,0,5.0,0,5723,30,71,90,122,20,45,6,12,16,4,5,60,1,0
2141,108,4,0,4.0,0,5723,35,46,115,122,20,40,4,15,16,4,5,60,1,0
2142,108,4,0,4.0,0,5723,9,74,115,122,17,41,6,15,16,4,5,60,1,2
2143,107,5,0,5.0,0,5723,12,74,92,143,18,39,6,12,18,4,5,60,1,0
2144,108,4,0,4.0,0,5723,16,74,92,143,18,35,6,12,18,4,5,60,1,0
2145,108,4,0,4.0,0,5723,19,74,92,143,18,32,6,12,18,4,5,60,1,0
2146,108,4,0,4.0,0,5723,21,74,92,143,18,30,6,12,18,4,5,60,1,0
2147,108,4,0,4.0,0,5723,29,74,92,142,19,22,6,12,18,5,3,60,1,0
2148,111,1,0,1.0,0,5723,31,53,113,141,19,21,4,15,18,5,4,61,1,0
2149,110,2,0,2.0,0,5723,6,81,113,140,19,19,6,15,18,4,4,61,1,2
2150,109,3,0,3.0,0,5723,9,81,99,152,20,17,6,13,19,4,4,61,1,0
2151,109,3,0,3.0,0,5723,12,81,99,152,20,14,6,13,19,4,4,61,1,0
2152,109,3,0,3.0,0,5723,12,81,99,152,20,14,6,13,19,4,4,61,1,0
2153,110,2,0,2.0,0,5723,12,81,99,152,19,15,6,13,19,5,4,61,1,0
2154,110,2,0,2.0,0,5723,15,81,99,152,19,12,6,13,19,5,3,61,1,0
2155,110,2,0,2.0,0,5723,16,56,124,152,18,12,4,16,19,4,3,61,1,0
2156,110,2,0,2.0,0,5723,2,70,124,152,18,12,5,16,19,4,3,61,1,2
2157,111,1,0,1.0,0,5723,3,70,96,176,15,18,5,12,22,3,5,62,1,0
2158,111,1,0,1.0,0,5723,5,70,96,174,17,16,5,12,22,4,4,62,1,0
2159,111,1,0,1.0,0,5723,5,70,96,174,17,16,5,12,22,4,4,62,1,0
2160,111,1,0,1.0,0,5723,8,70,96,173,18,13,5,12,22,4,4,62,1,0
2161,110,2,0,2.0,0,5723,9,70,96,172,19,12,5,12,22,4,3,62,1,0
2162,114,0,2,6.0,0,5723,9,42,124,172,18,13,3,16,22,5,3,62,2,0
2163,113,0,1,3.0,0,5723,9,42,124,170,19,14,3,16,22,4,3,62,2,2
2164,113,0,1,3.0,0,5723,9,42,99,191,18,19,3,13,24,4,4,62,2,0
2165,113,0,1,3.0,0,5723,9,42,99,191,18,19,3,13,24,4,4,62,2,0
2166,114,0,2,6.0,0,5723,10,42,99,191,16,20,3,13,24,3,5,63,2,0
2167,113,0,1,3.0,0,5723,11,42,99,191,16,19,3,13,24,3,4,63,2,0
2168,113,0,1,3.0,0,5723,12,42,99,190,16,19,3,13,24,4,3,63,2,0
2169,114,0,2,6.0,0,5723,12,14,127,189,17,19,1,16,24,4,3,63,2,0
2170,115,0,3,9.0,0,5723,12,14,127,189,15,21,1,16,24,4,4,63,2,1
2171,115,0,3,9.0,0,5723,13,14,102,209,15,25,1,13,27,4,4,63,2,0
2172,114,0,2,6.0,0,5723,13,14,102,208,16,25,1,13,26,4,4,63,2,0
2173,114,0,2,6.0,0,5723,14,14,102,206,18,24,1,13,26,4,4,63,2,0
2174,116,0,4,12.0,0,5723,14,14,102,206,17,25,1,13,26,4,5,64,2,0
2175,114,0,2,6.0,0,5723,21,14,102,206,16,19,1,13,26,3,3,64,2,0
2176,115,0,3,9.0,0,5723,21,0,116,206,16,19,0,15,26,3,3,64,2,0
2177,116,0,4,12.0,0,5723,21,0,116,205,17,19,0,15,26,4,3,64,2,0
2178,117,0,5,15.0,0,5723,21,0,95,222,16,24,0,12,28,4,5,64,2,0
2179,117,0,5,15.0,0,5723,21,0,95,222,16,24,0,12,28,4,5,64,2,0
2180,116,0,4,12.0,0,5723,22,0,95,222,16,23,0,12,28,4,4,64,2,0
2181,116,0,4,12.0,0,5723,23,0,95,222,16,22,0,12,28,4,4,64,2,0
2182,117,0,5,15.0,0,5723,28,0,95,222,15,18,0,12,28,4,4,65,2,0
2183,117,0,5,15.0,0,5723,28,0,95,222,14,19,0,12,28,4,4,65,2,0
2184,117,0,5,15.0,0,5723,30,0,95,222,13,18,0,12,28,4,3,65,2,0
2185,117,0,5,15.0,0,5723,30,0,70,242,12,24,0,9,31,3,4,65,2,0
2186,117,0,5,15.0,0,5723,31,0,70,242,12,23,0,9,31,3,4,65,2,0
2187,117,0,5,15.0,0,5723,31,0,70,242,12,23,0,9,31,3,4,65,2,0
2188,117,0,5,15.0,0,5723,33,0,70,242,12,21,0,9,31,3,4,65,2,0
2189,116,0,4,12.0,0,5723,38,0,70,242,12,16,0,9,31,3,3,65,2,0
2190,116,0,4,12.0,0,5723,38,0,70,242,12,16,0,9,31,3,3,65,2,0
2191,116,0,4,12.0,0,5723,38,0,70,242,12,16,0,9,31,3,3,65,2,0
2192,116,0,4,12.0,0,5723,39,0,42,263,12,22,0,6,33,3,4,65,2,0
2193,117,0,5,15.0,0,5723,40,0,42,263,10,23,0,6,33,3,4,66,2,0
2194,118,0,6,18.0,0,5723,40,0,42,262,11,23,0,6,33,4,4,66,2,0
2195,118,0,6,18.0,0,5723,40,0,42,261,11,24,0,6,33,4,4,66,2,0
2196,117,0,5,15.0,0,5723,45,0,42,260,11,20,0,6,33,3,3,66,2,0
2197,117,0,5,15.0,0,5723,45,0,42,260,11,20,0,6,33,3,3,66,2,0
2198,117,0,5,15.0,0,5723,45,0,42,260,9,22,0,6,33,3,3,66,2,0
2199,117,0,5,15.0,0,5723,45,0,14,286,9,24,0,2,36,3,4,66,2,0
2200,117,0,5,15.0,0,5723,46,0,14,286,9,23,0,2,36,3,4,66,2,0
2201,117,0,5,15.0,0,5723,47,0,14,286,9,22,0,2,36,3,4,66,2,0
2202,117,0,5,15.0,0,5723,48,0,14,286,9,21,0,2,36,3,4,66,2,0
2203,118,0,6,18.0,0,5723,54,0,14,284,10,16,0,2,36,4,3,67,2,0
2204,117,0,5,15.0,0,5723,54,0,14,282,11,17,0,2,36,3,3,67,2,0
2205,116,0,4,12.0,0,5723,54,0,14,280,13,17,0,2,35,3,3,67,2,0
2206,117,0,5,15.0,0,5723,54,0,0,291,13,20,0,0,37,3,4,67,2,0
2207,117,0,5,15.0,0,5723,54,0,0,291,12,21,0,0,37,3,4,67,2,0
2208,117,0,5,15.0,0,5723,54,0,0,291,10,23,0,0,37,3,4,67,2,0
2209,117,0,5,15.0,0,5723,54,0,0,287,14,23,0,0,36,4,4,67,2,0
2210,117,0,5,15.0,0,5723,61,0,0,285,16,16,0,0,36,4,3,67,2,0
2211,118,0,6,18.0,0,5723,63,0,0,284,17,14,0,0,36,5,3,67,2,0
2212,119,0,7,21.0,0,5723,63,0,0,284,16,15,0,0,36,4,4,68,2,0
2213,119,0,7,21.0,0,5723,64,0,0,283,17,14,0,0,36,4,4,68,2,0
2214,118,0,6,18.0,0,5723,65,0,0,282,18,13,0,0,36,4,3,68,2,0
2215,118,0,6,18.0,0,5723,65,0,0,281,19,13,0,0,36,4,3,68,2,0
2216,118,0,6,18.0,0,5723,67,0,0,281,19,11,0,0,36,4,3,68,2,0
2217,117,0,5,15.0,0,5723,69,0,0,280,20,9,0,0,35,4,3,68,2,0
2218,118,0,6,18.0,0,5723,69,0,0,277,23,9,0,0,35,5,3,68,2,0
2219,118,0,6,18.0,0,5723,69,0,0,277,23,9,0,0,35,5,3,68,2,0
2220,119,0,7,21.0,0,5723,69,0,0,274,26,9,0,0,35,6,3,68,2,0
2221,119,0,7,21.0,0,5723,70,0,0,270,30,8,0,0,34,7,3,68,2,0
2222,119,0,7,21.0,0,5723,71,0,0,269,31,7,0,0,34,7,2,68,2,0
2223,119,0,7,21.0,0,5723,71,0,0,268,32,7,0,0,34,7,2,68,2,0
2224,118,0,6,18.0,0,5723,74,0,0,266,34,4,0,0,34,7,1,68,2,0
2225,118,0,6,18.0,0,5723,75,0,0,264,36,3,0,0,33,8,1,68,2,0
2226,118,0,6,18.0,0,5723,77,0,0,263,37,1,0,0,33,8,1,68,2,0
2227,119,0,7,21.0,0,5723,77,0,0,258,42,1,0,0,33,9,1,68,2,0
2228,120,0,8,24.0,0,5723,77,0,0,257,43,1,0,0,33,10,1,68,2,0
2229,121,0,9,27.0,0,5723,77,0,0,253,46,2,0,0,32,10,2,69,2,0
2230,120,0,8,24.0,0,5723,78,0,0,250,48,2,0,0,32,10,1,69,2,0
2231,120,0,8,24.0,0,5723,78,0,0,250,47,3,0,0,32,10,1,69,2,0
2232,119,0,7,21.0,0,5723,78,0,0,247,50,3,0,0,31,10,1,69,2,0
2233,119,0,7,21.0,0,5723,78,0,0,246,51,3,0,0,31,10,1,69,2,0
2234,120,0,8,24.0,0,5723,78,0,0,239,58,3,0,0,30,12,1,69,2,0
2235,120,0,8,24.0,0,5723,78,0,0,234,63,3,0,0,30,12,1,69,2,0
2236,120,0,8,24.0,0,5723,78,0,0,232,65,3,0,0,29,13,1,69,2,0
2237,119,0,7,21.0,4,5727,78,0,0,230,67,3,0,0,29,13,1,68,2,0
2238,121,0,9,27.0,0,5727,78,0,0,227,68,5,0,0,29,13,2,69,2,0
2239,121,0,9,27.0,2,5729,78,0,0,221,72,7,0,0,28,14,2,69,2,0
2240,121,0,9,27.0,0,5729,78,0,0,220,71,9,0,0,28,14,2,69,2,0
2241,122,0,10,30.0,0,5729,78,0,0,218,73,9,0,0,28,15,2,69,2,0
2242,120,0,8,24.0,2,5731,78,0,0,216,75,9,0,0,27,15,2,68,2,0
2243,121,0,9,27.0,0,5731,78,0,0,211,80,9,0,0,27,16,2,68,2,0
2244,121,0,9,27.0,4,5735,78,0,0,207,80,13,0,0,26,15,2,70,2,0
2245,121,0,9,27.0,2,5737,78,0,0,204,81,15,0,0,26,16,2,69,2,0
2246,123,0,11,33.0,4,5741,78,0,0,201,83,16,0,0,26,16,3,70,2,0
2247,123,0,11,33.0,0,5741,79,0,0,196,88,15,0,0,25,17,3,70,2,0
2248,122,0,10,30.0,3,5744,80,0,0,195,88,15,0,0,25,17,3,69,2,0
2249,121,0,9,27.0,0,5744,81,0,0,190,92,15,0,0,24,18,2,69,2,0
2250,121,0,9,27.0,5,5749,81,0,0,186,95,16,0,0,24,19,2,68,2,0
2251,120,0,8,24.0,2,5751,81,0,0,183,98,16,0,0,23,19,2,68,2,0
2252,120,0,8,24.0,2,5753,81,0,0,181,99,17,0,0,23,18,2,69,2,0
2253,120,0,8,24.0,2,5755,81,0,0,176,101,20,0,0,22,19,2,69,2,0
2254,120,0,8,24.0,3,5758,81,0,0,173,104,20,0,0,22,19,2,69,2,0
2255,123,0,11,33.0,0,5758,81,0,0,172,102,23,0,0,22,20,3,70,2,0
2256,120,0,8,24.0,7,5765,83,0,0,170,100,25,0,0,22,18,3,69,2,0
2257,122,0,10,30.0,0,5765,85,0,0,167,102,24,0,0,21,19,3,70,2,0
2258,120,0,8,24.0,6,5771,87,0,0,163,105,23,0,0,21,19,2,69,2,0
2259,122,0,10,30.0,0,5771,87,0,0,160,106,25,0,0,20,21,3,69,2,0
2260,122,0,10,30.0,3,5774,87,0,0,158,106,27,0,0,20,19,4,70,2,0
2261,121,0,9,27.0,9,5783,87,0,0,155,108,28,0,0,20,19,4,69,2,0
2262,119,0,7,21.0,4,5787,91,0,0,154,104,29,0,0,20,18,4,68,2,0
2263,123,0,11,33.0,6,5793,93,0,0,153,104,28,0,0,20,20,4,70,2,0
2264,120,0,8,24.0,5,5798,94,0,0,149,104,31,0,0,19,19,4,69,2,0
2265,121,0,9,27.0,2,5800,94,0,0,144,106,34,0,0,18,20,4,70,2,0
2266,120,0,8,24.0,11,5811,95,0,0,141,109,33,0,0,18,20,4,69,2,0
2267,120,0,8,24.0,4,5815,96,0,0,139,108,35,0,0,18,21,4,68,2,0
2268,120,0,8,24.0,5,5820,97,0,0,136,110,35,0,0,17,20,5,69,2,0
2269,119,0,7,21.0,5,5825,97,0,0,135,104,42,0,0,17,18,5,70,2,0
2270,118,0,6,18.0,8,5833,98,0,0,130,104,46,0,0,17,19,5,68,2,0
2271,121,0,9,27.0,9,5842,101,0,0,127,105,45,0,0,16,20,5,70,2,0
2272,120,0,8,24.0,7,5849,101,0,0,125,105,47,0,0,16,20,5,69,2,0
2273,120,0,8,24.0,0,5849,104,0,0,120,107,47,0,0,15,20,5,70,2,0
2274,119,0,7,21.0,9,5858,108,0,0,117,104,49,0,0,15,20,5,69,2,0
2275,119,0,7,21.0,15,5873,109,0,0,115,105,49,0,0,15,20,6,68,2,0
2276,118,0,6,18.0,6,5879,110,0,0,110,108,50,0,0,14,19,6,69,2,0
2277,117,0,5,15.0,8,5887,112,0,0,108,108,50,0,0,14,19,5,69,2,0
2278,115,0,3,9.0,10,5897,114,0,0,103,108,53,0,0,13,19,5,67,2,0
2279,118,0,6,18.0,9,5906,115,0,0,100,107,56,0,0,13,20,5,69,2,0
2280,117,0,5,15.0,8,5914,120,0,0,98,106,54,0,0,13,20,5,68,2,0
2281,116,0,4,12.0,9,5923,121,0,0,97,104,56,0,0,13,19,5,68,2,0
2282,116,0,4,12.0,5,5928,125,0,0,95,101,57,0,0,12,19,5,69,2,0
2283,116,0,4,12.0,14,5942,128,0,0,92,103,55,0,0,12,19,6,67,2,0
2284,116,0,4,12.0,11,5953,128,0,0,89,101,60,0,0,12,18,6,68,2,0
2285,115,0,3,9.0,6,5959,131,0,0,86,100,61,0,0,11,18,5,69,2,0
2286,113,0,1,3.0,7,5966,132,0,0,83,100,63,0,0,11,18,5,67,2,0
2287,116,0,4,12.0,6,5972,139,0,0,83,98,58,0,0,11,18,6,69,2,0
2288,115,0,3,9.0,10,5982,144,0,0,78,98,58,0,0,10,19,5,68,2,0
2289,115,0,3,9.0,6,5988,146,0,0,74,99,59,0,0,10,19,5,68,2,0
2290,115,0,3,9.0,0,5988,148,0,0,74,98,58,0,0,10,19,5,68,2,0
2291,114,0,2,6.0,6,5994,151,0,0,74,96,57,0,0,10,18,5,68,2,0
2292,114,0,2,6.0,10,6004,157,0,0,73,94,54,0,0,10,17,5,68,2,0
2293,115,0,3,9.0,6,6010,158,0,0,73,90,57,0,0,10,17,5,69,2,0
2294,111,1,0,1.0,8,6018,160,0,0,71,89,58,0,0,9,16,5,67,2,0
2295,115,0,3,9.0,5,6023,162,0,0,70,88,58,0,0,9,17,6,69,2,0
2296,113,0,1,3.0,12,6035,167,0,0,66,89,56,0,0,9,18,5,67,2,0
2297,113,0,1,3.0,4,6039,171,0,0,63,91,53,0,0,8,18,5,67,2,0
2298,113,0,1,3.0,0,6039,174,0,0,59,94,51,0,0,8,18,5,67,2,0
2299,111,1,0,1.0,4,6043,177,0,0,55,94,52,0,0,7,17,5,67,2,0
2300,112,0,0,0.0,7,6050,182,0,0,50,94,52,0,0,7,17,5,68,2,0
2301,113,0,1,3.0,9,6059,183,0,0,48,93,54,0,0,6,18,5,68,2,0
2302,110,2,0,2.0,11,6070,188,0,0,47,92,51,0,0,6,17,5,66,2,0
2303,113,0,1,3.0,9,6079,164,28,0,42,94,50,2,0,6,18,5,68,2,0
2304,111,1,0,1.0,7,6086,167,28,0,39,96,48,2,0,5,19,5,66,2,0
2305,112,0,0,0.0,13,6099,169,28,0,34,96,51,2,0,5,19,5,66,2,0
2306,110,2,0,2.0,6,6105,174,28,0,32,95,49,2,0,4,18,5,66,2,0
2307,109,3,0,3.0,4,6109,177,28,0,29,96,48,2,0,4,18,5,65,2,0
2308,110,2,0,2.0,2,6111,178,28,0,25,95,52,2,0,4,18,5,66,2,0
2309,112,0,0,0.0,2,6113,180,28,0,22,95,53,2,0,3,19,5,68,2,0
2310,109,3,0,3.0,13,6126,155,56,0,20,95,52,4,0,3,18,5,66,1,1
2311,110,2,0,2.0,12,6138,159,56,0,18,92,53,4,0,3,18,5,67,1,0
2312,108,4,0,4.0,6,6144,162,56,0,13,95,52,4,0,2,19,5,65,1,0
2313,107,5,0,5.0,4,6148,164,56,0,12,91,55,4,0,2,17,5,66,1,0
2314,108,4,0,4.0,4,6152,167,56,0,10,90,55,4,0,2,17,5,67,1,0
2315,106,6,0,6.0,10,6162,168,56,0,8,90,56,4,0,1,17,5,66,1,0
2316,108,4,0,4.0,4,6166,169,56,0,7,90,56,4,0,1,18,5,66,1,0
2317,109,3,0,3.0,7,6173,145,84,0,7,88,54,6,0,1,18,5,67,1,2
2318,106,6,0,6.0,16,6189,150,84,0,6,86,52,6,0,1,17,5,65,1,0
2319,107,5,0,5.0,8,6197,153,84,0,5,84,52,6,0,1,17,5,66,1,0
2320,106,6,0,6.0,10,6207,155,84,0,4,82,53,6,0,1,17,5,64,1,0
2321,106,6,0,6.0,4,6211,158,84,0,2,81,53,6,0,1,16,5,65,1,0
2322,106,6,0,6.0,1,6212,159,84,0,1,82,52,6,0,1,16,5,65,1,0
2323,106,6,0,6.0,6,6218,164,56,28,0,78,52,4,4,0,15,5,65,1,0
2324,106,6,0,6.0,10,6228,139,84,28,0,74,53,6,4,0,15,5,65,1,2
2325,107,5,0,5.0,6,6234,141,84,28,0,74,51,6,4,0,15,5,65,1,0
2326,105,7,0,7.0,4,6238,146,84,28,0,74,46,6,4,0,15,4,64,1,0
2327,107,5,0,5.0,10,6248,149,84,28,0,73,44,6,4,0,15,5,65,1,0
2328,105,7,0,7.0,6,6254,151,84,28,0,73,42,6,4,0,15,5,63,1,0
2329,104,8,0,8.0,2,6256,156,84,28,0,71,39,6,4,0,13,5,63,1,0
2330,104,8,0,8.0,11,6267,158,56,56,0,70,38,4,7,0,13,4,63,1,0
2331,105,7,0,7.0,7,6274,135,84,56,0,66,37,6,7,0,13,4,64,1,2
2332,103,9,0,9.0,7,6281,138,84,56,0,63,37,6,7,0,12,4,63,1,0
2333,104,8,0,8.0,2,6283,140,84,56,0,59,39,6,7,0,12,4,64,1,0
2334,103,9,0,9.0,2,6285,141,84,56,0,55,42,6,7,0,11,4,63,1,0
2335,104,8,0,8.0,11,6296,143,84,56,0,50,45,6,7,0,10,5,64,1,0
2336,103,9,0,9.0,10,6306,146,84,56,0,48,44,6,7,0,10,5,63,1,0
2337,104,8,0,8.0,6,6312,149,56,84,0,47,42,4,11,0,9,5,63,1,0
2338,102,10,0,10.0,14,6326,124,84,84,0,42,44,6,11,0,8,4,63,1,2
2339,103,9,0,9.0,5,6331,127,84,84,0,39,44,6,11,0,8,4,63,1,0
2340,102,10,0,10.0,9,6340,127,84,84,0,34,49,6,11,0,7,4,63,1,0
2341,102,10,0,10.0,8,6348,132,84,84,0,32,46,6,11,0,7,4,63,1,0
2342,99,13,0,13.0,11,6359,136,84,84,0,29,45,6,11,0,6,4,61,1,0
2343,100,12,0,12.0,10,6369,136,84,84,0,25,49,6,11,0,5,5,62,1,0
2344,100,12,0,12.0,4,6373,136,56,112,0,22,52,4,14,0,5,5,61,1,0
2345,100,12,0,12.0,7,6380,109,84,112,0,20,53,6,14,0,4,5,62,1,2
2346,99,13,0,13.0,9,6389,109,84,112,0,18,55,6,14,0,4,5,61,1,0
2347,99,13,0,13.0,5,6394,111,84,112,0,13,58,6,14,0,3,5,62,1,0
2348,98,14,0,14.0,4,6398,112,84,112,0,12,58,6,14,0,3,5,61,1,0
2349,99,13,0,13.0,8,6406,116,84,112,0,10,56,6,14,0,3,5,61,1,0
2350,98,14,0,14.0,5,6411,119,84,112,0,8,55,6,14,0,2,6,60,1,0
2351,100,12,0,12.0,6,6417,123,56,140,0,7,52,4,18,0,2,5,61,1,0
2352,100,12,0,12.0,7,6424,99,84,140,0,7,48,6,18,0,2,5,60,1,2
2353,99,13,0,13.0,7,6431,104,84,112,24,6,48,6,14,3,1,6,60,1,0
2354,99,13,0,13.0,0,6431,106,84,112,24,5,47,6,14,3,1,6,60,1,0
2355,98,14,0,14.0,0,6431,107,84,112,24,4,47,6,14,3,1,5,60,1,0
2356,97,15,0,15.0,2,6433,112,84,112,24,2,44,6,14,3,1,5,59,1,0
2357,98,14,0,14.0,2,6435,115,84,112,24,1,42,6,14,3,1,5,59,1,0
2358,100,12,0,12.0,0,6435,120,56,140,24,0,38,4,18,3,0,5,60,1,0
2359,100,12,0,12.0,2,6437,94,84,140,24,0,36,6,18,3,0,5,60,1,2
2360,98,14,0,14.0,4,6441,97,84,112,50,0,35,6,14,7,0,4,59,1,0
2361,99,13,0,13.0,0,6441,101,84,112,50,0,31,6,14,7,0,4,59,1,0
2362,99,13,0,13.0,6,6447,104,84,112,50,0,28,6,14,7,0,4,59,1,0
2363,98,14,0,14.0,0,6447,106,84,112,50,0,26,6,14,7,0,3,59,1,0
2364,98,14,0,14.0,0,6447,108,84,112,50,0,24,6,14,7,0,3,59,1,0
2365,101,11,0,11.0,0,6447,113,56,140,50,0,19,4,18,7,0,3,59,1,0
2366,101,11,0,11.0,0,6447,86,84,140,50,0,18,6,18,7,0,3,59,1,2
2367,101,11,0,11.0,0,6447,88,84,112,73,0,21,6,14,10,0,4,59,1,0
2368,100,12,0,12.0,2,6449,90,84,112,73,0,19,6,14,10,0,3,59,1,0
2369,99,13,0,13.0,3,6452,91,84,112,73,0,18,6,14,10,0,3,58,1,0
2370,99,13,0,13.0,0,6452,91,84,112,73,0,18,6,14,10,0,3,58,1,0
2371,98,14,0,14.0,0,6452,96,84,112,73,0,13,6,14,10,0,2,58,1,0
2372,100,12,0,12.0,0,6452,97,56,140,73,0,12,4,18,10,0,2,58,1,0
2373,101,11,0,11.0,2,6454,70,84,140,73,0,11,6,18,10,0,2,59,1,2
2374,102,10,0,10.0,0,6454,72,84,112,98,0,12,6,14,13,0,3,59,1,0
2375,101,11,0,11.0,2,6456,73,84,112,98,0,11,6,14,13,0,3,58,1,0
2376,100,12,0,12.0,0,6456,74,84,112,98,0,10,6,14,13,0,2,58,1,0
2377,99,13,0,13.0,6,6462,74,84,112,98,0,10,6,14,13,0,2,57,1,0
2378,98,14,0,14.0,0,6462,76,84,112,98,0,8,6,14,13,0,1,57,1,0
2379,100,12,0,12.0,0,6462,76,56,140,98,0,8,4,18,13,0,1,57,1,0
2380,100,12,0,12.0,0,6462,48,84,140,98,0,8,6,18,13,0,1,57,1,2
2381,100,12,0,12.0,0,6462,48,84,112,121,0,13,6,14,16,0,2,57,1,0
2382,101,11,0,11.0,2,6464,48,84,112,121,0,13,6,14,16,0,2,58,1,0
2383,100,12,0,12.0,2,6466,48,84,112,121,0,13,6,14,16,0,2,57,1,0
2384,100,12,0,12.0,3,6469,48,84,112,121,0,13,6,14,16,0,2,57,1,0
2385,99,13,0,13.0,0,6469,53,84,112,121,0,8,6,14,16,0,1,57,1,0
2386,100,12,0,12.0,5,6474,53,56,140,121,0,8,4,18,16,0,1,56,1,0
2387,100,12,0,12.0,0,6474,25,84,140,121,0,8,6,18,16,0,1,56,1,2
2388,99,13,0,13.0,2,6476,25,84,112,143,0,14,6,14,18,0,2,56,1,0
2389,99,13,0,13.0,0,6476,25,84,112,143,0,14,6,14,18,0,2,56,1,0
2390,99,13,0,13.0,4,6480,25,84,112,143,0,14,6,14,18,0,2,56,1,0
2391,99,13,0,13.0,0,6480,25,84,112,143,0,14,6,14,18,0,2,56,1,0
2392,98,14,0,14.0,0,6480,28,84,112,143,0,11,6,14,18,0,1,56,1,0
2393,100,12,0,12.0,0,6480,28,56,140,143,0,11,4,18,18,0,1,56,1,0
2394,100,12,0,12.0,2,6482,0,84,140,143,0,11,6,18,18,0,1,56,1,2
2395,99,13,0,13.0,2,6484,0,84,112,165,0,17,6,14,21,0,2,55,1,0
2396,99,13,0,13.0,0,6484,0,84,112,165,0,17,6,14,21,0,2,55,1,0
2397,99,13,0,13.0,0,6484,0,84,112,165,0,17,6,14,21,0,2,55,1,0
2398,99,13,0,13.0,2,6486,0,84,112,165,0,17,6,14,21,0,2,55,1,0
2399,99,13,0,13.0,0,6486,5,84,112,165,0,12,6,14,21,0,1,55,1,0
2400,101,11,0,11.0,0,6486,5,56,140,165,0,12,4,18,21,0,1,55,1,0
2401,101,11,0,11.0,0,6486,5,56,140,165,0,12,4,18,21,0,1,55,1,2
2402,101,11,0,11.0,2,6488,5,56,112,188,0,17,4,14,24,0,2,55,1,0
2403,101,11,0,11.0,2,6490,5,56,112,188,0,17,4,14,24,0,2,55,1,0
2404,101,11,0,11.0,2,6492,5,56,112,188,0,17,4,14,24,0,2,55,1,0
2405,100,12,0,12.0,3,6495,5,56,112,188,0,17,4,14,24,0,2,54,1,0
2406,99,13,0,13.0,0,6495,11,56,112,188,0,11,4,14,24,0,1,54,1,0
2407,102,10,0,10.0,0,6495,11,28,140,188,0,11,2,18,24,0,1,54,2,0
2408,102,10,0,10.0,0,6495,0,39,140,188,0,11,3,18,24,0,1,54,2,1
2409,102,10,0,10.0,0,6495,0,39,112,214,0,13,3,14,27,0,2,54,2,0
2410,102,10,0,10.0,0,6495,0,39,112,214,0,13,3,14,27,0,2,54,2,0
2411,102,10,0,10.0,0,6495,0,39,112,214,0,13,3,14,27,0,2,54,2,0
2412,102,10,0,10.0,0,6495,0,39,112,214,0,13,3,14,27,0,2,54,2,0
2413,102,10,0,10.0,4,6499,6,39,112,214,0,7,3,14,27,0,1,54,2,0
2414,104,8,0,8.0,0,6499,6,11,140,214,0,7,1,18,27,0,1,54,2,0
2415,104,8,0,8.0,2,6501,6,11,140,214,0,7,1,18,27,0,1,54,2,1
2416,103,9,0,9.0,2,6503,6,11,112,238,0,11,1,14,30,0,2,53,2,0
2417,103,9,0,9.0,0,6503,6,11,112,238,0,11,1,14,30,0,2,53,2,0
2418,103,9,0,9.0,4,6507,6,11,112,238,0,11,1,14,30,0,2,53,2,0
2419,103,9,0,9.0,0,6507,6,11,112,238,0,11,1,14,30,0,2,53,2,0
2420,102,10,0,10.0,0,6507,11,11,112,238,0,6,1,14,30,0,1,53,2,0
2421,102,10,0,10.0,0,6507,11,11,112,238,0,6,1,14,30,0,1,53,2,0
2422,102,10,0,10.0,0,6507,0,22,112,238,0,6,2,14,30,0,1,53,2,1
2423,103,9,0,9.0,2,6509,0,22,84,263,0,9,2,11,33,0,2,53,2,0
2424,102,10,0,10.0,2,6511,0,22,84,263,0,9,2,11,33,0,2,52,2,0
2425,102,10,0,10.0,0,6511,0,22,84,263,0,9,2,11,33,0,2,52,2,0
2426,102,10,0,10.0,0,6511,0,22,84,263,0,9,2,11,33,0,2,52,2,0
2427,102,10,0,10.0,2,6513,2,22,84,263,0,7,2,11,33,0,1,52,2,0
2428,102,10,0,10.0,5,6518,2,11,95,263,0,7,1,12,33,0,1,52,2,0
2429,102,10,0,10.0,0,6518,2,11,95,263,0,7,1,12,33,0,1,52,2,1
2430,103,9,0,9.0,0,6518,2,11,67,282,0,16,1,9,36,0,2,52,2,0
2431,103,9,0,9.0,0,6518,2,11,67,282,0,16,1,9,36,0,2,52,2,0
2432,102,10,0,10.0,3,6521,2,11,67,282,0,16,1,9,36,0,2,51,2,0
2433,102,10,0,10.0,0,6521,2,11,67,282,0,16,1,9,36,0,2,51,2,0
2434,101,11,0,11.0,0,6521,6,11,67,282,0,12,1,9,36,0,1,51,2,0
2435,101,11,0,11.0,0,6521,6,11,67,282,0,12,1,9,36,0,1,51,2,0
2436,101,11,0,11.0,0,6521,6,11,67,282,0,12,1,9,36,0,1,51,2,1
2437,100,12,0,12.0,0,6521,6,11,39,302,0,20,1,5,38,0,2,51,2,0
2438,100,12,0,12.0,0,6521,6,11,39,302,0,20,1,5,38,0,2,51,2,0
2439,100,12,0,12.0,0,6521,6,11,39,302,0,20,1,5,38,0,2,51,2,0
2440,100,12,0,12.0,0,6521,6,11,39,302,0,20,1,5,38,0,2,51,2,0
2441,100,12,0,12.0,0,6521,9,11,39,302,0,17,1,5,38,0,2,51,2,0
2442,101,11,0,11.0,0,6521,9,0,50,302,0,17,0,7,38,0,2,51,2,0
2443,101,11,0,11.0,0,6521,0,9,50,302,0,17,1,7,38,0,2,51,2,0
2444,101,11,0,11.0,0,6521,0,9,22,322,0,25,1,3,41,0,3,51,2,0
2445,101,11,0,11.0,0,6521,0,9,22,322,0,25,1,3,41,0,3,51,2,0
2446,101,11,0,11.0,0,6521,0,9,22,322,0,25,1,3,41,0,3,51,2,0
2447,101,11,0,11.0,0,6521,0,9,22,322,0,25,1,3,41,0,3,51,2,0
2448,101,11,0,11.0,0,6521,9,9,22,322,0,16,1,3,41,0,2,51,2,0
2449,101,11,0,11.0,3,6524,9,9,22,322,0,16,1,3,41,0,2,51,2,0
2450,103,9,0,9.0,3,6527,0,18,22,321,1,16,2,3,41,1,2,52,2,1
2451,101,11,0,11.0,2,6529,0,18,22,321,1,16,2,3,41,1,2,50,2,0
2452,101,11,0,11.0,0,6529,0,18,22,321,1,16,2,3,41,1,2,50,2,0
2453,100,12,0,12.0,0,6529,0,18,22,318,4,16,2,3,40,1,2,50,2,0
2454,100,12,0,12.0,0,6529,0,18,22,317,5,16,2,3,40,1,2,50,2,0
2455,101,11,0,11.0,0,6529,8,18,22,315,7,8,2,3,40,2,1,50,2,0
2456,100,12,0,12.0,0,6529,8,18,22,312,10,8,2,3,39,2,1,50,2,0
2457,99,13,0,13.0,0,6529,0,26,22,311,11,8,2,3,39,2,1,50,2,2
2458,102,10,0,10.0,4,6533,0,26,11,319,12,10,2,2,40,3,2,51,2,0
2459,102,10,0,10.0,5,6538,0,26,11,317,14,10,2,2,40,3,2,51,2,0
2460,101,11,0,11.0,4,6542,0,26,11,315,16,10,2,2,40,3,2,50,2,0
2461,101,11,0,11.0,0,6542,0,26,11,314,17,10,2,2,40,3,2,50,2,0
2462,101,11,0,11.0,0,6542,8,26,11,310,21,2,2,2,39,4,1,50,2,0
2463,102,10,0,10.0,0,6542,8,17,20,308,23,2,2,3,39,4,1,50,2,0
2464,102,10,0,10.0,10,6552,0,25,20,305,26,2,2,3,39,5,1,50,2,2
2465,100,12,0,12.0,4,6556,0,25,20,299,32,2,2,3,38,6,1,48,2,0
2466,101,11,0,11.0,2,6558,0,25,20,296,35,2,2,3,37,7,1,49,2,0
2467,102,10,0,10.0,0,6558,0,25,20,291,40,2,2,3,37,8,1,49,2,0
2468,99,13,0,13.0,3,6561,0,25,20,288,43,2,2,3,36,8,1,47,2,0
2469,100,12,0,12.0,2,6563,0,25,20,284,47,2,2,3,36,9,1,47,2,0
2470,102,10,0,10.0,2,6565,0,16,29,283,48,2,2,4,36,9,1,48,2,0
2471,102,10,0,10.0,0,6565,0,16,29,283,48,2,2,4,36,9,1,48,2,2
2472,103,9,0,9.0,2,6567,0,16,18,292,49,3,2,3,37,9,2,48,2,0
2473,102,10,0,10.0,7,6574,0,16,18,290,51,3,2,3,37,10,2,46,2,0
2474,102,10,0,10.0,0,6574,0,16,18,287,54,3,2,3,36,11,2,46,2,0
2475,104,8,0,8.0,5,6579,0,16,18,282,59,3,2,3,36,12,2,47,2,0
2476,102,10,0,10.0,8,6587,2,16,18,277,64,1,2,3,35,13,1,45,2,0
2477,102,10,0,10.0,2,6589,2,8,26,269,72,1,1,4,34,14,1,45,2,0
2478,102,10,0,10.0,2,6591,2,8,26,267,74,1,1,4,34,14,1,45,2,1
2479,102,10,0,10.0,4,6595,2,8,26,262,79,1,1,4,33,15,1,45,2,0
2480,102,10,0,10.0,4,6599,2,8,26,260,81,1,1,4,33,15,1,45,2,0
2481,101,11,0,11.0,2,6601,2,8,26,256,85,1,1,4,32,16,1,44,2,0
2482,101,11,0,11.0,12,6613,2,8,26,255,86,1,1,4,32,17,1,43,2,0
2483,102,10,0,10.0,3,6616,2,8,26,250,91,1,1,4,32,17,1,44,2,0
2484,100,12,0,12.0,9,6625,2,0,34,244,97,1,0,5,31,18,1,42,2,0
2485,103,9,0,9.0,6,6631,2,0,34,243,97,2,0,5,31,19,2,43,2,0
2486,102,10,0,10.0,0,6631,2,0,34,239,101,2,0,5,30,19,2,43,2,0
2487,103,9,0,9.0,6,6637,2,0,34,236,104,2,0,5,30,20,2,43,2,0
2488,102,10,0,10.0,2,6639,2,0,34,232,105,5,0,5,29,20,2,43,2,0
2489,100,12,0,12.0,14,6653,2,0,34,232,104,6,0,5,29,20,2,41,2,0
2490,100,12,0,12.0,10,6663,3,0,34,227,107,7,0,5,29,21,1,41,2,0
2491,100,12,0,12.0,4,6667,3,0,34,225,106,10,0,5,29,20,1,42,2,0
2492,97,15,0,15.0,5,6672,3,0,34,224,106,11,0,5,28,20,1,40,2,0
2493,101,11,0,11.0,6,6678,3,0,25,231,107,12,0,4,29,20,2,43,2,0
2494,99,13,0,13.0,13,6691,3,0,25,229,107,14,0,4,29,21,2,40,2,0
2495,99,13,0,13.0,2,6693,3,0,25,224,110,16,0,4,28,21,2,41,2,0
2496,99,13,0,13.0,5,6698,3,0,25,218,115,17,0,4,28,22,2,40,2,0
2497,99,13,0,13.0,4,6702,3,0,25,217,112,21,0,4,28,22,2,40,2,0
2498,97,15,0,15.0,10,6712,3,0,25,214,113,23,0,4,27,22,2,39,2,0
2499,98,14,0,14.0,9,6721,3,0,25,212,112,26,0,4,27,20,3,41,2,0
2500,97,15,0,15.0,7,6728,3,0,16,217,108,34,0,2,28,20,4,40,2,0
2501,100,12,0,12.0,7,6735,3,0,16,213,109,37,0,2,27,21,5,42,2,0
2502,99,13,0,13.0,11,6746,3,0,16,211,106,42,0,2,27,21,5,41,2,0
2503,98,14,0,14.0,2,6748,4,0,16,206,108,44,0,2,26,20,5,42,2,0
2504,99,13,0,13.0,13,6761,4,0,16,200,110,48,0,2,25,22,6,41,2,0
2505,98,14,0,14.0,8,6769,4,0,16,199,110,49,0,2,25,22,6,40,2,0
2506,97,15,0,15.0,7,6776,7,0,16,199,110,46,0,2,25,22,6,39,2,0
2507,97,15,0,15.0,5,6781,8,0,8,203,112,47,0,1,26,21,6,40,2,0
2508,95,17,0,17.0,11,6792,10,0,8,198,115,47,0,1,25,21,6,39,2,0
2509,98,14,0,14.0,7,6799,13,0,8,193,117,47,0,1,25,22,6,41,2,0
2510,97,15,0,15.0,2,6801,14,0,8,187,118,51,0,1,24,22,6,41,2,0
2511,99,13,0,13.0,5,6806,15,0,8,185,115,55,0,1,24,22,6,42,2,0
2512,98,14,0,14.0,6,6812,17,0,8,179,113,61,0,1,23,22,6,42,2,0
2513,96,16,0,16.0,8,6820,5,14,8,175,115,61,1,1,22,22,6,41,2,0
2514,98,14,0,14.0,7,6827,6,14,0,178,113,67,1,0,23,22,8,41,2,0
2515,97,15,0,15.0,4,6831,10,14,0,176,113,65,1,0,22,21,8,42,2,0
2516,95,17,0,17.0,6,6837,12,14,0,173,112,67,1,0,22,20,8,41,2,0
2517,100,12,0,12.0,2,6839,15,14,0,170,114,65,1,0,22,21,8,44,2,0
2518,97,15,0,15.0,2,6841,23,14,0,167,112,62,1,0,21,21,7,43,2,0
2519,97,15,0,15.0,7,6848,26,14,0,167,106,65,1,0,21,20,7,44,2,0
2520,97,15,0,15.0,9,6857,5,40,0,163,109,61,3,0,21,21,7,42,2,1
2521,97,15,0,15.0,7,6864,8,40,0,160,108,62,3,0,20,22,7,42,2,0
2522,94,18,0,18.0,4,6868,12,40,0,157,108,61,3,0,20,20,6,42,2,0
2523,96,16,0,16.0,6,6874,13,40,0,154,107,64,3,0,20,20,7,43,2,0
2524,95,17,0,17.0,3,6877,13,40,0,147,114,64,3,0,19,21,7,42,2,0
2525,97,15,0,15.0,9,6886,15,40,0,140,116,67,3,0,18,21,7,44,2,0
2526,97,15,0,15.0,6,6892,17,40,0,137,117,67,3,0,18,21,7,44,2,0
2527,97,15,0,15.0,4,6896,6,54,0,132,121,65,4,0,17,23,7,44,1,2
2528,94,18,0,18.0,10,6906,11,54,0,129,122,62,4,0,17,22,7,42,1,0
2529,94,18,0,18.0,6,6912,16,54,0,127,122,59,4,0,16,23,7,41,1,0
2530,93,19,0,19.0,6,6918,24,54,0,123,121,56,4,0,16,22,6,42,1,0
2531,93,19,0,19.0,9,6927,26,54,0,117,121,60,4,0,15,22,6,43,1,0
2532,93,19,0,19.0,5,6932,33,54,0,115,122,54,4,0,15,23,5,42,1,0
2533,94,18,0,18.0,12,6944,35,40,14,111,123,55,3,2,14,22,5,43,2,0
2534,93,19,0,19.0,8,6952,11,68,14,108,124,53,5,2,14,23,5,42,1,2
2535,95,17,0,17.0,5,6957,12,68,14,107,123,54,5,2,14,24,5,43,1,0
2536,92,20,0,20.0,2,6959,17,68,14,105,121,53,5,2,14,21,5,42,1,0
2537,93,19,0,19.0,4,6963,23,68,14,102,122,49,5,2,13,23,5,42,1,0
2538,91,21,0,21.0,6,6969,24,68,14,102,117,53,5,2,13,21,5,42,1,0
2539,92,20,0,20.0,6,6975,28,68,14,92,121,55,5,2,12,22,5,43,1,0
2540,95,17,0,17.0,6,6981,31,42,40,90,122,53,3,5,12,22,5,43,2,0
2541,93,19,0,19.0,6,6987,7,70,40,88,124,49,5,5,11,23,4,43,1,2
2542,96,16,0,16.0,0,6987,7,70,40,83,126,52,5,5,11,24,5,44,1,0
2543,97,15,0,15.0,10,6997,12,70,40,82,122,52,5,5,11,24,5,45,1,0
2544,91,21,0,21.0,8,7005,14,70,40,78,121,55,5,5,10,21,5,43,1,0
2545,95,17,0,17.0,0,7005,15,70,40,75,118,60,5,5,10,23,5,44,1,0
2546,95,17,0,17.0,0,7005,17,70,40,73,118,60,5,5,10,22,5,45,1,0
2547,96,16,0,16.0,2,7007,19,56,54,69,116,64,4,7,9,21,6,46,1,0
2548,95,17,0,17.0,0,7007,10,70,54,68,113,63,5,7,9,21,5,46,1,2
2549,97,15,0,15.0,4,7011,16,70,54,66,112,60,5,7,9,21,5,47,1,0
2550,98,14,0,14.0,2,7013,17,70,54,64,112,61,5,7,8,21,6,48,1,0
2551,98,14,0,14.0,8,7021,20,70,54,63,110,61,5,7,8,21,6,48,1,0
2552,97,15,0,15.0,7,7028,22,70,54,62,108,62,5,7,8,19,6,49,1,0
2553,99,13,0,13.0,8,7036,24,70,54,59,108,63,5,7,8,21,6,49,1,0
2554,99,13,0,13.0,9,7045,28,42,82,56,111,59,3,11,7,22,6,46,2,0
2555,97,15,0,15.0,12,7057,2,70,82,54,109,61,5,11,7,20,6,46,1,2
2556,96,16,0,16.0,4,7061,7,70,82,52,108,59,5,11,7,20,5,46,1,0
2557,96,16,0,16.0,2,7063,13,70,82,51,106,56,5,11,7,19,5,47,1,0
2558,98,14,0,14.0,12,7075,14,70,82,50,104,58,5,11,7,20,6,47,1,0
2559,97,15,0,15.0,7,7082,14,70,82,47,100,65,5,11,6,19,6,48,1,0
2560,97,15,0,15.0,10,7092,17,70,82,47,93,69,5,11,6,17,6,49,1,0
2561,101,11,0,11.0,4,7096,22,42,110,46,91,67,3,14,6,18,6,50,2,0
2562,100,12,0,12.0,5,7101,5,64,110,44,88,67,5,14,6,18,7,48,1,2
2563,97,15,0,15.0,8,7109,11,64,96,55,85,67,5,12,7,16,7,48,1,0
2564,96,16,0,16.0,6,7115,13,64,96,55,83,67,5,12,7,15,7,48,1,0
2565,97,15,0,15.0,4,7119,19,64,96,55,79,65,5,12,7,14,7,49,1,0
2566,97,15,0,15.0,4,7123,23,64,96,55,73,67,5,12,7,14,7,49,1,0
2567,98,14,0,14.0,10,7133,26,64,96,55,71,66,5,12,7,14,7,50,1,0
2568,98,14,0,14.0,2,7135,28,50,110,55,67,68,4,14,7,13,7,50,1,0
2569,101,11,0,11.0,4,7139,3,78,110,54,65,68,6,14,7,14,7,51,1,2
2570,101,11,0,11.0,4,7143,6,78,84,73,65,72,6,11,10,14,8,50,1,0
2571,98,14,0,14.0,3,7146,9,78,84,73,63,71,6,11,10,13,7,49,1,0
2572,96,16,0,16.0,0,7146,9,78,84,72,61,74,6,11,9,11,7,50,1,0
2573,96,16,0,16.0,2,7148,13,78,84,70,63,70,6,11,9,11,7,50,1,0
2574,98,14,0,14.0,2,7150,16,78,84,70,53,77,6,11,9,10,7,52,1,0
2575,99,13,0,13.0,1,7151,19,50,112,70,51,76,4,14,9,10,7,52,1,0
2576,100,12,0,12.0,4,7155,8,64,112,70,49,75,5,14,9,10,7,53,1,2
2577,102,10,0,10.0,2,7157,15,64,98,76,46,79,5,13,10,10,8,53,1,0
2578,102,10,0,10.0,2,7159,22,64,98,75,46,73,5,13,10,10,8,53,1,0
2579,101,11,0,11.0,0,7159,25,64,98,75,42,74,5,13,10,9,8,53,1,0
2580,102,10,0,10.0,0,7159,30,64,98,75,39,72,5,13,10,9,7,54,1,0
2581,99,13,0,13.0,0,7159,36,64,98,75,37,68,5,13,10,7,6,54,1,0
2582,102,10,0,10.0,0,7159,38,42,120,74,34,70,3,15,10,7,7,55,2,0
2583,101,11,0,11.0,0,7159,14,70,120,74,33,67,5,15,10,7,7,55,1,2
2584,103,9,0,9.0,0,7159,20,70,92,94,35,67,5,12,12,8,7,56,1,0
2585,102,10,0,10.0,0,7159,22,70,92,94,33,67,5,12,12,7,7,56,1,0
2586,103,9,0,9.0,0,7159,26,70,92,93,33,64,5,12,12,8,7,56,1,0
2587,104,8,0,8.0,0,7159,29,70,92,93,32,62,5,12,12,8,7,56,1,0
2588,103,9,0,9.0,0,7159,36,70,92,93,29,58,5,12,12,7,6,57,1,0
2589,104,8,0,8.0,0,7159,38,42,120,92,27,59,3,15,12,6,6,57,2,0
2590,105,7,0,7.0,0,7159,13,70,120,92,25,58,5,15,12,6,7,58,1,2
2591,106,6,0,6.0,0,7159,13,70,92,113,23,67,5,12,15,6,8,58,1,0
2592,106,6,0,6.0,0,7159,23,70,92,113,22,58,5,12,15,6,7,58,1,0
2593,104,8,0,8.0,0,7159,25,70,92,111,23,57,5,12,14,5,7,58,1,0
2594,105,7,0,7.0,0,7159,27,70,92,111,20,58,5,12,14,5,7,59,1,0
2595,104,8,0,8.0,0,7159,38,70,92,111,20,47,5,12,14,5,5,59,1,0
2596,106,6,0,6.0,0,7159,39,56,106,110,20,47,4,14,14,5,6,59,1,0
2597,107,5,0,5.0,0,7159,15,84,106,109,19,45,6,14,14,5,6,59,1,2
2598,106,6,0,6.0,0,7159,18,84,92,120,19,45,6,12,15,5,6,59,1,0
2599,105,7,0,7.0,0,7159,20,84,92,120,19,43,6,12,15,5,5,59,1,0
2600,105,7,0,7.0,0,7159,24,84,92,119,20,39,6,12,15,5,5,59,1,0
2601,105,7,0,7.0,0,7159,25,84,92,118,21,38,6,12,15,5,5,59,1,0
2602,105,7,0,7.0,0,7159,31,84,92,118,21,32,6,12,15,5,4,59,1,0
2603,105,7,0,7.0,0,7159,33,56,120,117,22,30,4,15,15,5,3,59,1,0
2604,108,4,0,4.0,0,7159,6,84,120,116,22,30,6,15,15,5,5,60,1,2
2605,109,3,0,3.0,0,7159,7,84,92,140,21,34,6,12,18,5,6,60,1,0
2606,108,4,0,4.0,0,7159,10,84,92,138,23,31,6,12,18,5,5,60,1,0
2607,107,5,0,5.0,0,7159,13,84,92,136,24,29,6,12,17,6,4,60,1,0
2608,107,5,0,5.0,0,7159,15,84,92,135,23,29,6,12,17,5,4,60,1,0
2609,106,6,0,6.0,0,7159,24,84,92,135,23,20,6,12,17,5,3,60,1,0
2610,108,4,0,4.0,0,7159,25,56,120,133,25,19,4,15,17,6,3,60,1,0
2611,109,3,0,3.0,0,7159,1,81,120,129,29,18,6,15,17,6,3,60,1,2
2612,112,0,0,0.0,0,7159,4,81,98,149,28,18,6,13,19,6,5,61,1,0
2613,113,0,1,3.0,0,7159,4,81,98,148,28,19,6,13,19,7,5,61,1,0
2614,113,0,1,3.0,0,7159,5,81,98,148,28,18,6,13,19,7,5,61,1,0
2615,112,0,0,0.0,0,7159,7,81,98,147,29,16,6,13,19,7,4,61,1,0
2616,111,1,0,1.0,0,7159,10,81,98,146,30,13,6,13,19,7,3,61,1,0
2617,111,1,0,1.0,0,7159,10,53,126,146,29,14,4,16,19,6,3,61,1,0
2618,112,0,0,0.0,0,7159,0,63,126,145,30,14,5,16,19,7,3,61,1,2
2619,111,1,0,1.0,0,7159,0,63,98,168,27,22,5,13,21,5,4,62,1,0
2620,111,1,0,1.0,0,7159,0,63,98,168,27,22,5,13,21,5,4,62,1,0
2621,114,0,2,6.0,0,7159,0,63,98,166,28,23,5,13,21,6,5,63,1,0
2622,116,0,4,12.0,0,7159,1,63,98,164,30,22,5,13,21,7,5,63,1,0
2623,114,0,2,6.0,0,7159,6,63,98,164,30,17,5,13,21,7,3,63,1,0
2624,115,0,3,9.0,0,7159,6,35,126,164,29,18,3,16,21,6,3,63,2,0
2625,115,0,3,9.0,0,7159,7,35,126,164,29,17,3,16,21,6,3,63,2,2
2626,115,0,3,9.0,0,7159,9,35,112,175,29,18,3,14,22,6,4,63,2,0
2627,115,0,3,9.0,0,7159,9,35,112,175,29,18,3,14,22,6,4,63,2,0
2628,114,0,2,6.0,0,7159,9,35,112,175,27,20,3,14,22,5,4,63,2,0
2629,114,0,2,6.0,0,7159,9,35,112,175,27,20,3,14,22,5,4,63,2,0
2630,113,0,1,3.0,0,7159,12,35,112,175,27,17,3,14,22,5,3,63,2,0
2631,117,0,5,15.0,0,7159,13,10,137,175,26,17,1,18,22,6,3,64,2,0
2632,117,0,5,15.0,0,7159,13,10,137,175,25,18,1,18,22,6,3,64,2,1
2633,117,0,5,15.0,0,7159,13,10,109,199,25,22,1,14,25,6,4,64,2,0
2634,117,0,5,15.0,0,7159,13,10,109,199,25,22,1,14,25,6,4,64,2,0
2635,116,0,4,12.0,0,7159,14,10,109,199,24,22,1,14,25,5,4,64,2,0
2636,117,0,5,15.0,0,7159,14,10,109,199,23,23,1,14,25,5,5,64,2,0
2637,116,0,4,12.0,0,7159,22,10,109,199,23,15,1,14,25,5,3,64,2,0
2638,115,0,3,9.0,0,7159,22,0,119,199,22,16,0,15,25,4,3,64,2,0
2639,117,0,5,15.0,0,7159,23,0,119,199,21,16,0,15,25,5,3,65,2,0
2640,118,0,6,18.0,0,7159,23,0,91,221,21,22,0,12,28,5,4,65,2,0
2641,118,0,6,18.0,0,7159,23,0,91,221,19,24,0,12,28,4,5,65,2,0
2642,117,0,5,15.0,0,7159,24,0,91,221,17,25,0,12,28,4,4,65,2,0
2643,116,0,4,12.0,0,7159,24,0,91,221,16,26,0,12,28,3,4,65,2,0
2644,115,0,3,9.0,0,7159,27,0,91,221,16,23,0,12,28,3,3,65,2,0
2645,117,0,5,15.0,0,7159,27,0,91,221,14,25,0,12,28,3,4,66,2,0
2646,116,0,4,12.0,0,7159,29,0,91,221,10,27,0,12,28,2,3,66,2,0
2647,118,0,6,18.0,0,7159,29,0,63,244,9,33,0,8,31,2,5,67,2,0
2648,118,0,6,18.0,0,7159,29,0,63,244,8,34,0,8,31,2,5,67,2,0
2649,117,0,5,15.0,0,7159,30,0,63,244,8,33,0,8,31,2,4,67,2,0
2650,117,0,5,15.0,0,7159,31,0,63,244,7,33,0,8,31,2,4,67,2,0
2651,116,0,4,12.0,0,7159,35,0,63,244,6,30,0,8,31,1,4,67,2,0
2652,116,0,4,12.0,0,7159,35,0,63,244,6,30,0,8,31,1,4,67,2,0
2653,116,0,4,12.0,0,7159,36,0,63,244,5,30,0,8,31,1,4,67,2,0
2654,116,0,4,12.0,0,7159,37,0,35,264,4,38,0,5,33,1,5,67,2,0
2655,116,0,4,12.0,0,7159,37,0,35,264,4,38,0,5,33,1,5,67,2,0
2656,117,0,5,15.0,0,7159,38,0,35,264,2,39,0,5,33,1,5,68,2,0
2657,115,0,3,9.0,0,7159,39,0,35,264,0,40,0,5,33,0,4,68,2,0
2658,115,0,3,9.0,0,7159,45,0,35,264,0,34,0,5,33,0,3,68,2,0
2659,115,0,3,9.0,0,7159,47,0,35,264,0,32,0,5,33,0,3,68,2,0
2660,115,0,3,9.0,0,7159,49,0,35,264,0,30,0,5,33,0,3,68,2,0
2661,116,0,4,12.0,0,7159,50,0,10,285,0,33,0,2,36,0,4,68,2,0
2662,116,0,4,12.0,0,7159,50,0,10,285,0,33,0,2,36,0,4,68,2,0
2663,117,0,5,15.0,0,7159,52,0,10,284,1,31,0,2,36,1,4,68,2,0
2664,117,0,5,15.0,0,7159,56,0,10,284,1,27,0,2,36,1,4,68,2,0
