day,pens_total,empty,shortage,daily_loss,lambs_sold_today,cumulative_sold,n_avail,n_mate,n_pend,n_preg,n_nurs,n_rest,mate_pens,pending_pens,preg_pens,nurs_pens,rest_pens,fatt_pens,ram_pens,active_batches
840,108,4,0,4.0,0,1570,20,84,0,186,84,4,6,0,24,16,1,58,1,2
841,109,3,0,3.0,1,1571,20,84,0,185,82,7,6,0,24,16,1,59,1,0
842,107,5,0,5.0,2,1573,20,84,0,182,83,9,6,0,23,16,1,58,1,0
843,108,4,0,4.0,0,1573,20,84,0,179,83,12,6,0,23,16,1,59,1,0
844,110,2,0,2.0,0,1573,20,84,0,179,82,13,6,0,23,16,2,60,1,0
845,110,2,0,2.0,5,1578,20,84,0,179,80,15,6,0,23,16,2,60,1,0
846,111,1,0,1.0,0,1578,20,56,28,179,79,16,4,4,23,15,2,60,1,0
847,112,0,0,0.0,5,1583,6,70,28,173,84,17,5,4,22,17,2,60,1,2
848,113,0,1,3.0,0,1583,6,70,28,170,84,20,5,4,22,17,2,61,1,0
849,112,0,0,0.0,2,1585,6,70,28,168,81,25,5,4,21,16,2,62,1,0
850,111,1,0,1.0,2,1587,6,70,28,164,84,26,5,4,21,17,2,60,1,0
851,111,1,0,1.0,0,1587,6,70,28,162,84,28,5,4,21,16,3,60,1,0
852,113,0,1,3.0,6,1593,6,70,28,159,86,29,5,4,20,17,4,61,1,0
853,114,0,2,6.0,9,1602,6,42,56,155,87,32,3,7,20,17,4,60,2,0
854,115,0,3,9.0,3,1605,7,42,56,155,83,35,3,7,20,16,4,62,2,2
855,114,0,2,6.0,8,1613,8,42,56,152,85,35,3,7,19,17,4,61,2,0
856,115,0,3,9.0,0,1613,8,42,56,147,88,37,3,7,19,17,5,61,2,0
857,115,0,3,9.0,2,1615,8,42,56,145,89,38,3,7,19,17,5,61,2,0
858,114,0,2,6.0,4,1619,10,42,56,143,90,37,3,7,18,17,5,61,2,0
859,113,0,1,3.0,6,1625,13,42,56,141,88,38,3,7,18,17,5,60,2,0
860,117,0,5,15.0,8,1633,15,14,84,141,87,37,1,11,18,17,5,61,2,0
861,116,0,4,12.0,4,1637,18,14,84,137,90,35,1,11,18,17,5,60,2,1
862,116,0,4,12.0,2,1639,19,14,84,135,91,35,1,11,17,17,5,61,2,0
863,116,0,4,12.0,7,1646,21,14,84,134,88,37,1,11,17,18,5,60,2,0
864,115,0,3,9.0,8,1654,22,14,84,133,86,39,1,11,17,17,4,61,2,0
865,116,0,4,12.0,0,1654,23,14,84,132,85,40,1,11,17,17,5,61,2,0
866,116,0,4,12.0,4,1658,26,14,84,129,87,38,1,11,17,17,5,61,2,0
867,115,0,3,9.0,6,1664,31,0,98,128,86,35,0,13,16,16,5,60,2,0
868,117,0,5,15.0,2,1666,32,0,98,127,86,35,0,13,16,17,5,61,2,0
869,116,0,4,12.0,3,1669,34,0,98,122,90,34,0,13,16,17,5,60,2,0
870,117,0,5,15.0,9,1678,35,0,98,121,87,37,0,13,16,17,5,61,2,0
871,117,0,5,15.0,9,1687,38,0,98,114,93,35,0,13,15,19,5,60,2,0
872,115,0,3,9.0,6,1693,42,0,98,112,92,34,0,13,14,18,4,61,2,0
873,117,0,5,15.0,8,1701,43,0,98,108,96,33,0,13,14,19,5,60,2,0
874,117,0,5,15.0,5,1706,45,0,98,107,92,36,0,13,14,19,5,60,2,0
875,115,0,3,9.0,0,1706,46,0,98,105,92,37,0,13,14,18,4,60,2,0
876,115,0,3,9.0,4,1710,47,0,70,122,98,41,0,9,16,19,6,59,2,0
877,114,0,2,6.0,11,1721,51,0,70,119,99,39,0,9,15,19,6,59,2,0
878,115,0,3,9.0,2,1723,52,0,70,117,99,40,0,9,15,19,6,60,2,0
879,115,0,3,9.0,6,1729,53,0,70,115,100,40,0,9,15,20,6,59,2,0
880,114,0,2,6.0,16,1745,54,0,70,112,103,39,0,9,14,20,6,59,2,0
881,113,0,1,3.0,10,1755,58,0,70,111,104,35,0,9,14,20,5,58,2,0
882,110,2,0,2.0,6,1761,33,28,70,107,108,32,2,9,14,21,4,55,2,0
883,110,2,0,2.0,2,1763,35,28,42,133,107,33,2,6,17,20,4,56,2,0
884,111,1,0,1.0,11,1774,36,28,42,132,106,34,2,6,17,20,5,56,2,0
885,111,1,0,1.0,3,1777,38,28,42,127,108,35,2,6,16,20,5,57,2,0
886,112,0,0,0.0,4,1781,39,28,42,124,110,35,2,6,16,21,5,57,2,0
887,112,0,0,0.0,2,1783,40,28,42,121,110,37,2,6,16,20,5,58,2,0
888,114,0,2,6.0,7,1790,44,28,42,115,113,36,2,6,15,22,5,58,2,0
889,112,0,0,0.0,5,1795,45,28,42,112,116,35,2,6,14,22,4,58,2,1
890,109,3,0,3.0,7,1802,48,28,14,131,117,40,2,2,17,23,4,55,2,0
891,109,3,0,3.0,2,1804,48,28,14,128,120,40,2,2,16,23,4,56,2,0
892,109,3,0,3.0,2,1806,53,28,14,126,116,41,2,2,16,22,5,56,2,0
893,110,2,0,2.0,7,1813,55,28,14,124,115,42,2,2,16,21,6,57,2,0
894,111,1,0,1.0,4,1817,60,28,14,122,115,39,2,2,16,22,5,57,2,0
895,111,1,0,1.0,2,1819,62,28,14,119,114,41,2,2,15,22,5,58,2,0
896,110,2,0,2.0,7,1826,36,56,14,117,114,41,4,2,15,22,5,58,1,1
897,110,2,0,2.0,7,1833,37,56,0,125,115,45,4,0,16,22,5,59,1,0
898,107,5,0,5.0,3,1836,37,56,0,123,113,49,4,0,16,22,5,56,1,0
899,109,3,0,3.0,6,1842,37,56,0,121,115,49,4,0,16,23,5,57,1,0
900,107,5,0,5.0,2,1844,37,56,0,119,114,52,4,0,15,21,6,57,1,0
901,106,6,0,6.0,5,1849,40,56,0,117,111,54,4,0,15,20,5,58,1,0
902,113,0,1,3.0,10,1859,42,28,28,115,111,54,2,4,15,22,6,59,2,0
903,113,0,1,3.0,9,1868,31,42,28,113,111,53,3,4,15,22,6,58,2,1
904,112,0,0,0.0,2,1870,32,42,28,112,110,54,3,4,14,22,6,58,2,0
905,111,1,0,1.0,20,1890,35,42,28,108,114,51,3,4,14,22,6,57,2,0
906,107,5,0,5.0,10,1900,38,42,28,108,110,52,3,4,14,21,5,55,2,0
907,109,3,0,3.0,2,1902,38,42,28,105,111,54,3,4,14,22,5,56,2,0
908,109,3,0,3.0,12,1914,46,42,28,105,110,47,3,4,14,21,6,55,2,0
909,108,4,0,4.0,0,1914,46,42,28,104,110,48,3,4,13,20,6,56,2,0
910,108,4,0,4.0,8,1922,24,70,28,104,109,43,5,4,13,21,6,56,1,2
911,106,6,0,6.0,10,1932,27,70,28,102,108,43,5,4,13,21,5,55,1,0
912,107,5,0,5.0,0,1932,29,70,28,100,109,42,5,4,13,21,5,55,1,0
913,108,4,0,4.0,7,1939,33,70,28,97,111,39,5,4,13,22,5,55,1,0
914,105,7,0,7.0,2,1941,35,70,28,93,110,42,5,4,12,21,5,54,1,0
915,105,7,0,7.0,9,1950,40,70,28,91,111,38,5,4,12,22,4,54,1,0
916,106,6,0,6.0,4,1954,44,42,56,88,107,41,3,7,11,20,4,55,2,0
917,105,7,0,7.0,2,1956,16,70,56,84,109,43,5,7,11,19,4,56,1,2
918,108,4,0,4.0,4,1960,19,70,56,84,105,44,5,7,11,21,5,56,1,0
919,105,7,0,7.0,6,1966,24,70,56,83,105,40,5,7,11,20,4,55,1,0
920,106,6,0,6.0,7,1973,26,70,56,82,104,40,5,7,11,20,4,56,1,0
921,106,6,0,6.0,2,1975,28,70,56,82,98,44,5,7,11,19,4,57,1,0
922,105,7,0,7.0,6,1981,30,70,56,82,95,45,5,7,11,19,4,55,1,0
923,106,6,0,6.0,4,1985,30,56,70,82,93,47,4,9,11,19,4,55,1,0
924,106,6,0,6.0,15,2000,6,84,70,82,91,45,6,9,11,18,5,55,1,2
925,104,8,0,8.0,2,2002,8,84,70,81,89,46,6,9,11,16,4,56,1,0
926,107,5,0,5.0,2,2004,9,84,70,81,88,46,6,9,11,18,5,56,1,0
927,106,6,0,6.0,14,2018,10,84,70,81,84,49,6,9,11,17,5,56,1,0
928,105,7,0,7.0,13,2031,11,84,70,81,84,48,6,9,11,17,5,55,1,0
929,105,7,0,7.0,2,2033,14,84,70,81,83,46,6,9,11,17,5,55,1,0
930,106,6,0,6.0,2,2035,15,56,98,81,78,50,4,13,11,16,5,54,1,0
931,106,6,0,6.0,4,2039,2,70,98,81,75,52,5,13,11,15,5,55,1,2
932,105,7,0,7.0,4,2043,7,70,70,105,72,54,5,9,14,14,6,55,1,0
933,104,8,0,8.0,4,2047,8,70,70,105,66,59,5,9,14,12,6,56,1,0
934,107,5,0,5.0,4,2051,15,70,70,105,63,55,5,9,14,13,6,57,1,0
935,106,6,0,6.0,10,2061,17,70,70,105,62,54,5,9,14,13,6,56,1,0
936,106,6,0,6.0,0,2061,21,70,70,105,59,53,5,9,14,12,6,57,1,0
937,109,3,0,3.0,4,2065,22,42,98,105,57,54,3,13,14,12,6,57,2,0
938,108,4,0,4.0,2,2067,2,64,98,105,55,54,5,13,14,12,6,56,1,2
939,107,5,0,5.0,5,2072,8,64,98,105,53,50,5,13,14,11,6,56,1,0
940,106,6,0,6.0,4,2076,11,64,98,105,50,50,5,13,14,10,6,56,1,0
941,106,6,0,6.0,2,2078,13,64,98,105,48,50,5,13,14,9,6,57,1,0
942,107,5,0,5.0,4,2082,15,64,98,105,44,52,5,13,14,9,6,57,1,0
943,106,6,0,6.0,6,2088,18,64,98,105,42,51,5,13,14,9,6,56,1,0
944,108,4,0,4.0,6,2094,19,36,126,105,40,52,3,16,14,8,6,57,2,0
945,107,5,0,5.0,4,2098,9,50,126,105,38,50,4,16,14,8,6,57,1,2
946,107,5,0,5.0,4,2102,9,50,98,132,36,53,4,13,17,8,7,56,1,0
947,107,5,0,5.0,4,2106,10,50,98,132,34,54,4,13,17,7,7,57,1,0
948,107,5,0,5.0,9,2115,15,50,98,132,32,51,4,13,17,7,7,56,1,0
949,107,5,0,5.0,5,2120,18,50,98,132,31,49,4,13,17,6,7,57,1,0
950,105,7,0,7.0,14,2134,25,50,98,132,27,46,4,13,17,6,6,56,1,0
951,106,6,0,6.0,10,2144,31,36,112,132,27,40,3,14,17,6,6,55,2,0
952,104,8,0,8.0,11,2155,6,64,112,132,24,40,5,14,17,5,6,55,1,2
953,105,7,0,7.0,3,2158,7,64,98,145,24,40,5,13,19,5,6,55,1,0
954,104,8,0,8.0,2,2160,10,64,98,145,23,38,5,13,19,5,6,54,1,0
955,103,9,0,9.0,3,2163,12,64,98,145,23,36,5,13,19,5,5,54,1,0
956,103,9,0,9.0,0,2163,14,64,98,145,21,36,5,13,19,5,5,54,1,0
957,104,8,0,8.0,4,2167,16,64,98,145,19,36,5,13,19,4,5,55,1,0
958,105,7,0,7.0,4,2171,19,42,120,145,16,36,3,15,19,4,5,55,2,0
959,104,8,0,8.0,0,2171,7,56,120,145,12,38,4,15,19,3,5,56,1,2
960,104,8,0,8.0,3,2174,11,56,92,168,10,41,4,12,21,3,7,55,1,0
961,104,8,0,8.0,0,2174,13,56,92,168,7,42,4,12,21,2,7,56,1,0
962,104,8,0,8.0,0,2174,15,56,92,168,3,44,4,12,21,1,7,56,1,0
963,103,9,0,9.0,0,2174,17,56,92,168,3,42,4,12,21,1,6,56,1,0
964,102,10,0,10.0,2,2176,20,56,92,168,2,40,4,12,21,1,5,56,1,0
965,105,7,0,7.0,0,2176,22,42,106,168,1,39,3,14,21,1,5,57,2,0
966,105,7,0,7.0,6,2182,2,64,106,168,1,37,5,14,21,1,5,57,1,2
967,104,8,0,8.0,0,2182,3,64,78,191,1,41,5,10,24,1,5,57,1,0
968,104,8,0,8.0,0,2182,7,64,78,191,1,37,5,10,24,1,5,57,1,0
969,103,9,0,9.0,2,2184,7,64,78,191,1,37,5,10,24,1,5,56,1,0
970,103,9,0,9.0,0,2184,10,64,78,191,0,35,5,10,24,0,6,56,1,0
971,102,10,0,10.0,0,2184,11,64,78,191,0,34,5,10,24,0,5,56,1,0
972,104,8,0,8.0,0,2184,12,36,106,191,0,33,3,14,24,0,4,56,2,0
973,103,9,0,9.0,0,2184,0,48,106,191,0,33,4,14,24,0,4,56,1,2
974,104,8,0,8.0,0,2184,2,48,78,211,0,39,4,10,27,0,5,56,1,0
975,105,7,0,7.0,0,2184,4,48,78,209,2,37,4,10,27,1,5,56,1,0
976,105,7,0,7.0,2,2186,7,48,78,209,2,34,4,10,27,1,5,56,1,0
977,103,9,0,9.0,0,2186,11,48,78,206,5,30,4,10,26,1,4,56,1,0
978,104,8,0,8.0,0,2186,18,48,78,203,8,23,4,10,26,2,3,56,1,0
979,105,7,0,7.0,2,2188,21,34,92,203,8,20,3,12,26,2,3,55,2,0
980,102,10,0,10.0,0,2188,4,55,92,199,12,16,4,12,25,2,2,55,1,2
981,103,9,0,9.0,0,2188,4,55,78,212,13,16,4,10,27,3,2,55,1,0
982,103,9,0,9.0,0,2188,5,55,78,210,15,15,4,10,27,3,2,55,1,0
983,104,8,0,8.0,0,2188,6,55,78,209,16,14,4,10,27,4,2,55,1,0
984,103,9,0,9.0,0,2188,6,55,78,207,18,14,4,10,26,4,2,55,1,0
985,103,9,0,9.0,0,2188,11,55,78,205,20,9,4,10,26,4,2,55,1,0
986,107,5,0,5.0,2,2190,11,33,100,203,22,9,3,13,26,5,2,55,2,0
987,104,8,0,8.0,2,2192,0,44,100,200,25,9,4,13,25,5,2,54,1,2
988,105,7,0,7.0,0,2192,1,44,78,212,29,14,4,10,27,6,2,54,1,0
989,105,7,0,7.0,0,2192,1,44,78,209,32,14,4,10,27,6,2,54,1,0
990,105,7,0,7.0,0,2192,1,44,78,206,35,14,4,10,26,7,2,54,1,0
991,106,6,0,6.0,0,2192,1,44,78,204,37,14,4,10,26,8,2,54,1,0
992,105,7,0,7.0,0,2192,9,44,78,203,38,6,4,10,26,8,1,54,1,0
993,107,5,0,5.0,2,2194,9,32,90,198,43,6,3,12,25,9,1,54,2,0
994,106,6,0,6.0,2,2196,0,41,90,195,46,6,3,12,25,9,1,54,2,2
995,105,7,0,7.0,2,2198,0,41,76,201,51,9,3,10,26,10,1,53,2,0
996,104,8,0,8.0,0,2198,0,41,76,199,53,9,3,10,25,10,1,53,2,0
997,105,7,0,7.0,0,2198,0,41,76,197,55,9,3,10,25,11,1,53,2,0
998,105,7,0,7.0,0,2198,0,41,76,193,59,9,3,10,25,11,1,53,2,0
999,105,7,0,7.0,0,2198,0,41,76,187,65,9,3,10,24,12,1,53,2,0
1000,107,5,0,5.0,3,2201,0,20,97,182,70,9,2,13,23,13,1,53,2,0
1001,107,5,0,5.0,0,2201,0,20,97,182,70,9,2,13,23,13,1,53,2,2
1002,108,4,0,4.0,2,2203,0,20,69,201,73,15,2,9,26,14,2,53,2,0
1003,107,5,0,5.0,0,2203,0,20,69,199,75,15,2,9,25,14,2,53,2,0
1004,107,5,0,5.0,0,2203,0,20,69,198,76,15,2,9,25,14,2,53,2,0
1005,107,5,0,5.0,2,2205,0,20,69,196,78,15,2,9,25,15,2,52,2,0
1006,107,5,0,5.0,0,2205,6,20,69,196,78,9,2,9,25,15,1,52,2,0
1007,108,4,0,4.0,3,2208,6,9,80,195,79,9,1,10,25,16,1,52,2,0
1008,108,4,0,4.0,0,2208,6,9,80,194,80,9,1,10,25,16,1,52,2,1
1009,108,4,0,4.0,0,2208,6,9,66,207,81,9,1,9,26,16,1,52,2,0
1010,108,4,0,4.0,0,2208,6,9,66,207,81,9,1,9,26,16,1,52,2,0
1011,108,4,0,4.0,0,2208,6,9,66,207,81,9,1,9,26,16,1,52,2,0
1012,108,4,0,4.0,3,2211,6,9,66,207,81,9,1,9,26,16,1,52,2,0
1013,108,4,0,4.0,2,2213,9,9,66,207,81,6,1,9,26,16,1,52,2,0
1014,107,5,0,5.0,2,2215,9,0,75,207,81,6,0,10,26,16,1,51,2,0
1015,107,5,0,5.0,0,2215,0,9,75,207,81,6,1,10,26,16,1,51,2,0
1016,107,5,0,5.0,0,2215,0,9,53,224,81,11,1,7,28,16,2,51,2,0
1017,107,5,0,5.0,0,2215,0,9,53,224,81,11,1,7,28,16,2,51,2,0
1018,107,5,0,5.0,0,2215,0,9,53,224,81,11,1,7,28,16,2,51,2,0
1019,107,5,0,5.0,0,2215,0,9,53,224,81,11,1,7,28,16,2,51,2,0
1020,108,4,0,4.0,0,2215,6,9,53,224,79,7,1,7,28,15,2,52,2,0
1021,108,4,0,4.0,0,2215,6,9,53,224,79,7,1,7,28,15,2,52,2,0
1022,107,5,0,5.0,0,2215,6,9,53,224,76,10,1,7,28,14,2,52,2,1
1023,108,4,0,4.0,0,2215,6,9,41,235,73,14,1,6,30,13,2,53,2,0
1024,108,4,0,4.0,0,2215,6,9,41,235,73,14,1,6,30,13,2,53,2,0
1025,107,5,0,5.0,0,2215,6,9,41,235,69,18,1,6,30,12,2,53,2,0
1026,108,4,0,4.0,0,2215,6,9,41,235,68,19,1,6,30,13,2,53,2,0
1027,110,2,0,2.0,0,2215,6,9,41,235,66,21,1,6,30,13,3,54,2,0
1028,112,0,0,0.0,0,2215,6,9,41,235,65,22,1,6,30,13,4,55,2,0
1029,111,1,0,1.0,0,2215,6,9,41,235,63,24,1,6,30,12,4,55,2,1
1030,110,2,0,2.0,0,2215,6,9,20,253,61,29,1,3,32,11,5,55,2,0
1031,111,1,0,1.0,0,2215,6,9,20,253,59,31,1,3,32,11,5,56,2,0
1032,110,2,0,2.0,0,2215,6,9,20,253,56,34,1,3,32,10,5,56,2,0
1033,110,2,0,2.0,0,2215,6,9,20,253,52,38,1,3,32,9,5,57,2,0
1034,110,2,0,2.0,0,2215,11,9,20,253,49,36,1,3,32,9,5,57,2,0
1035,111,1,0,1.0,0,2215,11,0,29,248,51,39,0,4,31,10,5,58,2,0
1036,114,0,2,6.0,2,2217,11,0,29,246,51,41,0,4,31,11,6,59,2,0
1037,111,1,0,1.0,2,2219,11,0,18,254,53,42,0,3,32,10,6,57,2,0
1038,111,1,0,1.0,0,2219,13,0,18,254,48,45,0,3,32,9,6,58,2,0
1039,112,0,0,0.0,0,2219,13,0,18,250,49,48,0,3,32,10,6,58,2,0
1040,111,1,0,1.0,5,2224,16,0,18,249,45,50,0,3,32,8,6,58,2,0
1041,110,2,0,2.0,7,2231,20,0,18,247,45,48,0,3,31,8,6,58,2,0
1042,110,2,0,2.0,6,2237,20,0,18,246,44,50,0,3,31,8,6,58,2,0
1043,112,0,0,0.0,7,2244,10,14,18,244,42,50,1,3,31,9,6,59,2,0
1044,113,0,1,3.0,3,2247,11,14,9,250,38,56,1,2,32,8,7,60,2,0
1045,112,0,0,0.0,4,2251,13,14,9,249,34,59,1,2,32,6,7,61,2,0
1046,110,2,0,2.0,2,2253,14,14,9,246,37,58,1,2,31,7,7,59,2,0
1047,113,0,1,3.0,2,2255,16,14,9,242,38,59,1,2,31,7,8,60,2,0
1048,110,2,0,2.0,6,2261,21,14,9,241,37,56,1,2,31,7,6,59,2,0
1049,108,4,0,4.0,13,2274,23,14,9,239,38,55,1,2,30,7,6,58,2,0
1050,109,3,0,3.0,2,2276,3,37,9,237,38,54,3,2,30,7,6,58,2,1
1051,110,2,0,2.0,4,2280,7,37,9,237,38,50,3,2,30,7,6,59,2,0
1052,111,1,0,1.0,3,2283,10,37,9,237,37,48,3,2,30,7,6,60,2,0
1053,112,0,0,0.0,6,2289,13,37,9,235,38,46,3,2,30,8,6,60,2,0
1054,108,4,0,4.0,9,2298,15,37,9,233,39,45,3,2,30,7,5,57,2,0
1055,107,5,0,5.0,2,2300,16,37,9,231,41,44,3,2,29,7,5,57,2,0
1056,106,6,0,6.0,6,2306,21,37,9,227,45,39,3,2,29,8,4,56,2,0
1057,106,6,0,6.0,2,2308,3,58,9,224,48,36,5,2,28,9,4,56,1,2
1058,106,6,0,6.0,2,2310,8,58,9,221,51,31,5,2,28,9,4,56,1,0
1059,107,5,0,5.0,7,2317,10,58,9,221,51,29,5,2,28,9,4,57,1,0
1060,108,4,0,4.0,2,2319,12,58,9,218,54,27,5,2,28,10,4,57,1,0
1061,110,2,0,2.0,2,2321,16,58,9,217,55,23,5,2,28,11,4,57,1,0
1062,106,6,0,6.0,3,2324,23,58,9,211,61,16,5,2,27,12,2,55,1,0
1063,104,8,0,8.0,9,2333,28,44,23,209,63,11,4,3,27,12,1,54,1,0
1064,102,10,0,10.0,7,2340,0,72,23,208,64,11,6,3,26,12,1,53,1,2
1065,104,8,0,8.0,4,2344,3,72,14,213,65,11,6,2,27,12,2,53,1,0
1066,104,8,0,8.0,2,2346,5,72,14,208,70,9,6,2,26,13,2,53,1,0
1067,106,6,0,6.0,5,2351,6,72,14,204,74,8,6,2,26,14,2,54,1,0
1068,106,6,0,6.0,3,2354,8,72,14,204,74,6,6,2,26,14,2,54,1,0
1069,106,6,0,6.0,3,2357,8,72,14,200,78,6,6,2,25,15,2,54,1,0
1070,105,7,0,7.0,8,2365,9,49,37,199,79,5,4,5,25,15,2,52,1,0
1071,106,6,0,6.0,2,2367,1,58,37,193,85,4,5,5,25,16,2,51,1,2
1072,104,8,0,8.0,6,2373,2,58,37,188,90,3,5,5,24,17,1,50,1,0
1073,104,8,0,8.0,0,2373,2,58,37,184,94,3,5,5,23,18,1,50,1,0
1074,104,8,0,8.0,10,2383,2,58,37,180,98,3,5,5,23,18,1,50,1,0
1075,106,6,0,6.0,4,2387,2,58,37,177,101,3,5,5,23,19,1,51,1,0
1076,105,7,0,7.0,0,2387,2,58,37,175,103,3,5,5,22,19,1,51,1,0
1077,108,4,0,4.0,5,2392,2,37,58,174,104,3,3,8,22,20,1,51,2,0
1078,106,6,0,6.0,4,2396,2,37,58,172,106,3,3,8,22,20,1,49,2,2
1079,105,7,0,7.0,2,2398,2,37,58,171,107,3,3,8,22,20,1,48,2,0
1080,107,5,0,5.0,0,2398,2,37,58,167,106,8,3,8,21,21,2,49,2,0
1081,109,3,0,3.0,0,2398,2,37,58,162,109,10,3,8,21,22,2,50,2,0
1082,107,5,0,5.0,0,2398,2,37,58,158,110,13,3,8,20,21,2,50,2,0
1083,106,6,0,6.0,2,2400,5,37,58,154,114,10,3,8,20,21,1,50,2,0
1084,108,4,0,4.0,5,2405,5,9,86,152,112,14,1,11,19,21,1,52,2,0
1085,110,2,0,2.0,6,2411,5,9,86,149,114,15,1,11,19,22,2,52,2,1
1086,107,5,0,5.0,2,2413,5,9,86,145,116,17,1,11,19,21,2,50,2,0
1087,107,5,0,5.0,7,2420,5,9,86,140,120,18,1,11,18,22,2,50,2,0
1088,109,3,0,3.0,6,2426,5,9,86,137,121,20,1,11,18,23,3,50,2,0
1089,108,4,0,4.0,0,2426,5,9,86,134,122,22,1,11,17,23,3,50,2,0
1090,108,4,0,4.0,0,2426,5,9,86,133,122,23,1,11,17,23,3,50,2,0
1091,109,3,0,3.0,0,2426,5,0,95,131,121,26,0,12,17,23,3,51,2,0
1092,108,4,0,4.0,15,2441,5,0,95,130,118,30,0,12,17,22,3,51,2,0
1093,110,2,0,2.0,7,2448,5,0,81,138,119,35,0,11,18,23,4,51,2,0
1094,108,4,0,4.0,4,2452,5,0,81,136,119,37,0,11,17,22,5,50,2,0
1095,108,4,0,4.0,9,2461,5,0,81,136,117,39,0,11,17,22,5,50,2,0
1096,109,3,0,3.0,6,2467,5,0,81,135,118,39,0,11,17,22,5,51,2,0
1097,108,4,0,4.0,6,2473,5,0,81,134,119,39,0,11,17,22,5,50,2,0
1098,108,4,0,4.0,8,2481,10,0,81,134,117,36,0,11,17,22,6,49,2,0
1099,108,4,0,4.0,0,2481,2,10,81,130,119,36,1,11,17,22,5,49,2,0
1100,108,4,0,4.0,6,2487,5,10,58,146,121,38,1,8,19,23,5,49,2,0
1101,107,5,0,5.0,11,2498,5,10,58,144,119,42,1,8,18,22,5,50,2,0
1102,105,7,0,7.0,5,2503,9,10,58,141,119,41,1,8,18,22,5,48,2,0
1103,106,6,0,6.0,4,2507,10,10,58,139,118,43,1,8,18,22,5,49,2,0
1104,108,4,0,4.0,5,2512,12,10,58,137,120,41,1,8,18,22,6,50,2,0
1105,106,6,0,6.0,0,2512,13,10,58,136,118,43,1,8,17,22,5,50,2,0
1106,109,3,0,3.0,8,2520,2,23,58,135,118,42,2,8,17,23,6,50,2,1
1107,104,8,0,8.0,4,2524,4,23,37,150,113,51,2,5,19,21,6,48,2,0
1108,107,5,0,5.0,2,2526,5,23,37,147,114,52,2,5,19,22,6,50,2,0
1109,106,6,0,6.0,2,2528,8,23,37,145,115,50,2,5,19,21,6,50,2,0
1110,105,7,0,7.0,2,2530,12,23,37,141,118,47,2,5,18,22,6,49,2,0
1111,106,6,0,6.0,5,2535,17,23,37,139,115,47,2,5,18,22,5,50,2,0
1112,106,6,0,6.0,2,2537,19,23,37,137,113,49,2,5,18,21,6,50,2,0
1113,106,6,0,6.0,2,2539,7,37,37,132,118,47,3,5,17,22,5,51,2,2
1114,108,4,0,4.0,11,2550,7,37,9,154,115,56,3,2,20,23,7,50,2,0
1115,106,6,0,6.0,2,2552,7,37,9,149,119,57,3,2,19,23,7,49,2,0
1116,106,6,0,6.0,15,2567,9,37,9,148,114,61,3,2,19,22,7,50,2,0
1117,103,9,0,9.0,4,2571,11,37,9,144,113,64,3,2,18,20,7,50,2,0
1118,105,7,0,7.0,8,2579,16,37,9,141,112,63,3,2,18,22,6,50,2,0
1119,105,7,0,7.0,2,2581,20,27,19,140,109,63,2,3,18,22,6,50,2,0
1120,104,8,0,8.0,4,2585,9,41,19,139,107,63,3,3,18,19,7,51,2,2
1121,104,8,0,8.0,12,2597,12,41,10,142,108,65,3,2,18,20,7,51,2,0
1122,106,6,0,6.0,7,2604,12,41,10,141,108,66,3,2,18,21,8,51,2,0
1123,106,6,0,6.0,4,2608,15,41,10,139,108,65,3,2,18,21,8,50,2,0
1124,105,7,0,7.0,4,2612,16,41,10,138,108,65,3,2,18,21,7,50,2,0
1125,101,11,0,11.0,7,2619,27,41,10,135,107,58,3,2,17,19,6,50,2,0
1126,104,8,0,8.0,1,2620,29,28,23,132,105,61,2,3,17,21,6,50,2,0
1127,103,9,0,9.0,8,2628,2,56,23,128,105,64,4,3,16,22,6,50,1,2
1128,102,10,0,10.0,0,2628,3,56,23,125,104,67,4,3,16,19,7,51,1,0
1129,102,10,0,10.0,2,2630,8,56,23,120,107,64,4,3,15,20,6,52,1,0
1130,103,9,0,9.0,10,2640,12,56,23,119,105,63,4,3,15,20,7,52,1,0
1131,102,10,0,10.0,7,2647,12,56,23,118,102,67,4,3,15,19,7,52,1,0
1132,101,11,0,11.0,8,2655,21,56,23,115,100,63,4,3,15,19,6,51,1,0
1133,102,10,0,10.0,14,2669,22,42,37,113,99,65,3,5,15,18,6,51,2,0
1134,104,8,0,8.0,6,2675,6,64,37,113,96,62,5,5,15,19,7,51,1,2
1135,104,8,0,8.0,3,2678,11,64,37,113,95,58,5,5,15,19,7,51,1,0
1136,101,11,0,11.0,6,2684,15,64,37,112,94,56,5,5,14,17,6,51,1,0
1137,102,10,0,10.0,4,2688,19,64,37,112,93,53,5,5,14,18,6,51,1,0
1138,103,9,0,9.0,5,2693,22,64,37,110,93,52,5,5,14,18,6,52,1,0
1139,100,12,0,12.0,4,2697,27,64,37,108,93,49,5,5,14,17,5,51,1,0
1140,100,12,0,12.0,7,2704,28,50,51,107,94,48,4,7,14,17,5,50,1,0
1141,102,10,0,10.0,4,2708,2,78,51,106,94,47,6,7,14,18,5,50,1,2
1142,103,9,0,9.0,7,2715,3,78,51,105,94,47,6,7,14,19,5,50,1,0
1143,102,10,0,10.0,3,2718,7,78,51,104,95,43,6,7,13,19,5,50,1,0
1144,99,13,0,13.0,5,2723,12,78,51,102,93,42,6,7,13,17,4,50,1,0
1145,101,11,0,11.0,5,2728,16,78,51,99,92,42,6,7,13,18,4,50,1,0
1146,101,11,0,11.0,4,2732,20,78,51,96,93,40,6,7,12,18,4,51,1,0
1147,101,11,0,11.0,4,2736,22,50,79,94,92,41,4,10,12,18,4,50,1,0
1148,101,11,0,11.0,4,2740,3,72,79,92,92,40,6,10,12,17,4,50,1,2
1149,105,7,0,7.0,2,2742,7,72,69,99,92,39,6,9,13,19,6,50,1,0
1150,104,8,0,8.0,8,2750,12,72,69,97,93,35,6,9,13,19,5,50,1,0
1151,104,8,0,8.0,0,2750,15,72,69,96,93,33,6,9,12,19,5,50,1,0
1152,102,10,0,10.0,9,2759,18,72,69,95,93,31,6,9,12,18,5,49,1,0
1153,102,10,0,10.0,0,2759,19,72,69,95,90,33,6,9,12,17,5,50,1,0
1154,104,8,0,8.0,2,2761,21,50,91,95,88,33,4,12,12,17,5,51,1,0
1155,105,7,0,7.0,0,2761,1,71,91,95,84,36,6,12,12,17,5,51,1,2
1156,103,9,0,9.0,5,2766,3,71,78,103,84,39,6,10,13,16,5,51,1,0
1157,106,6,0,6.0,4,2770,5,71,78,103,82,39,6,10,13,18,6,51,1,0
1158,106,6,0,6.0,8,2778,5,71,78,102,78,44,6,10,13,17,6,52,1,0
1159,104,8,0,8.0,8,2786,6,71,78,102,77,44,6,10,13,16,6,51,1,0
1160,104,8,0,8.0,4,2790,7,71,78,102,72,48,6,10,13,15,6,52,1,0
1161,105,7,0,7.0,7,2797,7,43,106,101,72,49,4,14,13,15,6,51,1,0
1162,104,8,0,8.0,8,2805,4,50,106,101,68,49,4,14,13,14,6,51,1,2
1163,105,7,0,7.0,0,2805,8,50,92,112,66,50,4,12,14,14,7,52,1,0
1164,104,8,0,8.0,2,2807,10,50,92,112,65,49,4,12,14,13,7,52,1,0
1165,105,7,0,7.0,2,2809,13,50,92,112,64,47,4,12,14,14,7,52,1,0
1166,106,6,0,6.0,0,2809,15,50,92,111,62,48,4,12,14,14,7,52,1,0
1167,105,7,0,7.0,0,2809,18,50,92,111,61,46,4,12,14,13,6,53,1,0
1168,107,5,0,5.0,0,2809,19,28,114,110,60,47,2,15,14,13,6,53,2,0
1169,107,5,0,5.0,0,2809,6,42,114,110,59,47,3,15,14,13,6,53,2,2
1170,106,6,0,6.0,2,2811,7,42,100,123,56,50,3,13,16,11,7,53,2,0
1171,107,5,0,5.0,0,2811,10,42,100,122,54,50,3,13,16,12,7,53,2,0
1172,107,5,0,5.0,0,2811,12,42,100,122,50,52,3,13,16,11,7,54,2,0
1173,108,4,0,4.0,0,2811,16,42,100,122,47,51,3,13,16,11,7,54,2,0
1174,107,5,0,5.0,0,2811,21,42,100,122,42,51,3,13,16,10,6,55,2,0
1175,108,4,0,4.0,0,2811,23,21,121,122,41,50,2,16,16,9,6,55,2,0
1176,109,3,0,3.0,0,2811,5,44,121,122,40,46,4,16,16,9,6,56,1,2
1177,109,3,0,3.0,0,2811,6,44,93,146,37,52,4,12,19,9,7,56,1,0
1178,109,3,0,3.0,0,2811,11,44,93,146,35,49,4,12,19,8,7,57,1,0
1179,110,2,0,2.0,0,2811,12,44,93,145,36,48,4,12,19,9,7,57,1,0
1180,109,3,0,3.0,0,2811,16,44,93,143,38,44,4,12,18,9,6,57,1,0
1181,109,3,0,3.0,0,2811,21,44,93,143,37,40,4,12,18,9,6,57,1,0
1182,110,2,0,2.0,0,2811,22,37,100,143,37,39,3,13,18,9,6,57,2,0
1183,108,4,0,4.0,0,2811,1,59,100,143,35,40,5,13,18,8,5,57,1,2
1184,109,3,0,3.0,0,2811,4,59,78,164,33,40,5,10,21,8,6,57,1,0
1185,110,2,0,2.0,0,2811,5,59,78,164,32,40,5,10,21,8,6,58,1,0
1186,110,2,0,2.0,0,2811,7,59,78,164,31,39,5,10,21,7,6,59,1,0
1187,110,2,0,2.0,0,2811,8,59,78,164,30,39,5,10,21,7,6,59,1,0
1188,108,4,0,4.0,0,2811,12,59,78,164,29,36,5,10,21,7,4,59,1,0
1189,110,2,0,2.0,0,2811,15,45,92,164,27,35,4,12,21,6,5,59,1,0
1190,110,2,0,2.0,0,2811,5,59,92,164,24,34,5,12,21,6,5,59,1,2
1191,109,3,0,3.0,0,2811,8,59,64,191,21,35,5,8,24,5,5,60,1,0
1192,110,2,0,2.0,0,2811,13,59,64,190,20,32,5,8,24,6,5,60,1,0
1193,111,1,0,1.0,0,2811,14,59,64,190,18,33,5,8,24,6,5,61,1,0
1194,112,0,0,0.0,0,2811,15,59,64,190,16,34,5,8,24,5,5,62,1,0
1195,112,0,0,0.0,0,2811,22,59,64,190,14,29,5,8,24,5,5,62,1,0
1196,113,0,1,3.0,0,2811,24,36,87,187,16,28,3,11,24,5,4,62,2,0
1197,113,0,1,3.0,0,2811,24,36,87,187,15,29,3,11,24,4,5,62,2,2
1198,114,0,2,6.0,0,2811,24,36,65,205,17,31,3,9,26,4,6,62,2,0
1199,113,0,1,3.0,0,2811,25,36,65,203,19,30,3,9,26,5,4,62,2,0
1200,113,0,1,3.0,0,2811,25,36,65,203,19,30,3,9,26,5,4,62,2,0
1201,115,0,3,9.0,0,2811,27,36,65,203,17,30,3,9,26,5,5,63,2,0
1202,116,0,4,12.0,0,2811,30,36,65,202,18,27,3,9,26,6,4,63,2,0
1203,118,0,6,18.0,0,2811,31,14,87,201,18,27,1,11,26,6,5,64,2,0
1204,117,0,5,15.0,0,2811,32,14,87,198,21,26,1,11,25,6,5,64,2,1
1205,118,0,6,18.0,0,2811,33,14,66,218,21,26,1,9,28,6,5,64,2,0
1206,119,0,7,21.0,0,2811,34,14,66,215,23,26,1,9,27,7,6,64,2,0
1207,118,0,6,18.0,0,2811,36,14,66,214,24,24,1,9,27,7,5,64,2,0
1208,116,0,4,12.0,0,2811,39,14,66,214,23,22,1,9,27,6,4,64,2,0
1209,116,0,4,12.0,0,2811,43,14,66,211,26,18,1,9,27,6,3,64,2,0
1210,117,0,5,15.0,0,2811,45,0,80,209,28,16,0,10,27,7,3,64,2,0
1211,118,0,6,18.0,0,2811,47,0,80,206,30,15,0,10,26,7,4,65,2,0
1212,120,0,8,24.0,0,2811,49,0,73,208,34,14,0,10,26,8,5,65,2,0
1213,119,0,7,21.0,0,2811,51,0,73,205,36,13,0,10,26,8,4,65,2,0
1214,120,0,8,24.0,0,2811,52,0,73,204,37,12,0,10,26,9,4,65,2,0
1215,120,0,8,24.0,0,2811,53,0,73,202,39,11,0,10,26,9,4,65,2,0
1216,118,0,6,18.0,0,2811,55,0,73,197,43,10,0,10,25,9,3,65,2,0
1217,118,0,6,18.0,0,2811,55,0,73,194,46,10,0,10,25,9,3,65,2,0
1218,119,0,7,21.0,0,2811,55,0,73,193,47,10,0,10,25,10,3,65,2,0
1219,119,0,7,21.0,0,2811,57,0,59,200,51,11,0,8,25,10,4,65,2,0
1220,118,0,6,18.0,4,2815,57,0,59,199,52,11,0,8,25,10,4,64,2,0
1221,119,0,7,21.0,0,2815,58,0,59,198,53,10,0,8,25,11,4,64,2,0
1222,119,0,7,21.0,7,2822,58,0,59,193,58,10,0,8,25,11,4,64,2,0
1223,116,0,4,12.0,7,2829,59,0,59,188,63,9,0,8,24,12,3,62,2,0
1224,118,0,6,18.0,0,2829,60,0,59,187,63,9,0,8,24,12,4,63,2,0
1225,118,0,6,18.0,8,2837,60,0,59,186,62,11,0,8,24,12,4,63,2,0
1226,118,0,6,18.0,2,2839,61,0,36,205,64,12,0,5,26,13,4,63,2,0
1227,118,0,6,18.0,4,2843,61,0,36,203,66,12,0,5,26,13,4,63,2,0
1228,119,0,7,21.0,2,2845,61,0,36,203,66,12,0,5,26,13,4,64,2,0
1229,117,0,5,15.0,5,2850,62,0,36,202,67,11,0,5,26,13,4,62,2,0
1230,116,0,4,12.0,5,2855,63,0,36,199,70,10,0,5,25,14,3,62,2,0
1231,116,0,4,12.0,4,2859,64,0,36,198,71,9,0,5,25,14,3,62,2,0
1232,114,0,2,6.0,6,2865,64,0,36,197,72,9,0,5,25,14,3,60,2,0
1233,114,0,2,6.0,8,2873,64,0,14,213,74,13,0,2,27,14,4,60,2,0
1234,113,0,1,3.0,7,2880,65,0,14,213,74,12,0,2,27,14,3,60,2,0
1235,113,0,1,3.0,6,2886,65,0,14,212,75,12,0,2,27,15,3,59,2,0
1236,114,0,2,6.0,5,2891,65,0,14,212,75,12,0,2,27,15,3,60,2,0
1237,112,0,0,0.0,2,2893,68,0,14,212,74,10,0,2,27,14,3,59,2,0
1238,112,0,0,0.0,10,2903,68,0,14,212,74,10,0,2,27,14,3,59,2,0
1239,112,0,0,0.0,6,2909,54,14,14,212,74,10,1,2,27,14,3,59,2,0
1240,110,2,0,2.0,11,2920,54,14,0,224,74,12,1,0,28,14,4,57,2,0
1241,110,2,0,2.0,5,2925,54,14,0,224,71,15,1,0,28,14,4,57,2,0
1242,110,2,0,2.0,6,2931,55,14,0,224,71,14,1,0,28,14,4,57,2,0
1243,108,4,0,4.0,9,2940,57,14,0,224,69,14,1,0,28,13,3,56,2,0
1244,108,4,0,4.0,12,2952,59,14,0,224,67,14,1,0,28,13,2,57,2,0
1245,106,6,0,6.0,11,2963,59,14,0,224,67,14,1,0,28,13,2,55,2,0
1246,106,6,0,6.0,0,2963,31,42,0,224,67,14,3,0,28,13,2,55,2,1
1247,109,3,0,3.0,6,2969,31,42,0,224,66,15,3,0,28,14,3,56,2,0
1248,106,6,0,6.0,4,2973,31,42,0,224,65,16,3,0,28,12,3,55,2,0
1249,106,6,0,6.0,3,2976,31,42,0,224,62,19,3,0,28,12,3,55,2,0
1250,106,6,0,6.0,4,2980,31,42,0,224,62,19,3,0,28,12,3,55,2,0
1251,107,5,0,5.0,0,2980,35,42,0,223,60,18,3,0,28,12,3,56,2,0
1252,107,5,0,5.0,2,2982,35,42,0,223,59,19,3,0,28,12,3,56,2,0
1253,106,6,0,6.0,2,2984,7,70,0,222,60,19,5,0,28,12,3,56,1,2
1254,105,7,0,7.0,2,2986,7,70,0,222,57,22,5,0,28,12,3,55,1,0
1255,106,6,0,6.0,0,2986,8,70,0,222,55,23,5,0,28,12,3,56,1,0
1256,105,7,0,7.0,0,2986,8,70,0,220,54,26,5,0,28,10,4,56,1,0
1257,107,5,0,5.0,0,2986,8,70,0,219,51,30,5,0,28,10,5,57,1,0
1258,106,6,0,6.0,0,2986,10,70,0,217,50,31,5,0,28,10,4,57,1,0
1259,108,4,0,4.0,0,2986,13,56,14,215,51,29,4,2,27,11,4,58,1,0
1260,108,4,0,4.0,0,2986,0,69,14,214,50,31,5,2,27,11,4,58,1,2
1261,109,3,0,3.0,0,2986,2,69,14,213,46,34,5,2,27,10,4,59,1,0
1262,108,4,0,4.0,0,2986,4,69,14,212,44,35,5,2,27,10,3,59,1,0
1263,110,2,0,2.0,0,2986,4,69,14,211,44,36,5,2,27,10,4,60,1,0
1264,108,4,0,4.0,0,2986,4,69,14,208,43,40,5,2,26,9,4,60,1,0
1265,108,4,0,4.0,0,2986,5,69,14,208,42,40,5,2,26,9,4,60,1,0
1266,113,0,1,3.0,0,2986,6,41,42,205,44,40,3,6,26,9,5,61,2,0
1267,113,0,1,3.0,0,2986,9,41,42,204,40,42,3,6,26,9,5,61,2,2
1268,113,0,1,3.0,0,2986,9,41,42,202,37,47,3,6,26,8,5,62,2,0
1269,113,0,1,3.0,0,2986,12,41,42,202,36,45,3,6,26,8,5,62,2,0
1270,112,0,0,0.0,0,2986,13,41,42,200,37,45,3,6,25,8,5,62,2,0
1271,113,0,1,3.0,0,2986,13,41,42,199,36,47,3,6,25,8,5,63,2,0
1272,114,0,2,6.0,0,2986,16,41,42,196,37,46,3,6,25,8,5,63,2,0
1273,115,0,3,9.0,0,2986,18,13,70,196,37,44,1,9,25,8,5,63,2,0
1274,115,0,3,9.0,0,2986,21,13,70,195,37,42,1,9,25,8,5,63,2,1
1275,115,0,3,9.0,0,2986,25,13,70,190,39,41,1,9,24,8,5,64,2,0
1276,115,0,3,9.0,0,2986,28,13,70,189,39,39,1,9,24,8,5,64,2,0
1277,117,0,5,15.0,0,2986,29,13,70,186,41,39,1,9,24,9,5,64,2,0
1278,115,0,3,9.0,0,2986,31,13,70,183,42,39,1,9,23,9,4,64,2,0
1279,115,0,3,9.0,0,2986,36,13,70,183,42,34,1,9,23,9,4,64,2,0
1280,117,0,5,15.0,10,2996,39,0,83,179,45,32,0,11,23,9,4,65,2,0
1281,117,0,5,15.0,5,3001,40,0,83,177,47,31,0,11,23,9,4,65,2,0
1282,116,0,4,12.0,6,3007,44,0,83,176,48,27,0,11,22,10,3,64,2,0
1283,117,0,5,15.0,0,3007,45,0,83,174,50,26,0,11,22,11,3,64,2,0
1284,116,0,4,12.0,9,3016,46,0,83,168,56,25,0,11,21,12,3,63,2,0
1285,116,0,4,12.0,2,3018,51,0,83,165,59,20,0,11,21,12,3,63,2,0
1286,115,0,3,9.0,5,3023,56,0,83,163,61,15,0,11,21,13,2,62,2,0
1287,115,0,3,9.0,2,3025,57,0,83,159,65,14,0,11,20,13,2,62,2,0
1288,115,0,3,9.0,3,3028,58,0,83,159,65,13,0,11,20,13,2,62,2,0
1289,117,0,5,15.0,4,3032,60,0,69,169,67,13,0,9,22,14,3,62,2,0
1290,115,0,3,9.0,3,3035,62,0,69,165,71,11,0,9,21,14,2,62,2,0
1291,115,0,3,9.0,5,3040,62,0,69,161,75,11,0,9,21,15,2,61,2,0
1292,114,0,2,6.0,8,3048,63,0,69,155,81,10,0,9,20,16,2,60,2,0
1293,114,0,2,6.0,2,3050,66,0,69,149,87,7,0,9,19,17,2,60,2,0
1294,114,0,2,6.0,6,3056,67,0,69,145,91,6,0,9,19,18,2,59,2,0
1295,113,0,1,3.0,5,3061,68,0,69,142,94,5,0,9,18,18,2,59,2,0
1296,114,0,2,6.0,0,3061,70,0,41,160,98,9,0,6,20,18,3,60,2,0
1297,115,0,3,9.0,0,3061,70,0,41,158,100,9,0,6,20,19,3,60,2,0
1298,114,0,2,6.0,5,3066,71,0,41,152,105,9,0,6,19,19,2,60,2,0
1299,113,0,1,3.0,5,3071,71,0,41,148,109,9,0,6,19,19,2,59,2,0
1300,114,0,2,6.0,4,3075,71,0,41,147,110,9,0,6,19,20,2,59,2,0
1301,114,0,2,6.0,7,3082,71,0,41,145,110,11,0,6,19,21,2,58,2,0
1302,112,0,0,0.0,5,3087,71,0,41,142,112,12,0,6,18,21,2,57,2,0
1303,113,0,1,3.0,7,3094,71,0,13,165,112,17,0,2,21,20,3,59,2,0
1304,116,0,4,12.0,0,3094,71,0,13,157,118,19,0,2,20,22,4,60,2,0
1305,115,0,3,9.0,5,3099,71,0,13,153,121,20,0,2,20,22,4,59,2,0
1306,114,0,2,6.0,2,3101,71,0,13,152,121,21,0,2,19,22,4,59,2,0
1307,112,0,0,0.0,11,3112,73,0,13,149,123,20,0,2,19,22,3,58,2,0
1308,112,0,0,0.0,4,3116,73,0,13,144,127,21,0,2,18,23,3,58,2,0
1309,112,0,0,0.0,2,3118,45,28,13,141,127,24,2,2,18,23,3,58,2,0
1310,112,0,0,0.0,2,3120,45,28,0,150,129,26,2,0,19,24,4,57,2,0
1311,111,1,0,1.0,10,3130,45,28,0,149,127,29,2,0,19,24,4,56,2,0
1312,113,0,1,3.0,9,3139,45,28,0,148,127,30,2,0,19,23,5,58,2,0
1313,113,0,1,3.0,0,3139,45,28,0,148,125,32,2,0,19,23,5,58,2,0
1314,111,1,0,1.0,9,3148,51,28,0,145,128,26,2,0,19,24,3,57,2,0
1315,110,2,0,2.0,2,3150,51,28,0,142,129,28,2,0,18,23,4,57,2,0
1316,107,5,0,5.0,14,3164,24,56,0,142,128,28,4,0,18,23,3,56,1,1
1317,107,5,0,5.0,11,3175,24,56,0,142,125,31,4,0,18,23,4,55,1,0
1318,107,5,0,5.0,8,3183,24,56,0,141,126,31,4,0,18,24,4,54,1,0
1319,105,7,0,7.0,11,3194,26,56,0,140,126,30,4,0,18,23,4,53,1,0
1320,106,6,0,6.0,7,3201,27,56,0,137,124,34,4,0,18,22,4,55,1,0
1321,109,3,0,3.0,4,3205,32,56,0,135,125,30,4,0,17,25,4,55,1,0
1322,107,5,0,5.0,2,3207,34,56,0,133,124,31,4,0,17,23,4,55,1,0
1323,108,4,0,4.0,4,3211,7,84,0,131,123,33,6,0,17,23,5,55,1,2
1324,108,4,0,4.0,2,3213,8,84,0,130,124,32,6,0,17,23,5,55,1,0
1325,107,5,0,5.0,7,3220,9,84,0,128,122,35,6,0,16,24,5,54,1,0
1326,105,7,0,7.0,12,3232,10,84,0,123,125,36,6,0,16,23,5,53,1,0
1327,104,8,0,8.0,8,3240,13,84,0,121,126,34,6,0,16,22,5,53,1,0
1328,106,6,0,6.0,8,3248,15,84,0,120,125,34,6,0,15,23,4,55,1,0
1329,110,2,0,2.0,4,3252,18,56,28,119,120,37,4,4,15,24,4,56,1,0
1330,107,5,0,5.0,7,3259,5,70,28,119,117,39,5,4,15,22,4,55,1,2
1331,108,4,0,4.0,9,3268,7,70,28,116,118,39,5,4,15,22,5,55,1,0
1332,108,4,0,4.0,10,3278,7,70,28,116,114,43,5,4,15,22,5,55,1,0
1333,105,7,0,7.0,6,3284,9,70,28,109,121,41,5,4,14,23,4,53,1,0
1334,105,7,0,7.0,6,3290,10,70,28,108,120,42,5,4,14,22,5,53,1,0
1335,105,7,0,7.0,2,3292,13,70,28,105,119,43,5,4,14,22,5,53,1,0
1336,107,5,0,5.0,5,3297,13,42,56,103,117,47,3,7,13,21,5,55,2,0
1337,110,2,0,2.0,2,3299,1,55,56,101,113,52,4,7,13,23,5,56,1,2
1338,108,4,0,4.0,5,3304,6,55,56,100,108,53,4,7,13,21,5,56,1,0
1339,107,5,0,5.0,4,3308,7,55,56,99,105,56,4,7,13,20,5,56,1,0
1340,108,4,0,4.0,0,3308,10,55,56,95,106,56,4,7,12,21,5,57,1,0
1341,108,4,0,4.0,2,3310,13,55,56,93,103,58,4,7,12,21,5,57,1,0
1342,107,5,0,5.0,2,3312,13,55,56,92,102,60,4,7,12,20,6,56,1,0
1343,111,1,0,1.0,0,3312,17,27,84,89,99,62,2,11,12,19,6,57,2,0
1344,112,0,0,0.0,6,3318,19,27,84,86,98,64,2,11,11,19,6,59,2,2
1345,113,0,1,3.0,7,3325,20,27,84,86,97,64,2,11,11,20,6,59,2,0
1346,111,1,0,1.0,5,3330,22,27,84,82,99,64,2,11,11,19,6,58,2,0
1347,109,3,0,3.0,6,3336,28,27,84,80,98,61,2,11,10,18,6,58,2,0
1348,110,2,0,2.0,4,3340,31,27,84,78,98,60,2,11,10,19,5,58,2,0
1349,110,2,0,2.0,4,3344,33,27,84,78,90,66,2,11,10,18,6,58,2,0
1350,111,1,0,1.0,2,3346,37,13,98,75,89,66,1,13,10,18,6,58,2,0
1351,110,2,0,2.0,2,3348,9,41,98,74,89,67,3,13,10,17,6,58,2,1
1352,113,0,1,3.0,3,3351,11,41,98,73,87,68,3,13,10,17,7,60,2,0
1353,113,0,1,3.0,6,3357,15,41,98,72,83,69,3,13,9,17,6,61,2,0
1354,111,1,0,1.0,3,3360,19,41,98,72,80,68,3,13,9,16,6,60,2,0
1355,109,3,0,3.0,9,3369,25,41,98,71,79,64,3,13,9,15,6,59,2,0
1356,112,0,0,0.0,3,3372,31,41,98,71,78,59,3,13,9,16,6,60,2,0
1357,110,2,0,2.0,5,3377,35,28,111,71,77,56,2,14,9,16,5,59,2,0
1358,108,4,0,4.0,11,3388,10,56,111,71,77,53,4,14,9,16,5,58,1,1
1359,109,3,0,3.0,2,3390,15,56,83,99,74,51,4,11,13,15,5,58,1,0
1360,111,1,0,1.0,11,3401,17,56,83,99,71,52,4,11,13,15,6,59,1,0
1361,110,2,0,2.0,2,3403,23,56,83,99,71,46,4,11,13,15,5,59,1,0
1362,108,4,0,4.0,9,3412,27,56,83,99,71,42,4,11,13,15,4,58,1,0
1363,105,7,0,7.0,6,3418,28,56,83,99,70,42,4,11,13,13,4,57,1,0
1364,108,4,0,4.0,2,3420,30,56,83,99,69,41,4,11,13,14,5,57,1,0
1365,106,6,0,6.0,2,3422,5,84,83,99,66,41,6,11,13,13,4,57,1,2
1366,106,6,0,6.0,7,3429,7,84,55,125,64,43,6,7,16,13,5,57,1,0
1367,107,5,0,5.0,3,3432,15,84,55,125,62,37,6,7,16,13,5,57,1,0
1368,107,5,0,5.0,5,3437,19,84,55,125,60,35,6,7,16,12,5,58,1,0
1369,107,5,0,5.0,2,3439,20,84,55,125,59,35,6,7,16,12,5,58,1,0
1370,105,7,0,7.0,6,3445,23,84,55,125,57,34,6,7,16,12,4,57,1,0
1371,105,7,0,7.0,6,3451,28,56,83,125,52,34,4,11,16,10,4,57,1,0
1372,106,6,0,6.0,8,3459,3,84,83,125,50,33,6,11,16,10,4,57,1,2
1373,104,8,0,8.0,6,3465,5,84,55,147,49,38,6,7,19,10,5,55,1,0
1374,104,8,0,8.0,12,3477,6,84,55,147,48,38,6,7,19,10,5,55,1,0
1375,103,9,0,9.0,2,3479,7,84,55,147,48,37,6,7,19,10,4,55,1,0
1376,104,8,0,8.0,3,3482,7,84,55,147,45,40,6,7,19,9,5,56,1,0
1377,103,9,0,9.0,5,3487,10,84,55,147,45,37,6,7,19,9,4,56,1,0
1378,104,8,0,8.0,4,3491,13,56,83,147,38,41,4,11,19,8,4,56,1,0
1379,104,8,0,8.0,0,3491,0,69,83,147,37,42,5,11,19,7,5,56,1,2
1380,104,8,0,8.0,0,3491,0,69,69,157,34,49,5,9,20,7,6,56,1,0
1381,106,6,0,6.0,2,3493,1,69,69,157,32,50,5,9,20,7,7,56,1,0
1382,106,6,0,6.0,0,3493,2,69,69,157,30,51,5,9,20,7,7,56,1,0
1383,105,7,0,7.0,4,3497,5,69,69,157,29,49,5,9,20,6,7,56,1,0
1384,105,7,0,7.0,4,3501,9,69,69,157,28,46,5,9,20,6,6,57,1,0
1385,106,6,0,6.0,3,3504,11,41,97,157,24,48,3,13,20,5,5,57,2,0
1386,107,5,0,5.0,3,3507,2,52,97,157,22,48,4,13,20,5,6,57,1,2
1387,105,7,0,7.0,2,3509,3,52,84,168,23,48,4,11,21,5,5,57,1,0
1388,106,6,0,6.0,2,3511,5,52,84,167,21,49,4,11,21,5,6,57,1,0
1389,106,6,0,6.0,1,3512,10,52,84,167,18,47,4,11,21,5,6,57,1,0
1390,106,6,0,6.0,6,3518,12,52,84,165,20,45,4,11,21,5,6,57,1,0
1391,105,7,0,7.0,8,3526,19,52,84,165,16,42,4,11,21,4,6,56,1,0
1392,107,5,0,5.0,5,3531,20,24,112,165,14,43,2,14,21,3,6,57,2,0
1393,107,5,0,5.0,5,3536,6,38,112,164,13,45,3,14,21,3,6,57,2,2
1394,105,7,0,7.0,4,3540,9,38,112,164,13,42,3,14,21,3,5,56,2,0
1395,107,5,0,5.0,4,3544,9,38,112,162,12,45,3,14,21,3,6,57,2,0
1396,108,4,0,4.0,3,3547,16,38,112,162,11,39,3,14,21,3,6,57,2,0
1397,106,6,0,6.0,2,3549,17,38,112,159,13,39,3,14,20,3,6,56,2,0
1398,105,7,0,7.0,0,3549,24,38,112,159,12,33,3,14,20,3,5,56,2,0
1399,104,8,0,8.0,0,3549,26,25,125,159,12,31,2,16,20,3,3,56,2,0
1400,106,6,0,6.0,0,3549,2,51,125,157,13,30,4,16,20,3,4,57,1,2
1401,107,5,0,5.0,4,3553,3,51,97,180,14,33,4,13,23,3,5,57,1,0
1402,105,7,0,7.0,0,3553,4,51,97,176,18,32,4,13,22,3,4,57,1,0
1403,106,6,0,6.0,3,3556,8,51,97,174,20,28,4,13,22,4,4,57,1,0
1404,107,5,0,5.0,0,3556,10,51,97,169,25,26,4,13,22,5,4,57,1,0
1405,106,6,0,6.0,0,3556,11,51,97,165,29,25,4,13,21,5,4,57,1,0
1406,107,5,0,5.0,3,3559,14,40,108,160,34,22,3,14,20,6,4,57,2,0
1407,107,5,0,5.0,0,3559,3,54,108,156,38,19,4,14,20,7,3,57,1,2
1408,105,7,0,7.0,2,3561,3,54,80,180,40,21,4,10,23,7,3,56,1,0
1409,105,7,0,7.0,0,3561,7,54,80,178,42,17,4,10,23,7,3,56,1,0
1410,104,8,0,8.0,0,3561,9,54,80,172,48,15,4,10,22,8,2,56,1,0
1411,104,8,0,8.0,2,3563,11,54,80,168,52,13,4,10,21,9,2,56,1,0
1412,105,7,0,7.0,0,3563,11,54,80,165,55,13,4,10,21,10,2,56,1,0
1413,107,5,0,5.0,2,3565,14,40,94,164,56,10,3,12,21,10,2,56,2,0
1414,107,5,0,5.0,0,3565,1,54,94,162,58,9,4,12,21,10,2,56,1,2
1415,107,5,0,5.0,0,3565,2,54,66,184,60,12,4,9,23,10,3,56,1,0
1416,107,5,0,5.0,3,3568,3,54,66,183,61,11,4,9,23,11,3,55,1,0
1417,107,5,0,5.0,0,3568,3,54,66,183,61,11,4,9,23,11,3,55,1,0
1418,106,6,0,6.0,0,3568,4,54,66,181,63,10,4,9,23,11,2,55,1,0
1419,106,6,0,6.0,0,3568,8,54,66,179,65,6,4,9,23,12,1,55,1,0
1420,108,4,0,4.0,0,3568,8,28,92,178,66,6,2,12,23,12,1,55,2,0
1421,108,4,0,4.0,0,3568,0,36,92,178,66,6,3,12,23,12,1,55,2,2
1422,108,4,0,4.0,0,3568,0,36,64,203,66,9,3,8,26,12,2,55,2,0
1423,108,4,0,4.0,0,3568,0,36,64,202,67,9,3,8,26,12,2,55,2,0
1424,108,4,0,4.0,2,3570,0,36,64,202,67,9,3,8,26,12,2,55,2,0
1425,106,6,0,6.0,6,3576,0,36,64,200,69,9,3,8,25,12,2,54,2,0
1426,107,5,0,5.0,0,3576,2,36,64,199,70,7,3,8,25,13,1,54,2,0
1427,108,4,0,4.0,0,3576,2,22,78,199,70,7,2,10,25,13,1,54,2,0
1428,108,4,0,4.0,0,3576,2,22,78,199,70,7,2,10,25,13,1,54,2,2
1429,111,1,0,1.0,0,3576,2,22,65,209,71,9,2,9,27,14,2,54,2,0
1430,111,1,0,1.0,0,3576,2,22,65,209,71,9,2,9,27,14,2,54,2,0
1431,111,1,0,1.0,0,3576,2,22,65,209,71,9,2,9,27,14,2,54,2,0
1432,111,1,0,1.0,0,3576,2,22,65,209,69,11,2,9,27,12,3,55,2,0
1433,112,0,0,0.0,0,3576,6,22,65,209,68,8,2,9,27,14,2,55,2,0
1434,112,0,0,0.0,0,3576,6,8,79,209,68,8,1,10,27,14,2,55,2,0
1435,112,0,0,0.0,0,3576,6,8,79,209,66,10,1,10,27,14,2,55,2,1
1436,112,0,0,0.0,0,3576,6,8,68,220,66,10,1,9,28,14,2,55,2,0
1437,112,0,0,0.0,2,3578,6,8,68,220,66,10,1,9,28,14,2,55,2,0
1438,111,1,0,1.0,0,3578,6,8,68,220,65,11,1,9,28,13,2,55,2,0
1439,111,1,0,1.0,0,3578,6,8,68,220,65,11,1,9,28,13,2,55,2,0
1440,111,1,0,1.0,0,3578,9,8,68,220,63,10,1,9,28,11,3,56,2,0
1441,111,1,0,1.0,7,3585,9,0,76,220,63,10,0,10,28,11,3,56,2,0
1442,112,0,0,0.0,0,3585,0,9,76,220,60,13,1,10,28,12,3,56,2,0
1443,111,1,0,1.0,4,3589,0,9,62,232,60,15,1,8,29,12,4,55,2,0
1444,110,2,0,2.0,4,3593,0,9,62,232,60,15,1,8,29,12,4,54,2,0
1445,111,1,0,1.0,0,3593,0,9,62,232,58,17,1,8,29,12,4,55,2,0
1446,111,1,0,1.0,0,3593,0,9,62,232,57,18,1,8,29,12,4,55,2,0
1447,111,1,0,1.0,2,3595,2,9,62,232,53,20,1,8,29,11,3,56,2,0
1448,112,0,0,0.0,2,3597,2,9,62,232,51,22,1,8,29,11,4,56,2,0
1449,109,3,0,3.0,6,3603,2,9,62,232,46,27,1,8,29,8,4,56,2,1
1450,111,1,0,1.0,0,3603,4,9,36,254,42,33,1,5,32,8,5,57,2,0
1451,109,3,0,3.0,7,3610,5,9,36,254,37,37,1,5,32,7,4,57,2,0
1452,109,3,0,3.0,2,3612,5,9,36,254,33,41,1,5,32,7,4,57,2,0
1453,110,2,0,2.0,0,3612,7,9,36,254,31,41,1,5,32,7,4,58,2,0
1454,110,2,0,2.0,6,3618,7,9,36,254,29,43,1,5,32,7,5,57,2,0
1455,111,1,0,1.0,4,3622,7,9,36,254,23,49,1,5,32,6,5,59,2,0
1456,111,1,0,1.0,7,3629,1,16,36,254,19,52,2,5,32,5,6,58,2,1
1457,111,1,0,1.0,10,3639,1,16,22,265,16,58,2,3,34,3,7,59,2,0
1458,111,1,0,1.0,7,3646,3,16,22,262,18,57,2,3,33,4,8,58,2,0
1459,111,1,0,1.0,2,3648,3,16,22,262,16,59,2,3,33,4,8,58,2,0
1460,108,4,0,4.0,5,3653,6,16,22,261,15,58,2,3,33,4,6,57,2,0
1461,109,3,0,3.0,11,3664,8,16,22,261,14,57,2,3,33,4,6,58,2,0
1462,109,3,0,3.0,7,3671,8,7,31,258,17,57,1,4,33,5,6,57,2,0
1463,111,1,0,1.0,2,3673,2,15,31,257,16,57,2,4,33,5,6,58,2,1
1464,110,2,0,2.0,9,3682,3,15,17,267,15,61,2,3,34,4,7,57,2,0
1465,110,2,0,2.0,2,3684,7,15,17,260,21,58,2,3,33,4,8,57,2,0
1466,110,2,0,2.0,2,3686,9,15,17,257,24,56,2,3,33,5,7,57,2,0
1467,108,4,0,4.0,11,3697,14,15,17,252,29,51,2,3,32,6,6,56,2,0
1468,107,5,0,5.0,11,3708,22,15,17,252,28,44,2,3,32,6,5,55,2,0
1469,107,5,0,5.0,2,3710,27,15,17,250,30,39,2,3,32,6,5,55,2,0
1470,106,6,0,6.0,2,3712,4,42,17,248,30,37,3,3,31,6,5,55,2,2
1471,109,3,0,3.0,4,3716,6,42,9,252,31,38,3,2,32,7,6,56,2,0
1472,108,4,0,4.0,4,3720,8,42,9,251,32,36,3,2,32,7,6,55,2,0
1473,107,5,0,5.0,0,3720,14,42,9,250,33,30,3,2,32,7,5,55,2,0
1474,109,3,0,3.0,2,3722,18,42,9,243,39,27,3,2,31,8,5,56,2,0
1475,105,7,0,7.0,6,3728,24,42,9,238,44,21,3,2,30,8,3,55,2,0
1476,106,6,0,6.0,2,3730,25,35,16,235,47,20,3,2,30,9,3,55,2,0
1477,106,6,0,6.0,2,3732,2,60,16,230,52,18,5,2,29,10,3,55,1,2
1478,106,6,0,6.0,4,3736,4,60,16,228,54,16,5,2,29,10,3,55,1,0
1479,106,6,0,6.0,0,3736,5,60,16,224,58,15,5,2,28,11,3,55,1,0
1480,105,7,0,7.0,2,3738,5,60,16,222,60,15,5,2,28,11,3,54,1,0
1481,106,6,0,6.0,0,3738,7,60,16,218,64,13,5,2,28,12,3,54,1,0
1482,106,6,0,6.0,0,3738,12,60,16,216,66,8,5,2,27,13,3,54,1,0
1483,105,7,0,7.0,0,3738,13,52,24,215,67,7,4,3,27,13,2,54,1,0
1484,105,7,0,7.0,0,3738,0,65,24,213,69,7,5,3,27,13,2,54,1,2
1485,105,7,0,7.0,0,3738,0,65,24,212,70,7,5,3,27,13,2,54,1,0
1486,107,5,0,5.0,0,3738,1,65,24,210,72,6,5,3,27,14,2,54,1,0
1487,107,5,0,5.0,0,3738,1,65,24,210,72,6,5,3,27,14,2,54,1,0
1488,106,6,0,6.0,0,3738,3,65,24,208,74,4,5,3,26,14,2,54,1,0
1489,106,6,0,6.0,0,3738,6,65,24,204,78,1,5,3,26,15,1,54,1,0
1490,109,3,0,3.0,0,3738,6,38,51,199,83,1,3,7,25,16,1,54,2,0
1491,110,2,0,2.0,0,3738,6,38,51,196,86,1,3,7,25,17,1,54,2,2
1492,110,2,0,2.0,0,3738,7,38,42,201,88,2,3,6,26,17,1,54,2,0
1493,110,2,0,2.0,0,3738,7,38,42,201,88,2,3,6,26,17,1,54,2,0
1494,110,2,0,2.0,0,3738,7,38,42,201,88,2,3,6,26,17,1,54,2,0
1495,110,2,0,2.0,0,3738,7,38,42,201,88,2,3,6,26,17,1,54,2,0
1496,109,3,0,3.0,2,3740,7,38,42,199,90,2,3,6,25,17,1,54,2,0
1497,111,1,0,1.0,0,3740,7,13,67,196,93,2,1,9,25,18,1,54,2,0
1498,113,0,1,3.0,2,3742,0,20,67,195,94,2,2,9,25,19,1,55,2,1
1499,113,0,1,3.0,0,3742,0,20,67,193,96,2,2,9,25,19,1,55,2,0
1500,112,0,0,0.0,0,3742,0,20,67,190,99,2,2,9,24,19,1,55,2,0
1501,113,0,1,3.0,6,3748,0,20,67,189,100,2,2,9,24,20,1,55,2,0
1502,113,0,1,3.0,2,3750,0,20,67,187,102,2,2,9,24,20,1,55,2,0
1503,111,1,0,1.0,4,3754,0,20,67,186,100,5,2,9,24,19,2,53,2,0
1504,112,0,0,0.0,5,3759,0,7,80,184,102,5,1,10,23,20,2,54,2,0
1505,110,2,0,2.0,3,3762,0,7,80,183,102,6,1,10,23,19,2,53,2,1
1506,112,0,0,0.0,2,3764,0,7,73,184,107,7,1,10,23,20,3,53,2,0
1507,114,0,2,6.0,2,3766,0,7,73,182,106,10,1,10,23,20,3,55,2,0
1508,114,0,2,6.0,2,3768,0,7,73,182,105,11,1,10,23,20,3,55,2,0
1509,114,0,2,6.0,6,3774,0,7,73,175,111,12,1,10,22,21,3,55,2,0
1510,116,0,4,12.0,0,3774,2,7,73,173,106,17,1,10,22,21,3,56,2,0
1511,114,0,2,6.0,7,3781,2,7,73,171,105,20,1,10,22,20,4,54,2,0
1512,116,0,4,12.0,2,3783,2,7,73,170,101,25,1,10,22,20,4,56,2,1
1513,115,0,3,9.0,5,3788,2,7,65,178,101,25,1,9,23,20,4,55,2,0
1514,113,0,1,3.0,0,3788,2,7,65,174,103,27,1,9,22,19,4,55,2,0
1515,115,0,3,9.0,4,3792,2,7,65,171,104,29,1,9,22,20,4,56,2,0
1516,115,0,3,9.0,2,3794,2,7,65,168,105,31,1,9,21,20,4,57,2,0
1517,117,0,5,15.0,6,3800,2,7,65,161,111,32,1,9,21,21,5,57,2,0
1518,117,0,5,15.0,0,3800,2,0,72,158,113,33,0,9,20,23,5,57,2,0
1519,113,0,1,3.0,2,3802,2,0,72,158,106,40,0,9,20,19,6,56,2,0
1520,114,0,2,6.0,11,3813,2,0,45,174,105,52,0,6,22,20,7,56,2,0
1521,115,0,3,9.0,2,3815,5,0,45,167,109,52,0,6,21,21,6,58,2,0
1522,114,0,2,6.0,7,3822,5,0,45,165,106,57,0,6,21,20,7,57,2,0
1523,115,0,3,9.0,8,3830,6,0,45,159,110,58,0,6,20,21,7,58,2,0
1524,114,0,2,6.0,0,3830,7,0,45,155,110,61,0,6,20,21,6,58,2,0
1525,115,0,3,9.0,9,3839,10,0,45,151,112,60,0,6,19,22,6,59,2,0
1526,115,0,3,9.0,4,3843,11,0,45,147,112,63,0,6,19,23,6,58,2,0
1527,111,1,0,1.0,2,3845,12,0,20,171,111,64,0,3,22,20,7,56,2,0
1528,114,0,2,6.0,5,3850,19,0,20,170,111,58,0,3,22,21,7,57,2,0
1529,113,0,1,3.0,13,3863,22,0,20,167,112,57,0,3,21,22,6,57,2,0
1530,110,2,0,2.0,8,3871,27,0,20,165,113,53,0,3,21,21,6,55,2,0
1531,111,1,0,1.0,5,3876,27,0,20,160,116,55,0,3,20,22,6,56,2,0
1532,114,0,2,6.0,8,3884,29,0,20,158,118,53,0,3,20,23,6,57,2,0
1533,114,0,2,6.0,0,3884,31,0,20,157,117,53,0,3,20,23,6,57,2,0
1534,114,0,2,6.0,4,3888,33,0,7,162,116,60,0,1,21,24,6,57,2,0
1535,109,3,0,3.0,10,3898,34,0,7,159,114,64,0,1,20,21,7,55,2,0
1536,110,2,0,2.0,9,3907,35,0,7,157,113,66,0,1,20,21,7,56,2,0
1537,111,1,0,1.0,15,3922,42,0,7,153,115,61,0,1,20,22,7,56,2,0
1538,109,3,0,3.0,11,3933,54,0,7,149,119,49,0,1,19,23,6,54,2,0
1539,109,3,0,3.0,7,3940,57,0,7,148,120,46,0,1,19,23,5,54,2,0
1540,109,3,0,3.0,7,3947,34,28,7,147,121,41,2,1,19,23,5,54,2,0
1541,111,1,0,1.0,11,3958,36,28,7,146,120,41,2,1,19,24,6,54,2,0
1542,110,2,0,2.0,5,3963,40,28,7,145,118,40,2,1,19,24,5,54,2,0
1543,104,8,0,8.0,13,3976,42,28,7,143,119,39,2,1,18,21,5,52,2,0
1544,106,6,0,6.0,7,3983,46,28,7,141,119,37,2,1,18,22,5,52,2,0
1545,107,5,0,5.0,2,3985,48,28,7,136,121,38,2,1,17,23,5,53,2,0
1546,107,5,0,5.0,4,3989,49,28,7,133,123,38,2,1,17,24,5,52,2,0
1547,105,7,0,7.0,5,3994,23,56,7,133,121,38,4,1,17,23,4,53,1,1
1548,106,6,0,6.0,4,3998,24,56,0,138,122,38,4,0,18,23,5,53,1,0
1549,106,6,0,6.0,18,4016,26,56,0,136,122,38,4,0,17,24,6,52,1,0
1550,105,7,0,7.0,10,4026,26,56,0,134,123,39,4,0,17,24,6,51,1,0
1551,102,10,0,10.0,2,4028,28,56,0,132,120,42,4,0,17,22,6,50,1,0
1552,101,11,0,11.0,6,4034,37,56,0,132,118,35,4,0,17,22,4,50,1,0
1553,101,11,0,11.0,12,4046,42,56,0,132,118,30,4,0,17,22,4,50,1,0
1554,102,10,0,10.0,6,4052,17,84,0,131,112,34,6,0,17,21,4,51,1,2
1555,102,10,0,10.0,4,4056,19,84,0,131,110,34,6,0,17,21,4,51,1,0
1556,102,10,0,10.0,3,4059,19,84,0,129,110,36,6,0,17,21,4,51,1,0
1557,103,9,0,9.0,2,4061,19,84,0,125,113,37,6,0,16,22,5,51,1,0
1558,103,9,0,9.0,0,4061,19,84,0,119,119,37,6,0,15,23,5,51,1,0
1559,101,11,0,11.0,8,4069,21,84,0,113,121,39,6,0,15,22,5,50,1,0
1560,103,9,0,9.0,7,4076,24,56,28,111,120,39,4,4,14,23,4,51,1,0
1561,105,7,0,7.0,0,4076,1,80,28,110,118,41,6,4,14,23,5,51,1,2
1562,104,8,0,8.0,0,4076,3,80,28,108,113,46,6,4,14,21,5,52,1,0
1563,104,8,0,8.0,2,4078,6,80,28,107,111,46,6,4,14,21,4,53,1,0
1564,104,8,0,8.0,2,4080,7,80,28,104,114,45,6,4,13,21,5,53,1,0
1565,104,8,0,8.0,5,4085,9,80,28,101,113,47,6,4,13,21,5,53,1,0
1566,103,9,0,9.0,6,4091,10,80,28,99,108,53,6,4,13,20,5,53,1,0
1567,104,8,0,8.0,3,4094,12,52,56,95,110,53,4,7,12,20,6,53,1,0
1568,106,6,0,6.0,4,4098,1,64,56,92,107,58,5,7,12,20,6,54,1,2
1569,106,6,0,6.0,2,4100,6,64,56,91,104,57,5,7,12,21,6,53,1,0
1570,106,6,0,6.0,4,4104,8,64,56,90,101,59,5,7,12,19,6,55,1,0
1571,103,9,0,9.0,9,4113,8,64,56,88,99,63,5,7,11,18,6,54,1,0
1572,106,6,0,6.0,4,4117,15,64,56,88,98,57,5,7,11,19,6,55,1,0
1573,106,6,0,6.0,2,4119,17,64,56,86,99,56,5,7,11,19,6,55,1,0
1574,107,5,0,5.0,2,4121,19,36,84,86,96,57,3,11,11,18,6,54,2,0
1575,107,5,0,5.0,0,4121,6,50,84,86,94,58,4,11,11,18,6,55,1,2
1576,106,6,0,6.0,6,4127,6,50,84,86,89,63,4,11,11,18,6,54,1,0
1577,107,5,0,5.0,0,4127,10,50,84,86,87,61,4,11,11,18,6,55,1,0
1578,106,6,0,6.0,14,4141,13,50,84,85,87,59,4,11,11,17,6,55,1,0
1579,107,5,0,5.0,2,4143,16,50,84,84,85,59,4,11,11,17,6,55,1,0
1580,106,6,0,6.0,6,4149,23,50,84,84,82,55,4,11,11,16,6,55,1,0
1581,108,4,0,4.0,3,4152,26,26,108,83,81,54,2,14,11,16,6,55,2,0
1582,107,5,0,5.0,4,4156,0,52,108,83,77,58,4,14,11,15,6,56,1,2
1583,108,4,0,4.0,2,4158,4,52,108,83,73,58,4,14,11,15,6,56,1,0
1584,107,5,0,5.0,2,4160,11,52,108,83,72,52,4,14,11,15,5,56,1,0
1585,106,6,0,6.0,9,4169,13,52,108,82,72,51,4,14,11,15,5,55,1,0
1586,105,7,0,7.0,5,4174,19,52,108,82,71,46,4,14,11,13,5,55,1,0
1587,106,6,0,6.0,2,4176,23,52,108,82,70,43,4,14,11,14,5,55,1,0
1588,107,5,0,5.0,6,4182,27,40,120,81,69,41,3,15,11,14,5,55,2,0
1589,107,5,0,5.0,6,4188,4,67,120,81,67,39,5,15,11,14,5,55,1,2
1590,107,5,0,5.0,0,4188,5,67,92,102,63,49,5,12,13,13,6,56,1,0
1591,107,5,0,5.0,10,4198,6,67,92,102,60,51,5,12,13,13,6,56,1,0
1592,106,6,0,6.0,5,4203,9,67,92,101,61,48,5,12,13,13,6,55,1,0
1593,106,6,0,6.0,4,4207,11,67,92,101,59,48,5,12,13,13,6,55,1,0
1594,106,6,0,6.0,0,4207,16,67,92,101,57,45,5,12,13,11,6,56,1,0
1595,107,5,0,5.0,7,4214,18,53,106,100,56,45,4,14,13,12,6,55,1,0
1596,106,6,0,6.0,2,4216,5,67,106,100,54,46,5,14,13,11,6,55,1,2
1597,105,7,0,7.0,3,4219,8,67,78,124,54,47,5,10,16,11,6,55,1,0
1598,104,8,0,8.0,3,4222,11,67,78,124,54,44,5,10,16,11,5,55,1,0
1599,106,6,0,6.0,0,4222,13,67,78,124,53,43,5,10,16,11,6,56,1,0
1600,105,7,0,7.0,2,4224,17,67,78,124,53,39,5,10,16,11,5,55,1,0
1601,105,7,0,7.0,0,4224,21,67,78,124,51,37,5,10,16,11,5,55,1,0
1602,105,7,0,7.0,0,4224,22,41,104,124,47,40,3,13,16,9,5,55,2,0
1603,107,5,0,5.0,0,4224,1,63,104,123,42,45,5,13,16,10,5,56,1,2
1604,107,5,0,5.0,0,4224,2,63,76,148,37,52,5,10,19,8,6,57,1,0
1605,109,3,0,3.0,0,4224,3,63,76,148,35,53,5,10,19,8,7,58,1,0
1606,108,4,0,4.0,0,4224,5,63,76,147,35,52,5,10,19,8,6,58,1,0
1607,109,3,0,3.0,0,4224,7,63,76,146,34,52,5,10,19,7,7,59,1,0
1608,109,3,0,3.0,0,4224,18,63,76,146,33,42,5,10,19,8,5,59,1,0
1609,110,2,0,2.0,0,4224,21,36,103,146,30,42,3,13,19,7,5,59,2,0
1610,109,3,0,3.0,0,4224,0,57,103,145,28,45,5,13,19,6,5,60,1,2
1611,111,1,0,1.0,0,4224,2,57,79,165,27,48,5,10,21,7,6,60,1,0
1612,111,1,0,1.0,0,4224,4,57,79,165,23,50,5,10,21,6,6,61,1,0
1613,111,1,0,1.0,0,4224,6,57,79,165,20,51,5,10,21,5,7,61,1,0
1614,110,2,0,2.0,0,4224,8,57,79,163,21,50,5,10,21,5,6,61,1,0
1615,111,1,0,1.0,0,4224,12,57,79,163,20,47,5,10,21,5,6,62,1,0
1616,112,0,0,0.0,0,4224,12,43,93,161,20,49,4,12,21,5,6,62,1,0
1617,110,2,0,2.0,0,4224,13,43,93,160,21,48,4,12,20,5,5,62,1,2
1618,113,0,1,3.0,0,4224,13,43,81,169,21,51,4,11,22,5,7,62,1,0
1619,114,0,2,6.0,0,4224,15,43,81,169,21,49,4,11,22,5,7,62,1,0
1620,113,0,1,3.0,0,4224,19,43,81,168,22,45,4,11,21,6,6,62,1,0
1621,112,0,0,0.0,0,4224,25,43,81,167,23,39,4,11,21,6,5,62,1,0
1622,112,0,0,0.0,0,4224,33,43,81,167,23,31,4,11,21,6,4,62,1,0
1623,115,0,3,9.0,0,4224,35,21,103,166,23,30,2,13,21,6,5,63,2,0
1624,115,0,3,9.0,0,4224,36,21,103,164,24,30,2,13,21,6,5,63,2,1
1625,117,0,5,15.0,0,4224,38,21,89,171,27,32,2,12,22,7,6,63,2,0
1626,117,0,5,15.0,0,4224,39,21,89,170,27,32,2,12,22,7,6,63,2,0
1627,116,0,4,12.0,0,4224,42,21,89,168,29,29,2,12,21,7,6,63,2,0
1628,117,0,5,15.0,0,4224,45,21,89,163,34,26,2,12,21,8,5,63,2,0
1629,115,0,3,9.0,0,4224,50,21,89,162,35,21,2,12,21,8,3,63,2,0
1630,114,0,2,6.0,0,4224,54,0,110,156,40,18,0,14,20,8,3,63,2,0
1631,115,0,3,9.0,0,4224,57,0,110,151,45,15,0,14,19,9,3,63,2,0
1632,114,0,2,6.0,4,4228,58,0,84,174,45,17,0,11,22,9,4,61,2,0
1633,118,0,6,18.0,2,4230,59,0,84,171,47,17,0,11,22,10,5,63,2,0
1634,117,0,5,15.0,0,4230,61,0,84,165,53,15,0,11,21,11,4,63,2,0
1635,118,0,6,18.0,4,4234,61,0,84,162,55,16,0,11,21,11,5,63,2,0
1636,116,0,4,12.0,0,4234,64,0,84,159,58,13,0,11,20,12,3,63,2,0
1637,116,0,4,12.0,0,4234,64,0,84,159,57,14,0,11,20,12,3,63,2,0
1638,116,0,4,12.0,2,4236,64,0,84,157,59,14,0,11,20,12,3,63,2,0
1639,117,0,5,15.0,0,4236,64,0,57,175,61,21,0,8,22,13,4,63,2,0
1640,114,0,2,6.0,5,4241,64,0,57,172,63,22,0,8,22,12,4,61,2,0
1641,114,0,2,6.0,0,4241,65,0,57,170,65,21,0,8,22,12,4,61,2,0
1642,114,0,2,6.0,6,4247,66,0,57,170,65,20,0,8,22,12,4,61,2,0
1643,113,0,1,3.0,0,4247,70,0,57,166,69,16,0,8,21,13,3,61,2,0
1644,114,0,2,6.0,0,4247,71,0,57,166,69,15,0,8,21,13,3,61,2,0
1645,115,0,3,9.0,4,4251,71,0,57,164,71,15,0,8,21,14,3,61,2,0
1646,115,0,3,9.0,2,4253,71,0,43,175,71,18,0,6,22,14,4,61,2,0
1647,115,0,3,9.0,9,4262,71,0,43,175,71,18,0,6,22,14,4,61,2,0
1648,116,0,4,12.0,5,4267,72,0,43,173,72,18,0,6,22,15,4,61,2,0
1649,114,0,2,6.0,8,4275,72,0,43,173,71,19,0,6,22,15,4,59,2,0
1650,113,0,1,3.0,8,4283,75,0,43,173,71,16,0,6,22,15,3,59,2,0
1651,112,0,0,0.0,11,4294,76,0,43,172,71,16,0,6,22,15,3,58,2,0
1652,112,0,0,0.0,9,4303,48,28,43,172,70,17,2,6,22,15,3,58,2,0
1653,112,0,0,0.0,4,4307,49,28,21,190,70,20,2,3,24,15,4,58,2,0
1654,111,1,0,1.0,3,4310,49,28,21,188,72,20,2,3,24,15,4,57,2,0
1655,110,2,0,2.0,13,4323,50,28,21,188,71,20,2,3,24,14,4,57,2,0
1656,111,1,0,1.0,8,4331,50,28,21,188,70,21,2,3,24,14,5,57,2,0
1657,109,3,0,3.0,7,4338,57,28,21,188,70,14,2,3,24,14,4,55,2,0
1658,108,4,0,4.0,2,4340,58,28,21,188,70,13,2,3,24,14,3,55,2,0
1659,107,5,0,5.0,5,4345,30,56,21,188,68,15,4,3,24,14,3,55,1,1
1660,107,5,0,5.0,5,4350,30,56,0,207,68,17,4,0,26,14,4,55,1,0
1661,106,6,0,6.0,2,4352,30,56,0,207,66,19,4,0,26,13,4,55,1,0
1662,106,6,0,6.0,0,4352,30,56,0,207,65,20,4,0,26,13,4,55,1,0
1663,107,5,0,5.0,5,4357,30,56,0,206,64,22,4,0,26,13,4,56,1,0
1664,105,7,0,7.0,4,4361,33,56,0,205,65,19,4,0,26,13,3,55,1,0
1665,106,6,0,6.0,2,4363,33,56,0,205,64,20,4,0,26,13,4,55,1,0
1666,105,7,0,7.0,0,4363,6,84,0,205,63,20,6,0,26,13,3,55,1,2
1667,105,7,0,7.0,0,4363,7,84,0,205,63,19,6,0,26,13,3,55,1,0
1668,106,6,0,6.0,2,4365,7,84,0,205,62,20,6,0,26,13,4,55,1,0
1669,105,7,0,7.0,0,4365,8,84,0,205,60,21,6,0,26,12,4,55,1,0
1670,105,7,0,7.0,6,4371,9,84,0,205,57,23,6,0,26,12,3,56,1,0
1671,106,6,0,6.0,2,4373,13,84,0,205,56,20,6,0,26,12,4,56,1,0
1672,107,5,0,5.0,0,4373,13,56,28,205,54,22,4,4,26,11,4,56,1,0
1673,108,4,0,4.0,0,4373,1,69,28,205,49,26,5,4,26,10,4,57,1,2
1674,107,5,0,5.0,1,4374,2,69,28,205,48,26,5,4,26,10,4,56,1,0
1675,107,5,0,5.0,0,4374,2,69,28,205,42,32,5,4,26,9,4,57,1,0
1676,108,4,0,4.0,0,4374,2,69,28,205,37,37,5,4,26,8,5,58,1,0
1677,107,5,0,5.0,0,4374,4,69,28,205,37,35,5,4,26,8,4,58,1,0
1678,108,4,0,4.0,0,4374,6,69,28,205,34,36,5,4,26,8,4,59,1,0
1679,110,2,0,2.0,0,4374,8,41,56,205,28,40,3,7,26,7,4,60,2,0
1680,109,3,0,3.0,0,4374,1,49,56,205,25,42,4,7,26,6,4,60,1,2
1681,110,2,0,2.0,0,4374,3,49,56,205,22,43,4,7,26,5,5,61,1,0
1682,110,2,0,2.0,0,4374,3,49,56,205,22,43,4,7,26,5,5,61,1,0
1683,110,2,0,2.0,0,4374,4,49,56,205,20,44,4,7,26,5,5,61,1,0
1684,110,2,0,2.0,0,4374,5,49,56,205,18,45,4,7,26,4,5,62,1,0
1685,110,2,0,2.0,0,4374,5,49,56,205,15,48,4,7,26,4,5,62,1,0
1686,113,0,1,3.0,0,4374,6,21,84,205,13,49,2,11,26,4,5,62,2,0
1687,113,0,1,3.0,0,4374,8,21,84,205,13,47,2,11,26,4,5,62,2,2
1688,113,0,1,3.0,0,4374,11,21,84,205,9,48,2,11,26,3,5,63,2,0
1689,113,0,1,3.0,0,4374,12,21,84,205,9,47,2,11,26,3,5,63,2,0
1690,114,0,2,6.0,0,4374,14,21,84,205,7,47,2,11,26,2,6,64,2,0
1691,114,0,2,6.0,0,4374,19,21,84,203,9,42,2,11,26,3,4,64,2,0
1692,114,0,2,6.0,0,4374,20,21,84,202,10,41,2,11,26,3,4,64,2,0
1693,115,0,3,9.0,0,4374,26,8,97,202,8,37,1,13,26,3,4,64,2,0
1694,115,0,3,9.0,0,4374,31,8,97,201,9,32,1,13,26,3,3,64,2,1
1695,114,0,2,6.0,0,4374,31,8,97,200,10,32,1,13,25,3,3,64,2,0
1696,115,0,3,9.0,0,4374,34,8,97,199,10,30,1,13,25,3,4,64,2,0
1697,116,0,4,12.0,0,4374,40,8,97,194,15,24,1,13,25,4,4,64,2,0
1698,116,0,4,12.0,0,4374,43,8,97,194,15,21,1,13,25,4,3,64,2,0
1699,117,0,5,15.0,0,4374,46,8,97,193,14,20,1,13,25,4,3,65,2,0
1700,116,0,4,12.0,0,4374,46,0,105,191,16,20,0,14,24,4,3,65,2,0
1701,115,0,3,9.0,0,4374,48,0,105,189,18,18,0,14,24,4,2,65,2,0
1702,116,0,4,12.0,0,4374,50,0,77,209,24,18,0,10,27,5,3,65,2,0
1703,117,0,5,15.0,6,4380,53,0,77,203,30,15,0,10,26,6,3,66,2,0
1704,117,0,5,15.0,0,4380,55,0,77,202,31,13,0,10,26,6,3,66,2,0
1705,116,0,4,12.0,2,4382,55,0,77,197,36,13,0,10,25,7,3,65,2,0
1706,118,0,6,18.0,0,4382,59,0,77,195,38,9,0,10,25,8,3,65,2,0
1707,118,0,6,18.0,7,4389,59,0,77,191,42,9,0,10,24,9,3,65,2,0
1708,121,0,9,27.0,2,4391,61,0,77,187,45,8,0,10,24,10,3,67,2,0
1709,118,0,6,18.0,2,4393,61,0,49,202,53,13,0,7,26,10,3,65,2,0
1710,116,0,4,12.0,17,4410,61,0,49,196,59,13,0,7,25,11,3,63,2,0
1711,116,0,4,12.0,8,4418,63,0,49,192,63,11,0,7,24,12,3,63,2,0
1712,116,0,4,12.0,11,4429,63,0,49,190,65,11,0,7,24,12,3,63,2,0
1713,117,0,5,15.0,0,4429,63,0,49,188,67,11,0,7,24,13,3,63,2,0
1714,116,0,4,12.0,4,4433,64,0,49,185,70,10,0,7,24,13,3,62,2,0
1715,116,0,4,12.0,4,4437,64,0,49,181,74,10,0,7,23,14,3,62,2,0
1716,117,0,5,15.0,4,4441,64,0,21,204,76,13,0,3,26,14,4,63,2,0
1717,115,0,3,9.0,2,4443,66,0,21,203,77,11,0,3,26,15,3,61,2,0
1718,113,0,1,3.0,2,4445,66,0,21,200,80,11,0,3,25,15,3,60,2,0
1719,112,0,0,0.0,16,4461,66,0,21,198,82,11,0,3,25,15,3,59,2,0
1720,113,0,1,3.0,10,4471,68,0,21,195,85,9,0,3,25,16,2,60,2,0
1721,112,0,0,0.0,7,4478,68,0,21,195,85,9,0,3,25,16,2,59,2,0
1722,111,1,0,1.0,10,4488,40,28,21,194,86,9,2,3,25,16,2,58,2,0
1723,111,1,0,1.0,4,4492,40,28,8,204,89,9,2,1,26,17,2,58,2,0
1724,111,1,0,1.0,8,4500,40,28,8,201,92,9,2,1,26,17,2,58,2,0
1725,109,3,0,3.0,4,4504,40,28,8,199,94,9,2,1,25,18,2,56,2,0
1726,108,4,0,4.0,9,4513,41,28,8,196,97,8,2,1,25,18,2,55,2,0
1727,109,3,0,3.0,4,4517,46,28,8,194,99,3,2,1,25,19,1,55,2,0
1728,109,3,0,3.0,3,4520,46,28,8,192,101,3,2,1,24,19,1,56,2,0
1729,107,5,0,5.0,4,4524,18,56,8,189,104,3,4,1,24,19,1,55,1,1
1730,109,3,0,3.0,3,4527,18,56,0,195,105,4,4,0,25,20,2,55,1,0
1731,109,3,0,3.0,4,4531,18,56,0,195,105,4,4,0,25,20,2,55,1,0
1732,109,3,0,3.0,0,4531,18,56,0,192,108,4,4,0,24,21,2,55,1,0
1733,107,5,0,5.0,4,4535,18,56,0,191,109,4,4,0,24,21,2,53,1,0
1734,106,6,0,6.0,7,4542,21,56,0,187,113,1,4,0,24,22,1,52,1,0
1735,106,6,0,6.0,11,4553,21,56,0,187,113,1,4,0,24,22,1,52,1,0
1736,108,4,0,4.0,8,4561,0,77,0,186,112,3,6,0,24,21,2,54,1,2
1737,107,5,0,5.0,4,4565,0,77,0,185,112,4,6,0,24,21,2,53,1,0
1738,107,5,0,5.0,0,4565,0,77,0,184,113,4,6,0,23,22,2,53,1,0
1739,106,6,0,6.0,0,4565,0,77,0,181,115,5,6,0,23,21,2,53,1,0
1740,107,5,0,5.0,0,4565,0,77,0,178,117,6,6,0,23,22,2,53,1,0
1741,104,8,0,8.0,5,4570,0,77,0,176,118,7,6,0,22,22,2,51,1,0
1742,107,5,0,5.0,6,4576,0,49,28,173,116,12,4,4,22,23,2,51,1,0
1743,108,4,0,4.0,2,4578,0,49,28,167,122,12,4,4,21,24,2,52,1,2
1744,110,2,0,2.0,4,4582,0,49,28,165,123,13,4,4,21,23,3,54,1,0
1745,109,3,0,3.0,6,4588,0,49,28,162,124,15,4,4,21,23,3,53,1,0
1746,106,6,0,6.0,2,4590,0,49,28,159,125,17,4,4,20,23,3,51,1,0
1747,107,5,0,5.0,4,4594,0,49,28,156,122,23,4,4,20,23,3,52,1,0
1748,109,3,0,3.0,2,4596,1,49,28,155,117,28,4,4,20,22,3,54,1,0
1749,108,4,0,4.0,4,4600,1,21,56,152,119,29,2,7,19,22,3,52,2,0
1750,109,3,0,3.0,2,4602,1,21,56,148,118,34,2,7,19,22,3,53,2,1
1751,110,2,0,2.0,10,4612,1,21,56,145,119,36,2,7,19,23,3,53,2,0
1752,112,0,0,0.0,4,4616,1,21,56,142,118,40,2,7,18,23,4,55,2,0
1753,112,0,0,0.0,0,4616,1,21,56,140,116,44,2,7,18,22,4,56,2,0
1754,108,4,0,4.0,15,4631,3,21,56,137,110,51,2,7,18,20,4,54,2,0
1755,109,3,0,3.0,4,4635,4,21,56,136,105,56,2,7,17,20,5,55,2,0
1756,112,0,0,0.0,4,4639,4,0,77,132,105,60,0,10,17,21,5,56,2,0
1757,111,1,0,1.0,2,4641,5,0,77,130,105,61,0,10,17,20,6,55,2,0
1758,110,2,0,2.0,0,4641,6,0,77,126,107,62,0,10,16,20,6,55,2,0
1759,112,0,0,0.0,9,4650,7,0,77,124,106,64,0,10,16,21,6,56,2,0
1760,112,0,0,0.0,7,4657,12,0,77,124,102,63,0,10,16,20,6,57,2,0
1761,111,1,0,1.0,7,4664,12,0,77,121,103,65,0,10,16,19,6,57,2,0
1762,108,4,0,4.0,16,4680,13,0,77,119,104,65,0,10,15,19,6,55,2,0
1763,110,2,0,2.0,6,4686,15,0,77,118,102,66,0,10,15,19,7,55,2,0
1764,110,2,0,2.0,0,4686,3,14,77,115,103,66,1,10,15,20,6,55,2,0
1765,111,1,0,1.0,8,4694,9,14,77,113,102,63,1,10,15,20,6,56,2,0
1766,109,3,0,3.0,14,4708,15,14,77,111,104,57,1,10,14,20,6,54,2,0
1767,110,2,0,2.0,4,4712,16,14,77,109,105,57,1,10,14,21,6,54,2,0
1768,110,2,0,2.0,15,4727,21,14,77,108,103,55,1,10,14,20,6,55,2,0
1769,108,4,0,4.0,8,4735,23,14,77,106,102,56,1,10,14,19,6,54,2,0
1770,106,6,0,6.0,7,4742,27,14,77,104,102,54,1,10,13,19,6,53,2,0
1771,107,5,0,5.0,8,4750,4,41,77,103,100,53,3,10,13,19,6,53,2,1
1772,109,3,0,3.0,2,4752,13,41,49,129,98,48,3,7,17,19,6,54,2,0
1773,109,3,0,3.0,2,4754,19,41,49,127,98,44,3,7,16,19,6,54,2,0
1774,108,4,0,4.0,6,4760,23,41,49,125,97,43,3,7,16,19,6,53,2,0
1775,108,4,0,4.0,4,4764,25,41,49,123,98,42,3,7,16,19,6,53,2,0
1776,109,3,0,3.0,10,4774,27,41,49,121,100,40,3,7,16,20,6,53,2,0
1777,108,4,0,4.0,5,4779,30,41,49,121,97,40,3,7,16,18,6,53,2,0
1778,105,7,0,7.0,2,4781,6,69,49,121,96,37,5,7,16,17,6,52,1,2
1779,106,6,0,6.0,8,4789,8,69,21,146,92,42,5,3,19,18,6,53,1,0
1780,105,7,0,7.0,7,4796,9,69,21,146,92,41,5,3,19,18,6,52,1,0
1781,104,8,0,8.0,4,4800,12,69,21,146,91,39,5,3,19,17,6,52,1,0
1782,102,10,0,10.0,9,4809,14,69,21,146,90,38,5,3,19,17,5,51,1,0
1783,103,9,0,9.0,8,4817,17,69,21,146,89,36,5,3,19,17,5,51,1,0
1784,105,7,0,7.0,2,4819,17,55,35,146,86,39,4,5,19,17,5,52,1,0
1785,104,8,0,8.0,1,4820,4,69,35,146,83,41,5,5,19,15,5,53,1,2
1786,102,10,0,10.0,2,4822,7,69,14,163,81,44,5,2,21,14,6,52,1,0
1787,104,8,0,8.0,2,4824,10,69,14,163,78,44,5,2,21,15,6,53,1,0
1788,104,8,0,8.0,5,4829,12,69,14,163,72,48,5,2,21,14,7,53,1,0
1789,104,8,0,8.0,5,4834,15,69,14,163,70,47,5,2,21,13,7,53,1,0
1790,101,11,0,11.0,10,4844,19,69,14,163,67,46,5,2,21,13,5,52,1,0
1791,104,8,0,8.0,6,4850,21,42,41,163,64,47,3,6,21,12,5,53,2,0
1792,104,8,0,8.0,0,4850,3,63,41,163,61,47,5,6,21,12,5,53,1,2
1793,104,8,0,8.0,5,4855,4,63,41,163,60,47,5,6,21,11,5,54,1,0
1794,102,10,0,10.0,5,4860,4,63,41,163,57,50,5,6,21,10,5,53,1,0
1795,103,9,0,9.0,4,4864,7,63,41,163,53,51,5,6,21,10,5,54,1,0
1796,103,9,0,9.0,5,4869,8,63,41,163,50,53,5,6,21,10,6,53,1,0
1797,104,8,0,8.0,0,4869,15,63,41,163,47,49,5,6,21,9,6,54,1,0
1798,106,6,0,6.0,0,4869,15,35,69,163,45,51,3,9,21,9,6,54,2,0
1799,104,8,0,8.0,2,4871,2,49,69,163,42,53,4,9,21,8,6,54,1,2
1800,106,6,0,6.0,0,4871,3,49,69,162,42,53,4,9,21,9,6,55,1,0
1801,106,6,0,6.0,4,4875,4,49,69,162,38,56,4,9,21,8,6,56,1,0
1802,104,8,0,8.0,8,4883,7,49,69,161,37,55,4,9,21,7,6,55,1,0
1803,104,8,0,8.0,10,4893,10,49,69,161,33,56,4,9,21,7,6,55,1,0
1804,102,10,0,10.0,14,4907,16,49,69,158,34,52,4,9,20,7,5,54,1,0
1805,104,8,0,8.0,5,4912,19,35,83,156,36,49,3,11,20,8,5,53,2,0
1806,103,9,0,9.0,2,4914,11,49,83,155,34,46,4,11,20,7,5,54,1,2
1807,103,9,0,9.0,5,4919,13,49,83,154,33,46,4,11,20,7,5,54,1,0
1808,105,7,0,7.0,2,4921,16,49,83,153,33,44,4,11,20,8,5,54,1,0
1809,104,8,0,8.0,6,4927,19,49,83,148,35,44,4,11,19,7,5,55,1,0
1810,102,10,0,10.0,7,4934,22,49,83,148,33,43,4,11,19,6,5,54,1,0
1811,103,9,0,9.0,4,4938,23,49,83,146,33,44,4,11,19,7,5,54,1,0
1812,103,9,0,9.0,8,4946,26,28,104,143,34,43,2,13,18,7,5,54,2,0
1813,103,9,0,9.0,6,4952,4,54,104,141,35,40,4,13,18,8,5,53,1,2
1814,103,9,0,9.0,3,4955,7,54,90,144,40,43,4,12,18,8,6,53,1,0
1815,104,8,0,8.0,2,4957,10,54,90,139,43,42,4,12,18,9,6,53,1,0
1816,105,7,0,7.0,4,4961,12,54,90,134,47,41,4,12,17,10,6,54,1,0
1817,107,5,0,5.0,0,4961,15,54,90,130,51,38,4,12,17,11,6,54,1,0
1818,105,7,0,7.0,5,4966,16,54,90,127,52,39,4,12,16,10,6,54,1,0
1819,106,6,0,6.0,0,4966,20,40,104,123,54,37,3,13,16,11,5,54,2,0
1820,105,7,0,7.0,0,4966,8,54,104,120,55,37,4,13,15,12,5,54,1,2
1821,105,7,0,7.0,0,4966,12,54,77,139,55,41,4,10,18,11,5,55,1,0
1822,104,8,0,8.0,0,4966,14,54,77,137,57,39,4,10,18,11,4,55,1,0
1823,104,8,0,8.0,2,4968,14,54,77,135,59,39,4,10,17,12,4,55,1,0
1824,106,6,0,6.0,2,4970,17,54,77,132,62,36,4,10,17,13,4,55,1,0
1825,106,6,0,6.0,0,4970,19,54,77,131,63,34,4,10,17,13,4,55,1,0
1826,108,4,0,4.0,2,4972,20,40,91,126,68,33,3,12,16,14,4,55,2,0
1827,106,6,0,6.0,0,4972,9,54,91,123,71,30,4,12,16,14,3,55,1,2
1828,107,5,0,5.0,0,4972,11,54,63,146,73,31,4,8,19,15,4,55,1,0
1829,106,6,0,6.0,0,4972,13,54,63,142,77,29,4,8,18,15,4,55,1,0
1830,107,5,0,5.0,2,4974,15,54,63,140,79,27,4,8,18,16,4,54,1,0
1831,106,6,0,6.0,0,4974,16,54,63,137,82,26,4,8,18,16,3,54,1,0
1832,105,7,0,7.0,0,4974,22,54,63,136,83,20,4,8,17,17,2,54,1,0
1833,108,4,0,4.0,2,4976,24,28,89,134,85,18,2,12,17,17,2,54,2,0
1834,108,4,0,4.0,0,4976,1,52,89,132,87,17,4,12,17,17,2,54,1,2
1835,109,3,0,3.0,3,4979,1,52,75,141,89,20,4,10,18,18,3,54,1,0
1836,109,3,0,3.0,0,4979,3,52,75,141,89,18,4,10,18,18,3,54,1,0
1837,109,3,0,3.0,2,4981,5,52,75,140,90,16,4,10,18,18,3,54,1,0
1838,109,3,0,3.0,0,4981,7,52,75,140,90,14,4,10,18,18,3,54,1,0
1839,108,4,0,4.0,0,4981,15,52,75,138,92,6,4,10,18,18,1,54,1,0
1840,109,3,0,3.0,2,4983,15,38,89,136,94,6,3,12,17,19,1,53,2,0
1841,108,4,0,4.0,0,4983,1,52,89,136,94,6,4,12,17,19,1,53,1,2
1842,109,3,0,3.0,0,4983,1,52,68,155,94,8,4,9,20,19,2,53,1,0
1843,109,3,0,3.0,0,4983,1,52,68,155,94,8,4,9,20,19,2,53,1,0
1844,109,3,0,3.0,0,4983,1,52,68,155,94,8,4,9,20,19,2,53,1,0
1845,111,1,0,1.0,0,4983,1,52,68,155,93,9,4,9,20,19,3,54,1,0
1846,110,2,0,2.0,0,4983,4,52,68,155,93,6,4,9,20,19,2,54,1,0
1847,111,1,0,1.0,0,4983,4,38,82,154,93,7,3,11,20,18,2,54,2,0
1848,110,2,0,2.0,2,4985,4,38,82,154,93,7,3,11,20,18,2,53,2,2
1849,110,2,0,2.0,2,4987,4,38,68,166,90,12,3,9,21,18,3,53,2,0
1850,110,2,0,2.0,0,4987,4,38,68,166,88,14,3,9,21,18,3,53,2,0
1851,110,2,0,2.0,3,4990,4,38,68,166,87,15,3,9,21,17,3,54,2,0
1852,111,1,0,1.0,2,4992,4,38,68,166,86,16,3,9,21,17,3,55,2,0
1853,111,1,0,1.0,0,4992,7,38,68,166,85,14,3,9,21,16,3,56,2,0
1854,113,0,1,3.0,0,4992,7,14,92,166,80,19,1,12,21,17,3,56,2,0
1855,112,0,0,0.0,2,4994,0,21,92,166,80,19,2,12,21,17,3,55,2,1
1856,111,1,0,1.0,2,4996,0,21,78,178,78,23,2,10,23,15,4,55,2,0
1857,111,1,0,1.0,0,4996,0,21,78,178,75,26,2,10,23,15,4,55,2,0
1858,111,1,0,1.0,0,4996,0,21,78,178,73,28,2,10,23,15,4,55,2,0
1859,112,0,0,0.0,4,5000,0,21,78,178,66,35,2,10,23,13,5,57,2,0
1860,111,1,0,1.0,0,5000,2,21,78,178,61,38,2,10,23,12,4,57,2,0
1861,113,0,1,3.0,4,5004,2,7,92,178,56,43,1,12,23,11,5,58,2,0
1862,114,0,2,6.0,3,5007,2,7,92,178,52,47,1,12,23,11,5,59,2,1
1863,113,0,1,3.0,4,5011,3,7,66,198,49,55,1,9,25,11,6,58,2,0
1864,113,0,1,3.0,0,5011,3,7,66,198,45,59,1,9,25,9,7,59,2,0
1865,114,0,2,6.0,2,5013,4,7,66,198,42,61,1,9,25,9,8,59,2,0
1866,113,0,1,3.0,2,5015,4,7,66,198,40,63,1,9,25,9,8,58,2,0
1867,112,0,0,0.0,0,5015,9,7,66,198,38,60,1,9,25,8,7,59,2,0
1868,111,1,0,1.0,2,5017,11,7,66,198,36,60,1,9,25,7,7,59,2,0
1869,111,1,0,1.0,4,5021,12,7,66,198,33,62,1,9,25,7,6,60,2,1
1870,112,0,0,0.0,6,5027,13,7,52,211,32,63,1,7,27,7,7,60,2,0
1871,115,0,3,9.0,3,5030,14,7,52,209,29,67,1,7,27,8,8,61,2,0
1872,112,0,0,0.0,4,5034,19,7,52,208,27,65,1,7,26,6,8,60,2,0
1873,112,0,0,0.0,10,5044,19,7,52,206,27,67,1,7,26,6,8,60,2,0
1874,111,1,0,1.0,2,5046,23,7,52,205,24,67,1,7,26,6,7,60,2,0
1875,110,2,0,2.0,13,5059,26,0,59,203,24,66,0,8,26,6,7,59,2,0
1876,110,2,0,2.0,12,5071,2,26,59,202,22,67,2,8,26,5,7,59,2,0
1877,111,1,0,1.0,0,5071,9,26,45,211,25,62,2,6,27,6,7,60,2,0
1878,110,2,0,2.0,7,5078,14,26,45,207,27,59,2,6,26,6,7,60,2,0
1879,111,1,0,1.0,13,5091,19,26,45,206,26,56,2,6,26,7,7,59,2,0
1880,110,2,0,2.0,7,5098,23,26,45,205,25,54,2,6,26,6,7,59,2,0
1881,109,3,0,3.0,7,5105,32,26,45,205,25,45,2,6,26,6,6,58,2,0
1882,109,3,0,3.0,0,5105,36,26,45,203,26,42,2,6,26,6,6,58,2,0
1883,107,5,0,5.0,5,5110,11,54,45,199,30,39,4,6,25,7,6,57,1,1
1884,106,6,0,6.0,4,5114,13,54,21,217,32,41,4,3,28,6,6,57,1,0
1885,108,4,0,4.0,7,5121,15,54,21,214,33,41,4,3,27,7,6,58,1,0
1886,108,4,0,4.0,3,5124,17,54,21,213,34,39,4,3,27,7,6,58,1,0
1887,108,4,0,4.0,0,5124,20,54,21,210,37,36,4,3,27,8,5,58,1,0
1888,106,6,0,6.0,8,5132,22,54,21,206,41,34,4,3,26,9,4,57,1,0
1889,106,6,0,6.0,0,5132,27,54,21,201,46,29,4,3,26,9,4,57,1,0
1890,106,6,0,6.0,4,5136,3,81,21,197,50,26,6,3,25,10,4,56,1,2
1891,107,5,0,5.0,0,5136,5,81,7,207,53,25,6,1,26,11,5,56,1,0
1892,106,6,0,6.0,0,5136,9,81,7,205,54,22,6,1,26,10,5,56,1,0
1893,106,6,0,6.0,5,5141,11,81,7,205,54,20,6,1,26,10,5,56,1,0
1894,105,7,0,7.0,0,5141,14,81,7,203,56,17,6,1,26,10,4,56,1,0
1895,106,6,0,6.0,0,5141,16,81,7,201,58,15,6,1,26,11,3,56,1,0
1896,107,5,0,5.0,2,5143,18,55,33,199,60,13,4,5,25,11,3,56,1,0
1897,107,5,0,5.0,0,5143,6,69,33,199,60,11,5,5,25,11,3,56,1,2
1898,107,5,0,5.0,0,5143,8,69,33,198,61,9,5,5,25,11,3,56,1,0
1899,106,6,0,6.0,4,5147,8,69,33,198,61,9,5,5,25,11,3,55,1,0
1900,107,5,0,5.0,0,5147,9,69,33,196,63,8,5,5,25,12,3,55,1,0
1901,107,5,0,5.0,0,5147,9,69,33,193,66,8,5,5,25,12,3,55,1,0
1902,105,7,0,7.0,0,5147,13,69,33,192,67,4,5,5,24,12,2,55,1,0
1903,108,4,0,4.0,0,5147,15,41,61,192,67,2,3,8,24,12,2,55,2,0
1904,108,4,0,4.0,0,5147,1,55,61,191,68,2,4,8,24,13,2,55,1,2
1905,109,3,0,3.0,0,5147,1,55,54,197,68,3,4,7,25,13,3,55,1,0
1906,109,3,0,3.0,0,5147,1,55,54,197,68,3,4,7,25,13,3,55,1,0
1907,109,3,0,3.0,0,5147,1,55,54,197,68,3,4,7,25,13,3,55,1,0
1908,109,3,0,3.0,3,5150,1,55,54,197,68,3,4,7,25,13,3,55,1,0
1909,107,5,0,5.0,2,5152,2,55,54,197,68,2,4,7,25,13,2,54,1,0
1910,109,3,0,3.0,0,5152,3,28,81,197,68,1,2,11,25,13,1,54,2,0
1911,109,3,0,3.0,0,5152,3,28,81,197,68,1,2,11,25,13,1,54,2,2
1912,109,3,0,3.0,0,5152,3,28,81,197,68,1,2,11,25,13,1,54,2,0
1913,109,3,0,3.0,0,5152,3,28,81,197,68,1,2,11,25,13,1,54,2,0
1914,109,3,0,3.0,0,5152,3,28,81,197,68,1,2,11,25,13,1,54,2,0
1915,109,3,0,3.0,0,5152,3,28,81,197,68,1,2,11,25,13,1,54,2,0
1916,111,1,0,1.0,0,5152,3,28,81,197,66,3,2,11,25,13,2,55,2,0
1917,111,1,0,1.0,0,5152,3,14,95,197,65,4,1,12,25,13,2,55,2,0
1918,112,0,0,0.0,0,5152,3,14,95,195,65,6,1,12,25,14,2,55,2,1
1919,111,1,0,1.0,0,5152,3,14,95,195,64,7,1,12,25,13,2,55,2,0
1920,112,0,0,0.0,0,5152,3,14,95,193,64,9,1,12,25,13,2,56,2,0
1921,112,0,0,0.0,0,5152,3,14,95,193,63,10,1,12,25,13,2,56,2,0
1922,110,2,0,2.0,0,5152,3,14,95,191,61,14,1,12,24,12,2,56,2,0
1923,111,1,0,1.0,0,5152,4,14,95,190,58,17,1,12,24,12,2,57,2,0
1924,114,0,2,6.0,0,5152,4,0,109,189,58,18,0,14,24,12,3,58,2,0
1925,114,0,2,6.0,0,5152,4,0,109,187,59,19,0,14,24,12,3,58,2,0
1926,115,0,3,9.0,0,5152,4,0,83,211,59,21,0,11,27,12,4,58,2,0
1927,115,0,3,9.0,0,5152,4,0,83,210,58,23,0,11,27,12,4,58,2,0
1928,116,0,4,12.0,0,5152,4,0,83,203,61,27,0,11,26,13,4,59,2,0
1929,114,0,2,6.0,0,5152,4,0,83,199,61,31,0,11,25,12,4,59,2,0
1930,115,0,3,9.0,0,5152,4,0,83,198,59,34,0,11,25,12,5,59,2,0
1931,116,0,4,12.0,0,5152,4,0,83,193,63,35,0,11,25,12,5,60,2,0
1932,118,0,6,18.0,0,5152,4,0,83,191,62,38,0,11,24,13,6,61,2,0
1933,116,0,4,12.0,0,5152,4,0,55,210,62,47,0,7,27,12,6,61,2,0
1934,116,0,4,12.0,0,5152,6,0,55,210,57,50,0,7,27,11,6,62,2,0
1935,116,0,4,12.0,0,5152,7,0,55,210,53,53,0,7,27,10,6,63,2,0
1936,116,0,4,12.0,4,5156,9,0,55,207,53,54,0,7,26,11,5,64,2,0
1937,113,0,1,3.0,3,5159,10,0,55,205,53,55,0,7,26,10,6,61,2,0
1938,113,0,1,3.0,0,5159,12,0,55,200,58,53,0,7,25,11,6,61,2,0
1939,116,0,4,12.0,2,5161,13,0,55,197,59,54,0,7,25,12,6,63,2,0
1940,119,0,7,21.0,2,5163,17,0,28,219,58,56,0,4,28,12,7,64,2,0
1941,116,0,4,12.0,2,5165,21,0,28,217,58,54,0,4,28,11,7,62,2,0
1942,117,0,5,15.0,10,5175,22,0,28,210,65,53,0,4,27,12,7,63,2,0
1943,117,0,5,15.0,0,5175,23,0,28,208,66,53,0,4,26,13,7,63,2,0
1944,118,0,6,18.0,2,5177,25,0,28,202,72,51,0,4,26,14,6,64,2,0
1945,114,0,2,6.0,4,5181,27,0,28,199,73,51,0,4,25,14,5,62,2,0
1946,115,0,3,9.0,5,5186,31,0,28,197,72,50,0,4,25,14,5,62,2,0
1947,116,0,4,12.0,12,5198,35,0,14,209,71,49,0,2,27,14,6,62,2,0
1948,115,0,3,9.0,14,5212,38,0,14,209,71,46,0,2,27,14,6,61,2,0
1949,113,0,1,3.0,2,5214,39,0,14,207,72,46,0,2,26,14,6,60,2,0
1950,113,0,1,3.0,11,5225,42,0,14,204,75,43,0,2,26,14,6,60,2,0
1951,113,0,1,3.0,5,5230,51,0,14,202,77,34,0,2,26,14,4,61,2,0
1952,113,0,1,3.0,8,5238,56,0,14,197,82,29,0,2,25,15,4,61,2,0
1953,111,1,0,1.0,8,5246,32,28,14,197,82,25,2,2,25,15,3,59,2,0
1954,110,2,0,2.0,19,5265,35,28,0,208,84,23,2,0,26,16,4,57,2,0
1955,110,2,0,2.0,13,5278,37,28,0,205,87,21,2,0,26,16,4,57,2,0
1956,110,2,0,2.0,10,5288,37,28,0,201,91,21,2,0,26,17,4,56,2,0
1957,107,5,0,5.0,4,5292,39,28,0,200,92,19,2,0,25,17,4,54,2,0
1958,107,5,0,5.0,5,5297,45,28,0,199,93,13,2,0,25,17,3,54,2,0
1959,107,5,0,5.0,6,5303,47,28,0,197,95,11,2,0,25,17,2,55,2,0
1960,107,5,0,5.0,8,5311,19,56,0,195,97,11,4,0,25,18,2,55,1,1
1961,105,7,0,7.0,5,5316,20,56,0,192,100,10,4,0,24,18,2,54,1,0
1962,105,7,0,7.0,2,5318,20,56,0,190,102,10,4,0,24,19,2,53,1,0
1963,107,5,0,5.0,6,5324,22,56,0,186,104,10,4,0,24,19,3,54,1,0
1964,107,5,0,5.0,4,5328,25,56,0,183,107,7,4,0,23,20,3,54,1,0
1965,104,8,0,8.0,6,5334,28,56,0,182,106,6,4,0,23,19,3,52,1,0
1966,104,8,0,8.0,0,5334,28,56,0,181,107,6,4,0,23,19,3,52,1,0
1967,106,6,0,6.0,2,5336,1,84,0,178,108,7,6,0,23,20,2,53,1,2
1968,106,6,0,6.0,7,5343,1,84,0,177,108,8,6,0,23,20,2,53,1,0
1969,105,7,0,7.0,6,5349,1,84,0,172,112,9,6,0,22,20,2,53,1,0
1970,105,7,0,7.0,3,5352,1,84,0,170,112,11,6,0,22,21,2,52,1,0
1971,104,8,0,8.0,9,5361,1,84,0,168,114,11,6,0,21,21,2,52,1,0
1972,106,6,0,6.0,4,5365,2,84,0,165,116,11,6,0,21,22,2,53,1,0
1973,106,6,0,6.0,4,5369,2,56,28,161,113,18,4,4,21,21,2,52,1,0
1974,105,7,0,7.0,6,5375,2,56,28,161,109,22,4,4,21,20,2,52,1,2
1975,105,7,0,7.0,2,5377,2,56,28,159,110,23,4,4,20,20,2,53,1,0
1976,107,5,0,5.0,0,5377,2,56,28,155,109,28,4,4,20,20,3,54,1,0
1977,105,7,0,7.0,6,5383,2,56,28,155,107,30,4,4,20,19,3,53,1,0
1978,106,6,0,6.0,2,5385,2,56,28,155,103,34,4,4,20,20,3,53,1,0
1979,106,6,0,6.0,10,5395,2,56,28,151,107,34,4,4,19,21,3,53,1,0
1980,108,4,0,4.0,0,5395,2,28,56,147,111,34,2,7,19,21,3,53,2,0
1981,108,4,0,4.0,2,5397,4,28,56,146,109,35,2,7,19,20,4,53,2,1
1982,108,4,0,4.0,2,5399,4,28,56,145,108,37,2,7,19,20,4,53,2,0
1983,108,4,0,4.0,3,5402,6,28,56,143,105,40,2,7,18,19,5,54,2,0
1984,108,4,0,4.0,7,5409,6,28,56,142,103,43,2,7,18,18,5,55,2,0
1985,107,5,0,5.0,7,5416,8,28,56,136,108,42,2,7,17,19,5,54,2,0
1986,107,5,0,5.0,5,5421,9,28,56,134,108,43,2,7,17,20,5,53,2,0
1987,109,3,0,3.0,6,5427,10,0,84,132,103,49,0,11,17,19,5,54,2,0
1988,108,4,0,4.0,12,5439,2,10,84,132,101,49,1,11,17,19,4,53,2,0
1989,108,4,0,4.0,3,5442,2,10,84,127,100,55,1,11,16,19,5,53,2,0
1990,109,3,0,3.0,6,5448,3,10,84,126,98,57,1,11,16,19,5,54,2,0
1991,108,4,0,4.0,6,5454,10,10,84,124,98,52,1,11,16,18,5,54,2,0
1992,109,3,0,3.0,6,5460,14,10,84,123,99,48,1,11,16,18,6,54,2,0
1993,107,5,0,5.0,2,5462,15,10,84,122,100,47,1,11,16,18,4,53,2,0
1994,109,3,0,3.0,7,5469,20,10,84,121,99,44,1,11,16,19,5,53,2,0
1995,108,4,0,4.0,8,5477,8,24,84,118,99,45,2,11,15,19,5,53,2,1
1996,107,5,0,5.0,6,5483,12,24,84,116,99,43,2,11,15,20,4,52,2,0
1997,107,5,0,5.0,7,5490,12,24,84,114,96,48,2,11,15,19,5,52,2,0
1998,106,6,0,6.0,4,5494,12,24,84,112,98,48,2,11,14,19,5,52,2,0
1999,108,4,0,4.0,8,5502,15,24,84,109,99,47,2,11,14,19,5,53,2,0
2000,108,4,0,4.0,1,5503,17,24,84,108,97,48,2,11,14,19,5,53,2,0
2001,105,7,0,7.0,8,5511,22,24,84,105,96,47,2,11,14,17,4,53,2,0
2002,107,5,0,5.0,4,5515,3,46,84,105,95,45,4,11,14,19,5,52,1,2
2003,106,6,0,6.0,9,5524,4,46,56,127,95,50,4,7,16,19,6,52,1,0
2004,105,7,0,7.0,5,5529,6,46,56,126,94,50,4,7,16,19,6,51,1,0
2005,105,7,0,7.0,0,5529,13,46,56,124,94,45,4,7,16,18,6,52,1,0
2006,106,6,0,6.0,6,5535,15,46,56,124,91,46,4,7,16,18,6,52,1,0
2007,106,6,0,6.0,5,5540,21,46,56,124,89,42,4,7,16,18,6,52,1,0
2008,107,5,0,5.0,2,5542,24,36,66,122,87,43,3,9,16,17,5,53,2,0
2009,106,6,0,6.0,6,5548,2,60,66,121,85,44,5,9,16,16,5,53,1,2
2010,105,7,0,7.0,5,5553,2,60,38,143,85,50,5,5,18,17,6,52,1,0
2011,105,7,0,7.0,4,5557,2,60,38,143,84,51,5,5,18,17,6,52,1,0
2012,105,7,0,7.0,2,5559,4,60,38,143,81,52,5,5,18,17,6,52,1,0
2013,104,8,0,8.0,2,5561,7,60,38,143,80,50,5,5,18,16,6,52,1,0
2014,103,9,0,9.0,5,5566,9,60,38,143,75,53,5,5,18,15,6,52,1,0
2015,105,7,0,7.0,4,5570,14,46,52,143,73,50,4,7,18,15,6,53,1,0
2016,105,7,0,7.0,2,5572,0,60,52,142,72,52,5,7,18,15,6,53,1,2
2017,105,7,0,7.0,0,5572,2,60,24,163,70,59,5,3,21,14,7,53,1,0
2018,105,7,0,7.0,4,5576,5,60,24,163,66,60,5,3,21,14,7,53,1,0
2019,105,7,0,7.0,4,5580,9,60,24,163,66,56,5,3,21,14,7,53,1,0
2020,105,7,0,7.0,4,5584,10,60,24,163,64,57,5,3,21,14,7,53,1,0
2021,104,8,0,8.0,5,5589,16,60,24,163,60,55,5,3,21,13,6,53,1,0
2022,106,6,0,6.0,0,5589,18,38,46,163,60,53,3,6,21,13,6,53,2,0
2023,104,8,0,8.0,0,5589,6,52,46,163,60,51,4,6,21,13,5,53,1,2
2024,106,6,0,6.0,0,5589,9,52,46,162,57,52,4,6,21,13,6,54,1,0
2025,105,7,0,7.0,0,5589,11,52,46,162,53,54,4,6,21,12,6,54,1,0
2026,107,5,0,5.0,0,5589,15,52,46,162,52,51,4,6,21,13,6,54,1,0
2027,106,6,0,6.0,0,5589,18,52,46,161,52,49,4,6,21,12,6,54,1,0
2028,106,6,0,6.0,0,5589,24,52,46,160,51,45,4,6,20,12,6,55,1,0
2029,109,3,0,3.0,0,5589,25,28,70,159,51,45,2,9,20,12,6,56,2,0
2030,108,4,0,4.0,0,5589,3,53,70,157,47,48,4,9,20,10,6,57,1,2
2031,108,4,0,4.0,0,5589,4,53,70,155,47,49,4,9,20,11,5,57,1,0
2032,108,4,0,4.0,0,5589,9,53,70,152,48,46,4,9,19,11,6,57,1,0
2033,108,4,0,4.0,0,5589,11,53,70,149,51,44,4,9,19,11,6,57,1,0
2034,110,2,0,2.0,0,5589,13,53,70,146,49,47,4,9,19,12,6,58,1,0
2035,109,3,0,3.0,0,5589,22,53,70,146,48,39,4,9,19,11,5,58,1,0
2036,110,2,0,2.0,0,5589,26,39,84,144,48,37,3,11,18,11,5,58,2,0
2037,110,2,0,2.0,0,5589,0,65,84,143,48,38,5,11,18,11,5,59,1,2
2038,112,0,0,0.0,0,5589,2,65,74,150,48,39,5,10,19,11,6,59,1,0
2039,110,2,0,2.0,0,5589,6,65,74,149,48,36,5,10,19,11,4,59,1,0
2040,112,0,0,0.0,0,5589,6,65,74,147,47,39,5,10,19,12,5,59,1,0
2041,111,1,0,1.0,0,5589,6,65,74,143,49,41,5,10,18,11,5,60,1,0
2042,113,0,1,3.0,0,5589,10,65,74,139,51,39,5,10,18,12,6,60,1,0
2043,112,0,0,0.0,0,5589,14,51,88,136,52,37,4,11,17,12,6,60,1,0
2044,114,0,2,6.0,0,5589,15,51,88,130,55,39,4,11,17,13,5,61,1,2
2045,114,0,2,6.0,1,5590,16,51,74,140,56,41,4,10,18,12,5,62,1,0
2046,115,0,3,9.0,0,5590,18,51,74,135,58,42,4,10,17,13,6,62,1,0
2047,117,0,5,15.0,2,5592,19,51,74,129,64,41,4,10,17,14,6,63,1,0
2048,116,0,4,12.0,0,5592,25,51,74,125,67,36,4,10,16,15,5,63,1,0
2049,114,0,2,6.0,6,5598,27,51,74,123,68,35,4,10,16,14,5,62,1,0
2050,119,0,7,21.0,4,5602,29,26,99,121,68,35,2,13,16,15,5,63,2,0
2051,118,0,6,18.0,2,5604,29,26,99,118,71,35,2,13,15,15,5,63,2,1
2052,115,0,3,9.0,1,5605,34,26,77,137,71,33,2,10,18,15,4,61,2,0
2053,116,0,4,12.0,2,5607,35,26,77,135,71,34,2,10,17,14,5,63,2,0
2054,117,0,5,15.0,11,5618,37,26,77,132,73,33,2,10,17,15,6,62,2,0
2055,118,0,6,18.0,0,5618,38,26,77,129,75,33,2,10,17,16,6,62,2,0
2056,116,0,4,12.0,5,5623,41,26,77,127,77,30,2,10,16,17,4,62,2,0
2057,116,0,4,12.0,6,5629,42,0,103,126,78,29,0,13,16,17,4,61,2,0
2058,116,0,4,12.0,4,5633,45,0,103,123,81,26,0,13,16,17,3,61,2,0
2059,116,0,4,12.0,16,5649,47,0,79,140,86,26,0,10,18,18,4,60,2,0
2060,115,0,3,9.0,12,5661,49,0,79,137,89,24,0,10,18,19,4,58,2,0
2061,114,0,2,6.0,11,5672,51,0,79,136,89,23,0,10,17,17,5,59,2,0
2062,114,0,2,6.0,8,5680,54,0,79,136,88,21,0,10,17,18,5,58,2,0
2063,114,0,2,6.0,6,5686,57,0,79,136,88,18,0,10,17,18,4,58,2,0
2064,113,0,1,3.0,9,5695,60,0,79,134,90,15,0,10,17,19,3,57,2,0
2065,113,0,1,3.0,4,5699,60,0,79,133,91,15,0,10,17,19,3,57,2,0
2066,114,0,2,6.0,4,5703,61,0,65,146,92,14,0,9,19,19,3,57,2,0
2067,113,0,1,3.0,5,5708,62,0,65,145,93,13,0,9,19,19,3,56,2,0
2068,112,0,0,0.0,4,5712,64,0,65,145,93,11,0,9,19,19,3,55,2,0
2069,111,1,0,1.0,7,5719,64,0,65,145,92,12,0,9,19,16,4,56,2,0
2070,111,1,0,1.0,2,5721,67,0,65,143,94,9,0,9,18,17,4,56,2,0
2071,109,3,0,3.0,12,5733,69,0,65,143,94,7,0,9,18,17,3,55,2,0
2072,108,4,0,4.0,7,5740,42,28,65,143,93,7,2,9,18,17,3,54,2,0
2073,109,3,0,3.0,4,5744,43,28,51,157,92,7,2,7,20,17,3,54,2,0
2074,109,3,0,3.0,8,5752,43,28,51,157,91,8,2,7,20,17,3,54,2,0
2075,108,4,0,4.0,4,5756,43,28,51,157,89,10,2,7,20,17,3,53,2,0
2076,109,3,0,3.0,7,5763,43,28,51,157,87,12,2,7,20,18,3,53,2,0
2077,108,4,0,4.0,2,5765,45,28,51,157,84,13,2,7,20,16,3,54,2,0
2078,108,4,0,4.0,5,5770,45,28,51,157,81,16,2,7,20,16,3,54,2,0
2079,106,6,0,6.0,4,5774,18,56,51,157,78,18,4,7,20,14,3,55,1,1
2080,105,7,0,7.0,4,5778,19,56,26,178,78,21,4,4,23,14,3,54,1,0
2081,105,7,0,7.0,0,5778,19,56,26,178,76,23,4,4,23,14,3,54,1,0
2082,105,7,0,7.0,3,5781,19,56,26,178,75,24,4,4,23,14,3,54,1,0
2083,105,7,0,7.0,0,5781,19,56,26,178,74,25,4,4,23,14,3,54,1,0
2084,105,7,0,7.0,4,5785,19,56,26,178,73,26,4,4,23,15,3,53,1,0
2085,105,7,0,7.0,4,5789,19,56,26,178,71,28,4,4,23,13,4,54,1,0
2086,105,7,0,7.0,0,5789,5,70,26,178,67,32,5,4,23,13,4,54,1,2
2087,105,7,0,7.0,0,5789,6,70,0,202,63,37,5,0,26,12,5,55,1,0
2088,104,8,0,8.0,0,5789,6,70,0,202,60,40,5,0,26,11,5,55,1,0
2089,105,7,0,7.0,0,5789,6,70,0,202,54,46,5,0,26,10,6,56,1,0
2090,105,7,0,7.0,0,5789,7,70,0,202,52,47,5,0,26,10,6,56,1,0
2091,105,7,0,7.0,0,5789,8,70,0,202,47,51,5,0,26,9,6,57,1,0
2092,108,4,0,4.0,3,5792,9,42,28,202,41,56,3,4,26,9,6,57,2,0
2093,107,5,0,5.0,0,5792,2,51,28,202,37,58,4,4,26,7,6,58,1,2
2094,108,4,0,4.0,0,5792,4,51,28,202,35,58,4,4,26,7,6,59,1,0
2095,108,4,0,4.0,0,5792,7,51,28,202,33,57,4,4,26,7,6,59,1,0
2096,107,5,0,5.0,0,5792,10,51,28,202,30,57,4,4,26,6,6,59,1,0
2097,107,5,0,5.0,0,5792,13,51,28,202,30,54,4,4,26,6,6,59,1,0
2098,110,2,0,2.0,0,5792,17,51,28,202,28,52,4,4,26,6,7,60,1,0
2099,110,2,0,2.0,0,5792,19,23,56,202,25,53,2,7,26,5,6,60,2,0
2100,110,2,0,2.0,0,5792,6,37,56,202,22,55,3,7,26,5,6,60,2,2
2101,111,1,0,1.0,0,5792,7,37,56,201,21,56,3,7,26,5,6,61,2,0
2102,111,1,0,1.0,0,5792,8,37,56,200,21,56,3,7,25,5,7,61,2,0
2103,111,1,0,1.0,0,5792,10,37,56,200,18,57,3,7,25,5,7,61,2,0
2104,111,1,0,1.0,0,5792,14,37,56,198,15,58,3,7,25,4,7,62,2,0
2105,112,0,0,0.0,0,5792,20,37,56,194,16,55,3,7,25,4,6,63,2,0
2106,113,0,1,3.0,0,5792,23,23,70,193,16,53,2,9,25,4,6,63,2,0
2107,112,0,0,0.0,0,5792,29,23,70,191,18,47,2,9,24,4,5,63,2,2
2108,111,1,0,1.0,0,5792,31,23,70,190,19,45,2,9,24,4,4,63,2,0
2109,113,0,1,3.0,0,5792,36,23,70,188,19,42,2,9,24,4,5,64,2,0
2110,113,0,1,3.0,0,5792,42,23,70,186,20,37,2,9,24,4,5,64,2,0
2111,113,0,1,3.0,0,5792,46,23,70,184,21,34,2,9,23,4,5,64,2,0
2112,114,0,2,6.0,0,5792,48,23,70,180,24,33,2,9,23,5,5,64,2,0
2113,114,0,2,6.0,0,5792,50,14,79,177,27,31,1,10,23,6,4,64,2,0
2114,112,0,0,0.0,0,5792,53,14,79,173,31,28,1,10,22,6,3,64,2,1
2115,112,0,0,0.0,0,5792,53,14,79,173,29,30,1,10,22,5,4,64,2,0
2116,112,0,0,0.0,4,5796,55,14,79,171,31,28,1,10,22,6,3,64,2,0
2117,113,0,1,3.0,2,5798,58,14,79,170,32,25,1,10,22,7,3,63,2,0
2118,112,0,0,0.0,5,5803,61,14,79,167,35,22,1,10,21,7,3,63,2,0
2119,111,1,0,1.0,2,5805,63,14,79,166,36,20,1,10,21,7,3,62,2,0
2120,113,0,1,3.0,4,5809,64,0,93,163,39,19,0,12,21,8,3,62,2,0
2121,111,1,0,1.0,2,5811,53,14,93,163,39,16,1,12,21,8,2,61,2,0
2122,112,0,0,0.0,9,5820,58,14,65,181,43,17,1,9,23,8,3,61,2,0
2123,113,0,1,3.0,9,5829,61,14,65,179,45,14,1,9,23,9,3,61,2,0
2124,112,0,0,0.0,3,5832,62,14,65,177,47,13,1,9,23,9,2,61,2,0
2125,111,1,0,1.0,2,5834,62,14,65,174,50,13,1,9,22,10,2,60,2,0
2126,112,0,0,0.0,0,5834,62,14,65,170,54,13,1,9,22,11,2,60,2,0
2127,110,2,0,2.0,4,5838,64,14,65,167,57,11,1,9,21,11,2,59,2,0
2128,110,2,0,2.0,6,5844,37,42,65,166,58,10,3,9,21,11,2,59,2,1
2129,109,3,0,3.0,8,5852,38,42,37,189,60,12,3,5,24,12,2,58,2,0
2130,109,3,0,3.0,5,5857,39,42,37,188,61,11,3,5,24,12,2,58,2,0
2131,109,3,0,3.0,2,5859,39,42,37,188,61,11,3,5,24,12,2,58,2,0
2132,109,3,0,3.0,7,5866,39,42,37,186,63,11,3,5,24,12,2,58,2,0
2133,106,6,0,6.0,7,5873,41,42,37,184,65,9,3,5,23,13,1,56,2,0
2134,106,6,0,6.0,10,5883,41,42,37,182,67,9,3,5,23,13,1,56,2,0
2135,104,8,0,8.0,8,5891,13,70,37,181,68,9,5,5,23,13,1,55,1,2
2136,104,8,0,8.0,6,5897,13,70,23,191,68,13,5,3,24,13,2,55,1,0
2137,103,9,0,9.0,4,5901,13,70,23,190,69,13,5,3,24,13,2,54,1,0
2138,103,9,0,9.0,0,5901,13,70,23,190,69,13,5,3,24,13,2,54,1,0
2139,103,9,0,9.0,5,5906,13,70,23,190,69,13,5,3,24,13,2,54,1,0
2140,103,9,0,9.0,4,5910,19,70,23,190,69,7,5,3,24,13,1,54,1,0
2141,104,8,0,8.0,4,5914,19,56,37,189,70,7,4,5,24,14,1,53,1,0
2142,104,8,0,8.0,0,5914,5,70,37,189,70,7,5,5,24,14,1,53,1,2
2143,105,7,0,7.0,2,5916,5,70,28,196,70,9,5,4,25,14,2,53,1,0
2144,105,7,0,7.0,0,5916,5,70,28,196,70,9,5,4,25,14,2,53,1,0
2145,104,8,0,8.0,4,5920,5,70,28,196,70,9,5,4,25,14,2,52,1,0
2146,106,6,0,6.0,7,5927,5,70,28,195,70,10,5,4,25,14,3,53,1,0
2147,105,7,0,7.0,3,5930,8,70,28,195,69,8,5,4,25,14,2,53,1,0
2148,106,6,0,6.0,0,5930,8,42,56,192,72,8,3,7,24,14,2,53,2,0
2149,104,8,0,8.0,2,5932,0,50,56,188,74,10,4,7,24,14,2,52,1,2
2150,106,6,0,6.0,0,5932,0,50,42,197,72,17,4,6,25,14,3,53,1,0
2151,107,5,0,5.0,0,5932,0,50,42,196,72,18,4,6,25,15,3,53,1,0
2152,106,6,0,6.0,0,5932,0,50,42,196,70,20,4,6,25,14,3,53,1,0
2153,106,6,0,6.0,0,5932,0,50,42,190,75,21,4,6,24,15,3,53,1,0
2154,107,5,0,5.0,0,5932,4,50,42,187,76,19,4,6,24,14,3,54,1,0
2155,111,1,0,1.0,0,5932,4,22,70,185,76,21,2,9,24,16,3,54,2,0
2156,109,3,0,3.0,0,5932,4,22,70,181,78,23,2,9,23,15,3,54,2,2
2157,110,2,0,2.0,0,5932,4,22,70,178,77,27,2,9,23,15,3,55,2,0
2158,109,3,0,3.0,0,5932,4,22,70,176,76,30,2,9,22,15,3,55,2,0
2159,111,1,0,1.0,0,5932,4,22,70,174,74,34,2,9,22,15,4,56,2,0
2160,111,1,0,1.0,0,5932,4,22,70,171,77,34,2,9,22,15,4,56,2,0
2161,110,2,0,2.0,0,5932,6,22,70,170,76,34,2,9,22,14,4,56,2,0
2162,113,0,1,3.0,0,5932,6,8,84,167,78,35,1,11,21,15,5,57,2,0
2163,114,0,2,6.0,5,5937,6,8,84,167,75,38,1,11,21,16,5,57,2,1
2164,113,0,1,3.0,0,5937,7,8,84,164,77,38,1,11,21,15,5,57,2,0
2165,116,0,4,12.0,4,5941,8,8,84,161,77,40,1,11,21,15,6,59,2,0
2166,115,0,3,9.0,0,5941,8,8,84,159,79,40,1,11,20,15,6,59,2,0
2167,112,0,0,0.0,3,5944,10,8,84,158,76,42,1,11,20,14,6,57,2,0
2168,112,0,0,0.0,2,5946,17,8,84,157,75,37,1,11,20,15,4,57,2,0
2169,113,0,1,3.0,2,5948,18,0,92,149,81,38,0,12,19,15,5,58,2,0
2170,114,0,2,6.0,4,5952,20,0,92,148,79,39,0,12,19,16,5,58,2,0
2171,116,0,4,12.0,0,5952,21,0,78,161,75,43,0,10,21,16,6,59,2,0
2172,115,0,3,9.0,3,5955,23,0,78,161,72,44,0,10,21,15,6,59,2,0
2173,115,0,3,9.0,14,5969,25,0,78,161,71,43,0,10,21,15,6,59,2,0
2174,114,0,2,6.0,9,5978,27,0,78,160,70,43,0,10,20,14,6,60,2,0
2175,113,0,1,3.0,2,5980,31,0,78,156,73,40,0,10,20,14,6,58,2,0
2176,112,0,0,0.0,9,5989,34,0,78,153,76,37,0,10,20,15,5,57,2,0
2177,112,0,0,0.0,4,5993,10,28,78,148,79,35,2,10,19,15,6,57,2,0
2178,113,0,1,3.0,8,6001,10,28,50,170,80,40,2,7,22,16,6,57,2,0
2179,112,0,0,0.0,0,6001,12,28,50,168,80,40,2,7,21,16,6,57,2,0
2180,113,0,1,3.0,0,6001,13,28,50,165,82,40,2,7,21,17,6,57,2,0
2181,114,0,2,6.0,6,6007,16,28,50,160,87,37,2,7,20,18,5,58,2,0
2182,112,0,0,0.0,4,6011,17,28,50,160,86,37,2,7,20,16,5,58,2,0
2183,108,4,0,4.0,12,6023,20,28,50,160,86,34,2,7,20,16,4,55,2,0
2184,109,3,0,3.0,7,6030,6,42,50,158,88,34,3,7,20,17,4,55,2,1
2185,109,3,0,3.0,2,6032,10,42,22,180,90,34,3,3,23,17,5,55,2,0
2186,112,0,0,0.0,3,6035,12,42,22,178,91,33,3,3,23,18,6,56,2,0
2187,111,1,0,1.0,14,6049,14,42,22,171,98,31,3,3,22,19,6,55,2,0
2188,109,3,0,3.0,5,6054,17,42,22,168,101,28,3,3,21,19,5,54,2,0
2189,108,4,0,4.0,14,6068,22,42,22,163,106,23,3,3,21,20,3,54,2,0
2190,108,4,0,4.0,6,6074,25,42,22,160,109,20,3,3,20,21,3,54,2,0
2191,107,5,0,5.0,5,6079,1,67,22,159,109,20,5,3,20,21,4,52,1,2
2192,108,4,0,4.0,0,6079,3,67,8,169,110,21,5,1,22,22,4,52,1,0
2193,106,6,0,6.0,0,6079,4,67,8,165,111,23,5,1,21,21,4,52,1,0
2194,109,3,0,3.0,4,6083,4,67,8,163,109,27,5,1,21,22,5,53,1,0
2195,108,4,0,4.0,6,6089,6,67,8,161,109,27,5,1,21,21,5,53,1,0
2196,104,8,0,8.0,4,6093,11,67,8,157,112,23,5,1,20,21,3,52,1,0
2197,108,4,0,4.0,10,6103,13,39,36,155,114,21,3,5,20,22,3,52,2,0
2198,109,3,0,3.0,0,6103,1,52,36,154,109,26,4,5,20,21,4,53,1,2
2199,111,1,0,1.0,5,6108,1,52,28,160,107,30,4,4,20,21,6,54,1,0
2200,107,5,0,5.0,6,6114,2,52,28,158,107,31,4,4,20,21,5,51,1,0
2201,107,5,0,5.0,9,6123,2,52,28,156,105,35,4,4,20,20,5,52,1,0
2202,110,2,0,2.0,2,6125,2,52,28,155,103,38,4,4,20,20,6,54,1,0
2203,108,4,0,4.0,2,6127,6,52,28,155,101,36,4,4,20,19,5,54,1,0
2204,109,3,0,3.0,4,6131,7,38,42,155,99,37,3,6,20,19,5,53,2,0
2205,108,4,0,4.0,4,6135,0,45,42,155,96,40,4,6,20,18,5,54,1,2
2206,109,3,0,3.0,6,6141,0,45,42,155,95,41,4,6,20,19,5,54,1,0
2207,109,3,0,3.0,4,6145,0,45,42,155,92,44,4,6,20,18,6,54,1,0
2208,106,6,0,6.0,9,6154,0,45,42,155,92,44,4,6,20,18,6,51,1,0
2209,107,5,0,5.0,6,6160,1,45,42,155,89,46,4,6,20,17,6,52,1,0
2210,109,3,0,3.0,1,6161,4,45,42,155,86,46,4,6,20,17,6,54,1,0
2211,110,2,0,2.0,3,6164,7,20,67,155,84,45,2,9,20,16,6,54,2,0
2212,109,3,0,3.0,7,6171,4,27,67,155,83,42,2,9,20,16,6,53,2,2
2213,109,3,0,3.0,3,6174,6,27,67,155,82,41,2,9,20,15,6,54,2,0
2214,108,4,0,4.0,10,6184,7,27,67,155,74,48,2,9,20,15,5,54,2,0
2215,107,5,0,5.0,4,6188,7,27,67,155,73,49,2,9,20,14,5,54,2,0
2216,106,6,0,6.0,4,6192,13,27,67,155,73,43,2,9,20,14,6,52,2,0
2217,105,7,0,7.0,6,6198,17,27,67,155,73,39,2,9,20,14,4,52,2,0
2218,105,7,0,7.0,10,6208,19,14,80,155,73,37,1,10,20,14,4,52,2,0
2219,108,4,0,4.0,0,6208,9,28,80,154,73,34,2,10,20,15,5,53,2,2
2220,105,7,0,7.0,4,6212,12,28,80,151,72,35,2,10,19,14,4,53,2,0
2221,105,7,0,7.0,7,6219,14,28,80,148,72,36,2,10,19,14,4,53,2,0
2222,107,5,0,5.0,0,6219,16,28,80,148,67,39,2,10,19,14,5,53,2,0
2223,106,6,0,6.0,0,6219,19,28,80,148,64,39,2,10,19,13,4,54,2,0
2224,104,8,0,8.0,9,6228,20,28,80,147,63,40,2,10,19,13,4,52,2,0
2225,105,7,0,7.0,9,6237,23,21,87,146,61,40,2,11,19,12,4,53,2,0
2226,102,10,0,10.0,0,6237,0,44,87,144,58,45,4,11,18,11,4,53,1,2
2227,105,7,0,7.0,2,6239,3,44,59,162,60,50,4,8,21,12,5,53,1,0
2228,103,9,0,9.0,5,6244,6,44,59,160,62,47,4,8,20,12,4,53,1,0
2229,106,6,0,6.0,2,6246,8,44,59,155,65,47,4,8,20,12,5,55,1,0
2230,106,6,0,6.0,13,6259,9,44,59,153,65,48,4,8,20,13,6,53,1,0
2231,104,8,0,8.0,4,6263,10,44,59,150,66,49,4,8,19,13,6,52,1,0
2232,104,8,0,8.0,4,6267,18,37,66,148,61,48,3,9,19,12,5,52,2,0
2233,103,9,0,9.0,0,6267,5,51,66,146,60,50,4,9,19,11,5,53,1,2
2234,104,8,0,8.0,10,6277,5,51,52,157,57,56,4,7,20,12,5,54,1,0
2235,103,9,0,9.0,2,6279,5,51,52,155,56,59,4,7,20,11,5,54,1,0
2236,103,9,0,9.0,5,6284,5,51,52,154,56,60,4,7,20,11,5,54,1,0
2237,106,6,0,6.0,2,6286,6,51,52,153,56,60,4,7,20,11,6,56,1,0
2238,104,8,0,8.0,2,6288,10,51,52,153,52,60,4,7,20,11,6,54,1,0
2239,105,7,0,7.0,2,6290,13,37,66,152,51,59,3,9,19,10,6,55,2,0
2240,106,6,0,6.0,7,6297,5,50,66,150,51,56,4,9,19,11,6,55,1,2
2241,104,8,0,8.0,4,6301,8,50,41,170,49,60,4,6,22,10,7,53,1,0
2242,105,7,0,7.0,5,6306,10,50,41,170,47,60,4,6,22,10,7,54,1,0
2243,104,8,0,8.0,5,6311,13,50,41,168,48,58,4,6,21,10,7,54,1,0
2244,104,8,0,8.0,5,6316,18,50,41,166,49,54,4,6,21,10,6,54,1,0
2245,106,6,0,6.0,2,6318,26,50,41,164,49,48,4,6,21,10,6,56,1,0
2246,106,6,0,6.0,6,6324,26,27,64,157,54,50,2,8,20,12,6,54,2,0
2247,105,7,0,7.0,0,6324,2,53,64,155,55,49,4,8,20,11,6,54,1,2
2248,106,6,0,6.0,2,6326,4,53,51,167,55,48,4,7,21,11,7,54,1,0
2249,104,8,0,8.0,2,6328,6,53,51,167,55,46,4,7,21,11,6,53,1,0
2250,103,9,0,9.0,4,6332,13,53,51,166,56,39,4,7,21,11,5,53,1,0
2251,105,7,0,7.0,0,6332,16,53,51,161,61,36,4,7,21,12,5,53,1,0
2252,104,8,0,8.0,0,6332,22,53,51,158,64,30,4,7,20,13,4,53,1,0
2253,107,5,0,5.0,4,6336,25,39,65,157,65,27,3,9,20,13,4,54,2,0
2254,105,7,0,7.0,3,6339,1,64,65,156,66,26,5,9,20,13,4,52,1,2
2255,105,7,0,7.0,2,6341,2,64,58,160,66,28,5,8,20,13,5,52,1,0
2256,105,7,0,7.0,0,6341,6,64,58,160,66,24,5,8,20,13,5,52,1,0
2257,104,8,0,8.0,0,6341,8,64,58,158,68,22,5,8,20,13,4,52,1,0
2258,103,9,0,9.0,0,6341,10,64,58,158,68,20,5,8,20,13,3,52,1,0
2259,103,9,0,9.0,0,6341,17,64,58,158,68,13,5,8,20,13,2,52,1,0
2260,103,9,0,9.0,0,6341,19,51,71,158,68,11,4,9,20,13,2,52,1,0
2261,105,7,0,7.0,2,6343,6,65,71,156,70,10,5,9,20,14,2,53,1,2
2262,103,9,0,9.0,2,6345,7,65,64,160,71,11,5,8,20,14,3,51,1,0
2263,103,9,0,9.0,0,6345,9,65,64,160,71,9,5,8,20,14,3,51,1,0
2264,106,6,0,6.0,0,6345,11,65,64,160,70,8,5,8,20,15,4,52,1,0
2265,104,8,0,8.0,0,6345,12,65,64,159,68,10,5,8,20,14,3,52,1,0
2266,103,9,0,9.0,0,6345,13,65,64,158,66,12,5,8,20,13,2,53,1,0
2267,107,5,0,5.0,0,6345,13,39,90,156,68,12,3,12,20,14,2,53,2,0
2268,106,6,0,6.0,0,6345,0,52,90,156,68,12,4,12,20,14,2,53,1,2
2269,107,5,0,5.0,1,6346,0,52,76,167,67,16,4,10,21,14,3,54,1,0
2270,107,5,0,5.0,0,6346,0,52,76,165,68,17,4,10,21,14,3,54,1,0
2271,107,5,0,5.0,0,6346,0,52,76,163,68,19,4,10,21,14,3,54,1,0
2272,110,2,0,2.0,2,6348,0,52,76,162,67,21,4,10,21,15,4,55,1,0
2273,109,3,0,3.0,2,6350,3,52,76,162,65,20,4,10,21,14,3,55,1,0
2274,110,2,0,2.0,2,6352,3,27,101,161,61,25,2,13,21,13,3,55,2,0
2275,109,3,0,3.0,4,6356,3,27,101,161,59,27,2,13,21,13,3,54,2,2
2276,108,4,0,4.0,5,6361,3,27,78,181,56,33,2,10,23,12,4,54,2,0
2277,109,3,0,3.0,6,6367,3,27,78,179,56,35,2,10,23,12,5,54,2,0
2278,109,3,0,3.0,6,6373,3,27,78,178,55,37,2,10,23,12,5,54,2,0
2279,110,2,0,2.0,6,6379,3,27,78,177,54,39,2,10,23,12,5,55,2,0
2280,112,0,0,0.0,0,6379,5,27,78,177,52,39,2,10,23,13,5,56,2,0
2281,111,1,0,1.0,4,6383,5,13,92,173,55,40,1,12,22,12,5,56,2,0
2282,110,2,0,2.0,2,6385,6,13,92,172,55,40,1,12,22,12,5,55,2,1
2283,109,3,0,3.0,2,6387,9,13,78,185,56,37,1,10,24,12,5,54,2,0
2284,108,4,0,4.0,2,6389,12,13,78,182,58,35,1,10,23,13,4,54,2,0
2285,110,2,0,2.0,4,6393,12,13,78,180,58,37,1,10,23,13,5,55,2,0
2286,109,3,0,3.0,8,6401,12,13,78,174,62,39,1,10,22,13,5,55,2,0
2287,110,2,0,2.0,8,6409,16,13,78,171,65,35,1,10,22,14,5,54,2,0
2288,113,0,1,3.0,6,6415,17,0,91,170,64,36,0,12,22,15,5,55,2,0
2289,110,2,0,2.0,12,6427,5,14,91,168,64,36,1,12,21,14,5,54,2,0
2290,109,3,0,3.0,3,6430,7,14,78,176,66,37,1,10,22,14,6,53,2,0
2291,109,3,0,3.0,10,6440,9,14,78,173,62,42,1,10,22,14,6,53,2,0
2292,109,3,0,3.0,13,6453,14,14,78,168,65,39,1,10,21,14,7,53,2,0
2293,110,2,0,2.0,9,6462,16,14,78,162,71,37,1,10,21,15,6,53,2,0
2294,109,3,0,3.0,6,6468,22,14,78,161,72,31,1,10,21,16,4,53,2,0
2295,107,5,0,5.0,3,6471,24,14,78,158,74,30,1,10,20,15,5,52,2,0
2296,109,3,0,3.0,6,6477,2,38,78,156,71,33,3,10,20,15,5,53,2,1
2297,110,2,0,2.0,0,6477,4,38,52,177,70,37,3,7,23,15,5,54,2,0
2298,107,5,0,5.0,5,6482,6,38,52,174,72,36,3,7,22,14,5,53,2,0
2299,107,5,0,5.0,6,6488,7,38,52,173,72,36,3,7,22,15,5,52,2,0
2300,107,5,0,5.0,7,6495,8,38,52,170,75,35,3,7,22,16,4,52,2,0
2301,106,6,0,6.0,5,6500,8,38,52,168,77,35,3,7,21,16,4,52,2,0
2302,106,6,0,6.0,2,6502,9,38,52,166,77,36,3,7,21,16,4,52,2,0
2303,105,7,0,7.0,6,6508,2,47,52,164,79,34,4,7,21,16,4,51,1,2
2304,105,7,0,7.0,11,6519,4,47,27,182,81,37,4,4,23,16,5,51,1,0
2305,104,8,0,8.0,6,6525,4,47,27,182,81,37,4,4,23,16,5,50,1,0
2306,104,8,0,8.0,2,6527,6,47,27,182,79,37,4,4,23,15,6,50,1,0
2307,105,7,0,7.0,0,6527,8,47,27,182,78,36,4,4,23,16,6,50,1,0
2308,105,7,0,7.0,0,6527,11,47,27,180,80,33,4,4,23,17,5,50,1,0
2309,106,6,0,6.0,4,6531,18,33,41,178,82,26,3,6,23,17,3,50,2,0
2310,105,7,0,7.0,2,6533,6,47,41,177,82,25,4,6,23,17,3,50,1,2
2311,105,7,0,7.0,2,6535,6,47,27,188,82,28,4,4,24,17,4,50,1,0
2312,104,8,0,8.0,2,6537,6,47,27,188,80,30,4,4,24,16,4,50,1,0
2313,104,8,0,8.0,0,6537,7,47,27,188,80,29,4,4,24,16,4,50,1,0
2314,104,8,0,8.0,0,6537,12,47,27,188,80,24,4,4,24,16,4,50,1,0
2315,105,7,0,7.0,4,6541,18,47,27,188,78,20,4,4,24,16,4,50,1,0
2316,105,7,0,7.0,0,6541,19,23,51,188,76,21,2,7,24,14,4,50,2,0
2317,105,7,0,7.0,0,6541,6,37,51,188,75,21,3,7,24,15,3,50,2,2
2318,105,7,0,7.0,0,6541,6,37,38,198,75,24,3,5,25,15,4,50,2,0
2319,106,6,0,6.0,0,6541,6,37,38,198,74,25,3,5,25,15,5,50,2,0
2320,105,7,0,7.0,0,6541,8,37,38,198,74,23,3,5,25,15,4,50,2,0
2321,105,7,0,7.0,0,6541,8,37,38,198,74,23,3,5,25,15,4,50,2,0
2322,104,8,0,8.0,0,6541,13,37,38,198,72,20,3,5,25,14,3,51,2,0
2323,106,6,0,6.0,0,6541,13,28,47,198,71,21,2,6,25,14,4,52,2,0
2324,107,5,0,5.0,0,6541,2,41,47,197,71,20,3,6,25,14,4,52,2,2
2325,106,6,0,6.0,0,6541,3,41,47,195,73,19,3,6,25,14,3,52,2,0
2326,106,6,0,6.0,0,6541,3,41,47,195,69,23,3,6,25,14,3,52,2,0
2327,106,6,0,6.0,0,6541,3,41,47,192,71,24,3,6,24,13,4,53,2,0
2328,106,6,0,6.0,0,6541,4,41,47,191,71,24,3,6,24,13,4,53,2,0
2329,106,6,0,6.0,0,6541,7,41,47,191,68,24,3,6,24,14,3,53,2,0
2330,106,6,0,6.0,0,6541,9,27,61,190,67,24,2,8,24,13,3,53,2,0
2331,108,4,0,4.0,0,6541,0,36,61,189,62,30,3,8,24,13,4,54,2,2
2332,108,4,0,4.0,0,6541,0,36,61,189,59,33,3,8,24,12,4,55,2,0
2333,110,2,0,2.0,0,6541,2,36,61,186,61,32,3,8,24,12,5,55,2,0
2334,110,2,0,2.0,0,6541,4,36,61,185,60,32,3,8,24,12,5,55,2,0
2335,109,3,0,3.0,0,6541,5,36,61,183,58,35,3,8,23,11,5,56,2,0
2336,108,4,0,4.0,0,6541,8,36,61,182,56,35,3,8,23,11,4,56,2,0
2337,109,3,0,3.0,0,6541,9,22,75,181,52,39,2,10,23,11,3,57,2,0
2338,110,2,0,2.0,0,6541,0,31,75,178,49,45,3,10,23,10,4,58,2,2
2339,112,0,0,0.0,0,6541,0,31,61,189,50,47,3,8,24,11,5,59,2,0
2340,113,0,1,3.0,0,6541,2,31,61,186,50,48,3,8,24,10,6,59,2,0
2341,113,0,1,3.0,0,6541,3,31,61,185,49,49,3,8,24,10,6,59,2,0
2342,113,0,1,3.0,0,6541,4,31,61,181,51,50,3,8,23,10,6,60,2,0
2343,112,0,0,0.0,0,6541,4,31,61,181,48,53,3,8,23,9,6,60,2,0
2344,113,0,1,3.0,0,6541,8,18,74,176,52,50,2,10,22,10,6,60,2,0
2345,114,0,2,6.0,0,6541,9,18,74,176,49,52,2,10,22,10,6,61,2,2
2346,117,0,5,15.0,1,6542,10,18,50,190,52,58,2,7,24,11,6,64,2,0
2347,118,0,6,18.0,2,6544,13,18,50,188,52,57,2,7,24,11,6,65,2,0
2348,120,0,8,24.0,0,6544,15,18,50,185,53,57,2,7,24,11,7,65,2,0
2349,115,0,3,9.0,5,6549,21,18,50,182,54,53,2,7,23,11,6,62,2,0
2350,114,0,2,6.0,9,6558,24,18,50,180,56,50,2,7,23,11,6,61,2,0
2351,115,0,3,9.0,2,6560,25,9,59,178,58,49,1,8,23,12,5,62,2,0
2352,113,0,1,3.0,5,6565,27,9,59,175,61,47,1,8,22,12,5,61,2,1
2353,115,0,3,9.0,2,6567,31,9,50,182,59,47,1,7,23,12,6,61,2,0
2354,118,0,6,18.0,4,6571,34,9,50,179,60,46,1,7,23,13,6,63,2,0
2355,119,0,7,21.0,4,6575,39,9,50,177,61,42,1,7,23,13,6,64,2,0
2356,119,0,7,21.0,4,6579,45,9,50,172,65,37,1,7,22,13,6,64,2,0
2357,115,0,3,9.0,8,6587,47,9,50,172,65,35,1,7,22,13,5,61,2,0
2358,114,0,2,6.0,8,6595,50,0,59,171,66,32,0,8,22,14,4,60,2,0
2359,114,0,2,6.0,9,6604,52,0,59,171,66,30,0,8,22,14,4,60,2,0
2360,114,0,2,6.0,0,6604,54,0,45,184,66,29,0,6,23,14,5,60,2,0
2361,113,0,1,3.0,4,6608,57,0,45,184,66,26,0,6,23,14,4,59,2,0
2362,115,0,3,9.0,2,6610,58,0,45,183,67,25,0,6,23,14,4,61,2,0
2363,115,0,3,9.0,6,6616,61,0,45,181,69,22,0,6,23,14,4,61,2,0
2364,114,0,2,6.0,3,6619,68,0,45,180,70,15,0,6,23,14,3,61,2,0
2365,112,0,0,0.0,4,6623,70,0,45,178,72,13,0,6,23,15,3,58,2,0
2366,112,0,0,0.0,0,6623,58,14,45,178,72,11,1,6,23,15,2,58,2,0
2367,111,1,0,1.0,8,6631,60,14,31,188,72,13,1,4,24,15,3,57,2,0
2368,111,1,0,1.0,4,6635,60,14,31,188,72,13,1,4,24,15,3,57,2,0
2369,113,0,1,3.0,4,6639,60,14,31,187,72,14,1,4,24,16,4,57,2,0
2370,113,0,1,3.0,6,6645,60,14,31,187,70,16,1,4,24,14,4,59,2,0
2371,113,0,1,3.0,10,6655,64,14,31,186,71,12,1,4,24,15,3,59,2,0
2372,111,1,0,1.0,7,6662,66,14,31,184,70,13,1,4,23,15,3,58,2,0
2373,111,1,0,1.0,2,6664,53,28,31,183,70,13,2,4,23,14,3,59,2,1
2374,109,3,0,3.0,5,6669,54,28,18,192,73,13,2,3,24,15,3,56,2,0
2375,108,4,0,4.0,3,6672,54,28,18,191,73,14,2,3,24,14,3,56,2,0
2376,109,3,0,3.0,0,6672,54,28,18,191,72,15,2,3,24,15,3,56,2,0
2377,109,3,0,3.0,5,6677,54,28,18,187,76,15,2,3,24,16,3,55,2,0
2378,111,1,0,1.0,4,6681,55,28,18,186,74,17,2,3,24,15,3,58,2,0
2379,111,1,0,1.0,4,6685,55,28,18,181,78,18,2,3,23,16,3,58,2,0
2380,110,2,0,2.0,2,6687,27,56,18,181,76,20,4,3,23,16,3,58,1,2
2381,113,0,1,3.0,0,6687,27,56,9,187,77,22,4,2,24,17,4,59,1,0
2382,108,4,0,4.0,1,6688,27,56,9,183,80,23,4,2,23,16,4,56,1,0
2383,108,4,0,4.0,0,6688,27,56,9,180,80,26,4,2,23,16,4,56,1,0
2384,107,5,0,5.0,0,6688,27,56,9,178,80,28,4,2,23,15,4,56,1,0
2385,111,1,0,1.0,0,6688,31,56,9,177,78,27,4,2,23,17,4,57,1,0
2386,114,0,2,6.0,2,6690,31,42,23,174,80,28,3,3,22,16,5,60,2,0
2387,115,0,3,9.0,0,6690,32,42,23,172,78,31,3,3,22,17,5,60,2,2
2388,114,0,2,6.0,0,6690,34,42,14,178,81,29,3,2,23,17,4,60,2,0
2389,115,0,3,9.0,0,6690,34,42,14,175,79,34,3,2,22,17,5,61,2,0
2390,115,0,3,9.0,0,6690,37,42,14,175,79,31,3,2,22,17,5,61,2,0
2391,111,1,0,1.0,2,6692,38,42,14,173,76,35,3,2,22,15,5,59,2,0
2392,111,1,0,1.0,0,6692,39,42,14,170,77,36,3,2,22,15,5,59,2,0
2393,113,0,1,3.0,8,6700,40,28,28,169,75,38,2,4,22,16,5,59,2,0
2394,112,0,0,0.0,8,6708,41,28,28,167,74,40,2,4,21,15,6,59,2,1
2395,113,0,1,3.0,3,6711,41,28,28,164,75,42,2,4,21,16,6,59,2,0
2396,114,0,2,6.0,2,6713,44,28,28,163,74,41,2,4,21,16,5,60,2,0
2397,114,0,2,6.0,0,6713,45,28,28,161,73,43,2,4,21,15,6,60,2,0
2398,115,0,3,9.0,15,6728,47,28,28,158,76,41,2,4,20,16,6,61,2,0
2399,110,2,0,2.0,6,6734,49,28,28,157,74,42,2,4,20,15,5,58,2,0
2400,111,1,0,1.0,3,6737,50,0,56,156,73,43,0,7,20,15,5,58,2,0
2401,112,0,0,0.0,9,6746,39,14,56,153,71,45,1,7,20,15,5,59,2,0
2402,111,1,0,1.0,5,6751,41,14,56,149,75,43,1,7,19,16,5,58,2,0
2403,113,0,1,3.0,4,6755,44,14,56,146,77,41,1,7,19,16,5,59,2,0
2404,113,0,1,3.0,4,6759,45,14,56,145,78,40,1,7,19,16,5,59,2,0
2405,110,2,0,2.0,6,6765,49,14,56,144,79,36,1,7,18,16,3,59,2,0
2406,113,0,1,3.0,2,6767,49,14,56,140,83,36,1,7,18,17,3,61,2,0
2407,109,3,0,3.0,7,6774,54,14,56,139,83,32,1,7,18,16,4,57,2,0
2408,108,4,0,4.0,0,6774,26,42,56,136,84,34,3,7,17,16,4,57,2,1
2409,110,2,0,2.0,6,6780,31,42,56,132,87,30,3,7,17,17,4,57,2,0
2410,110,2,0,2.0,7,6787,33,42,56,130,87,30,3,7,17,17,4,57,2,0
2411,109,3,0,3.0,4,6791,36,42,56,127,90,27,3,7,16,18,3,57,2,0
2412,110,2,0,2.0,2,6793,39,42,56,123,94,24,3,7,16,19,3,57,2,0
2413,110,2,0,2.0,2,6795,41,42,56,122,95,22,3,7,16,19,3,57,2,0
2414,112,0,0,0.0,18,6813,43,42,56,121,95,21,3,7,16,19,2,59,2,0
2415,107,5,0,5.0,2,6815,18,70,56,118,98,18,5,7,15,19,2,56,1,2
2416,109,3,0,3.0,0,6815,18,70,42,126,99,23,5,6,16,19,4,56,1,0
2417,109,3,0,3.0,0,6815,21,70,42,121,102,22,5,6,16,19,4,56,1,0
2418,108,4,0,4.0,0,6815,23,70,42,119,103,21,5,6,15,19,4,56,1,0
2419,108,4,0,4.0,2,6817,28,70,42,117,102,19,5,6,15,19,3,57,1,0
2420,108,4,0,4.0,10,6827,28,70,42,115,103,20,5,6,15,20,3,56,1,0
2421,109,3,0,3.0,5,6832,29,56,56,112,106,19,4,7,14,21,3,56,1,0
2422,109,3,0,3.0,11,6843,1,84,56,112,102,23,6,7,14,19,3,58,1,2
2423,109,3,0,3.0,8,6851,1,84,42,124,102,25,6,6,16,20,3,56,1,0
2424,109,3,0,3.0,2,6853,1,84,42,123,98,30,6,6,16,18,4,57,1,0
2425,109,3,0,3.0,6,6859,2,84,42,120,101,29,6,6,15,19,4,57,1,0
2426,109,3,0,3.0,10,6869,4,84,42,118,101,29,6,6,15,20,5,55,1,0
2427,109,3,0,3.0,0,6869,5,84,42,117,98,32,6,6,15,19,5,56,1,0
2428,109,3,0,3.0,0,6869,7,56,70,116,96,33,4,9,15,18,4,57,1,0
2429,110,2,0,2.0,4,6873,0,63,70,116,94,35,5,9,15,19,4,57,1,2
2430,113,0,1,3.0,4,6877,0,63,42,141,93,39,5,6,18,18,6,59,1,0
2431,111,1,0,1.0,5,6882,0,63,42,141,90,42,5,6,18,18,6,57,1,0
2432,111,1,0,1.0,15,6897,1,63,42,141,88,43,5,6,18,18,6,56,1,0
2433,109,3,0,3.0,6,6903,1,63,42,141,85,46,5,6,18,15,6,57,1,0
2434,109,3,0,3.0,12,6915,6,63,42,140,83,44,5,6,18,17,6,55,1,0
2435,111,1,0,1.0,6,6921,8,35,70,139,84,42,3,9,18,17,6,55,2,0
2436,111,1,0,1.0,2,6923,9,35,70,138,83,43,3,9,18,16,6,56,2,2
2437,112,0,0,0.0,2,6925,12,35,70,138,80,43,3,9,18,17,6,56,2,0
2438,112,0,0,0.0,9,6934,13,35,70,138,79,43,3,9,18,16,6,57,2,0
2439,111,1,0,1.0,4,6938,13,35,70,138,77,45,3,9,18,16,6,56,2,0
2440,111,1,0,1.0,4,6942,17,35,70,138,74,44,3,9,18,16,6,55,2,0
2441,109,3,0,3.0,9,6951,19,35,70,137,74,43,3,9,18,13,6,56,2,0
2442,111,1,0,1.0,3,6954,24,7,98,135,74,40,1,13,17,15,6,55,2,0
2443,111,1,0,1.0,2,6956,0,31,98,131,75,43,3,13,17,15,6,55,2,1
2444,112,0,0,0.0,2,6958,2,31,98,131,74,42,3,13,17,14,6,56,2,0
2445,114,0,2,6.0,4,6962,6,31,98,130,74,39,3,13,17,16,6,56,2,0
2446,113,0,1,3.0,3,6965,9,31,98,128,73,39,3,13,16,15,6,57,2,0
2447,112,0,0,0.0,2,6967,11,31,98,128,69,41,3,13,16,15,5,57,2,0
2448,114,0,2,6.0,0,6967,15,31,98,123,71,40,3,13,16,16,5,57,2,0
2449,111,1,0,1.0,0,6967,18,24,105,121,72,38,2,14,16,13,5,57,2,0
2450,112,0,0,0.0,0,6967,6,38,105,120,72,37,3,14,15,15,5,57,2,1
2451,114,0,2,6.0,0,6967,9,38,91,131,68,41,3,12,17,15,6,58,2,0
2452,113,0,1,3.0,0,6967,12,38,91,130,68,39,3,12,17,14,6,58,2,0
2453,114,0,2,6.0,0,6967,12,38,91,129,66,42,3,12,17,14,6,59,2,0
2454,114,0,2,6.0,0,6967,14,38,91,129,62,44,3,12,17,13,6,60,2,0
2455,113,0,1,3.0,0,6967,17,38,91,126,63,43,3,12,16,13,5,60,2,0
2456,116,0,4,12.0,0,6967,18,38,91,123,63,45,3,12,16,14,6,61,2,0
2457,113,0,1,3.0,0,6967,20,38,91,120,62,47,3,12,15,11,6,62,2,2
2458,114,0,2,6.0,0,6967,23,38,63,142,63,49,3,8,18,13,6,62,2,0
2459,114,0,2,6.0,0,6967,24,38,63,140,64,49,3,8,18,13,6,62,2,0
2460,113,0,1,3.0,0,6967,26,38,63,138,63,50,3,8,18,12,6,62,2,0
2461,116,0,4,12.0,0,6967,29,38,63,137,62,49,3,8,18,13,6,63,2,0
2462,116,0,4,12.0,0,6967,30,38,63,137,57,53,3,8,18,12,6,64,2,0
2463,117,0,5,15.0,0,6967,31,14,87,137,55,54,1,11,18,12,6,64,2,0
2464,118,0,6,18.0,2,6969,34,14,87,135,55,53,1,11,17,12,6,66,2,1
2465,115,0,3,9.0,7,6976,38,14,59,159,54,54,1,8,20,10,7,64,2,0
2466,115,0,3,9.0,8,6984,41,14,59,158,52,54,1,8,20,11,7,63,2,0
2467,115,0,3,9.0,0,6984,42,14,59,155,55,53,1,8,20,11,7,63,2,0
2468,116,0,4,12.0,0,6984,43,14,59,153,56,53,1,8,20,11,7,63,2,0
2469,115,0,3,9.0,2,6986,50,14,59,152,56,47,1,8,19,12,6,63,2,0
2470,117,0,5,15.0,3,6989,51,0,73,151,54,49,0,10,19,11,6,65,2,0
2471,118,0,6,18.0,4,6993,54,0,73,148,55,48,0,10,19,12,6,65,2,0
2472,117,0,5,15.0,5,6998,58,0,45,170,55,50,0,6,22,11,6,65,2,0
2473,115,0,3,9.0,4,7002,60,0,45,168,56,49,0,6,21,11,6,64,2,0
2474,116,0,4,12.0,11,7013,63,0,45,165,59,46,0,6,21,12,6,64,2,0
2475,115,0,3,9.0,4,7017,67,0,45,164,60,42,0,6,21,12,5,64,2,0
2476,112,0,0,0.0,7,7024,72,0,45,162,62,37,0,6,21,12,4,61,2,0
2477,112,0,0,0.0,4,7028,73,0,45,162,62,36,0,6,21,12,4,61,2,0
2478,112,0,0,0.0,5,7033,48,28,45,162,62,33,2,6,21,12,4,61,2,0
2479,114,0,2,6.0,5,7038,50,28,38,167,63,32,2,5,21,13,5,62,2,0
2480,113,0,1,3.0,5,7043,55,28,38,166,63,28,2,5,21,13,4,62,2,0
2481,113,0,1,3.0,3,7046,57,28,38,162,66,27,2,5,21,13,4,61,2,0
2482,114,0,2,6.0,2,7048,59,28,38,161,67,25,2,5,21,13,4,62,2,0
2483,113,0,1,3.0,0,7048,64,28,38,161,67,20,2,5,21,13,3,62,2,0
2484,111,1,0,1.0,2,7050,67,28,38,159,69,17,2,5,20,14,3,60,2,0
2485,110,2,0,2.0,4,7054,39,56,38,156,72,17,4,5,20,14,3,60,1,1
2486,111,1,0,1.0,4,7058,40,56,38,154,73,17,4,5,20,15,3,60,1,0
2487,113,0,1,3.0,0,7058,41,56,38,153,72,18,4,5,20,15,4,61,1,0
2488,112,0,0,0.0,4,7062,44,56,38,152,69,19,4,5,19,14,4,61,1,0
2489,111,1,0,1.0,4,7066,46,56,38,151,70,17,4,5,19,14,4,60,1,0
2490,111,1,0,1.0,3,7069,52,56,38,149,71,12,4,5,19,14,3,61,1,0
2491,111,1,0,1.0,14,7083,53,56,38,148,70,13,4,5,19,15,2,61,1,0
2492,109,3,0,3.0,4,7087,25,84,38,147,71,13,6,5,19,15,2,59,1,2
2493,108,4,0,4.0,0,7087,25,84,14,166,67,22,6,2,21,13,3,60,1,0
2494,109,3,0,3.0,0,7087,25,84,14,165,66,24,6,2,21,13,4,60,1,0
2495,112,0,0,0.0,2,7089,25,84,14,164,66,25,6,2,21,14,5,61,1,0
2496,112,0,0,0.0,11,7100,25,84,14,163,67,25,6,2,21,14,5,61,1,0
2497,110,2,0,2.0,8,7108,26,84,14,160,69,25,6,2,20,14,5,60,1,0
2498,111,1,0,1.0,2,7110,27,56,42,160,68,25,4,6,20,14,4,60,1,0
2499,112,0,0,0.0,2,7112,1,83,42,160,68,24,6,6,20,14,4,60,1,2
2500,112,0,0,0.0,0,7112,1,83,28,171,66,29,6,4,22,14,4,60,1,0
2501,112,0,0,0.0,0,7112,1,83,28,170,64,32,6,4,22,13,4,61,1,0
2502,112,0,0,0.0,3,7115,1,83,28,170,61,35,6,4,22,13,5,60,1,0
2503,113,0,1,3.0,0,7115,1,83,28,170,59,37,6,4,22,13,5,61,1,0
2504,113,0,1,3.0,0,7115,2,83,28,170,57,38,6,4,22,13,5,61,1,0
2505,114,0,2,6.0,0,7115,4,55,56,170,55,38,4,7,22,12,6,61,1,0
2506,113,0,1,3.0,4,7119,8,55,56,170,54,35,4,7,22,11,5,62,1,2
2507,113,0,1,3.0,1,7120,8,55,56,170,54,35,4,7,22,11,5,62,1,0
2508,112,0,0,0.0,0,7120,9,55,56,170,54,34,4,7,22,11,4,62,1,0
2509,112,0,0,0.0,0,7120,11,55,56,170,52,34,4,7,22,11,4,62,1,0
2510,112,0,0,0.0,1,7121,11,55,56,170,51,35,4,7,22,11,4,62,1,0
2511,114,0,2,6.0,3,7124,20,55,56,170,50,27,4,7,22,11,4,63,1,0
2512,116,0,4,12.0,4,7128,22,27,84,170,47,28,2,11,22,11,4,62,2,0
2513,117,0,5,15.0,0,7128,23,27,84,169,46,29,2,11,22,11,5,62,2,1
2514,117,0,5,15.0,0,7128,23,27,84,168,46,30,2,11,21,11,5,63,2,0
2515,116,0,4,12.0,4,7132,24,27,84,167,46,30,2,11,21,10,5,63,2,0
2516,113,0,1,3.0,4,7136,25,27,84,165,45,32,2,11,21,9,4,62,2,0
2517,114,0,2,6.0,2,7138,25,27,84,165,44,33,2,11,21,9,5,62,2,0
2518,114,0,2,6.0,0,7138,30,27,84,165,42,30,2,11,21,9,3,63,2,0
2519,116,0,4,12.0,2,7140,33,0,111,165,39,30,0,14,21,9,3,64,2,0
2520,116,0,4,12.0,0,7140,36,0,111,164,39,28,0,14,21,9,3,64,2,0
2521,116,0,4,12.0,0,7140,38,0,111,164,37,28,0,14,21,8,4,64,2,0
2522,115,0,3,9.0,5,7145,40,0,111,163,38,26,0,14,21,9,3,63,2,0
2523,114,0,2,6.0,2,7147,42,0,111,163,38,24,0,14,21,9,2,63,2,0
2524,115,0,3,9.0,3,7150,43,0,111,162,37,25,0,14,21,8,2,64,2,0
2525,115,0,3,9.0,0,7150,43,0,111,159,39,26,0,14,20,8,3,64,2,0
2526,115,0,3,9.0,9,7159,43,0,111,156,38,30,0,14,20,8,3,64,2,0
2527,116,0,4,12.0,2,7161,45,0,111,153,40,29,0,14,20,9,3,64,2,0
2528,117,0,5,15.0,2,7163,46,0,83,178,41,30,0,11,23,9,4,64,2,0
2529,117,0,5,15.0,6,7169,47,0,83,175,42,31,0,11,22,9,5,64,2,0
2530,115,0,3,9.0,4,7173,50,0,83,175,39,31,0,11,22,8,4,64,2,0
2531,116,0,4,12.0,13,7186,52,0,83,173,39,31,0,11,22,9,4,64,2,0
2532,115,0,3,9.0,6,7192,53,0,83,171,40,31,0,11,22,8,5,63,2,0
2533,115,0,3,9.0,2,7194,54,0,83,171,39,31,0,11,22,8,5,63,2,0
2534,115,0,3,9.0,4,7198,57,0,83,171,38,29,0,11,22,8,4,63,2,0
2535,112,0,0,0.0,9,7207,58,0,55,191,38,36,0,7,24,8,4,62,2,0
2536,113,0,1,3.0,6,7213,60,0,55,188,40,35,0,7,24,9,4,62,2,0
2537,113,0,1,3.0,11,7224,63,0,55,187,40,33,0,7,24,9,4,62,2,0
2538,111,1,0,1.0,13,7237,64,0,55,185,41,33,0,7,24,8,4,61,2,0
2539,111,1,0,1.0,3,7240,66,0,55,183,42,32,0,7,23,9,4,61,2,0
2540,110,2,0,2.0,6,7246,66,0,55,182,42,33,0,7,23,8,5,60,2,0
2541,110,2,0,2.0,5,7251,38,28,55,180,43,34,2,7,23,8,5,60,2,0
2542,110,2,0,2.0,4,7255,40,28,27,202,41,40,2,4,26,8,5,60,2,0
2543,110,2,0,2.0,6,7261,41,28,27,201,42,39,2,4,26,9,5,59,2,0
2544,109,3,0,3.0,2,7263,45,28,27,200,43,35,2,4,25,9,4,59,2,0
2545,111,1,0,1.0,8,7271,46,28,27,198,44,35,2,4,25,9,5,60,2,0
2546,109,3,0,3.0,4,7275,48,28,27,196,45,34,2,4,25,8,4,60,2,0
2547,110,2,0,2.0,4,7279,50,28,27,195,46,32,2,4,25,9,4,60,2,0
2548,107,5,0,5.0,4,7283,25,56,27,193,48,29,4,4,25,9,3,59,1,1
2549,105,7,0,7.0,4,7287,27,56,0,216,48,31,4,0,27,9,4,58,1,0
2550,105,7,0,7.0,0,7287,28,56,0,216,48,30,4,0,27,9,4,58,1,0
2551,106,6,0,6.0,0,7287,29,56,0,215,49,29,4,0,27,9,4,58,1,0
2552,106,6,0,6.0,0,7287,30,56,0,215,49,28,4,0,27,9,4,58,1,0
2553,105,7,0,7.0,4,7291,38,56,0,215,49,20,4,0,27,9,3,58,1,0
2554,105,7,0,7.0,4,7295,39,56,0,215,49,19,4,0,27,9,3,58,1,0
2555,105,7,0,7.0,2,7297,12,84,0,215,49,18,6,0,27,9,3,58,1,2
2556,104,8,0,8.0,2,7299,13,84,0,213,51,17,6,0,27,10,2,57,1,0
2557,104,8,0,8.0,0,7299,14,84,0,209,55,16,6,0,27,10,2,57,1,0
2558,107,5,0,5.0,0,7299,15,84,0,208,55,16,6,0,26,11,3,58,1,0
2559,107,5,0,5.0,0,7299,16,84,0,205,57,16,6,0,26,11,3,58,1,0
2560,107,5,0,5.0,0,7299,24,84,0,203,58,9,6,0,26,11,3,58,1,0
2561,110,2,0,2.0,0,7299,24,56,28,202,57,11,4,4,26,12,3,58,1,0
2562,109,3,0,3.0,0,7299,0,80,28,200,59,11,6,4,25,12,3,58,1,2
2563,110,2,0,2.0,0,7299,1,80,28,199,60,10,6,4,25,12,3,58,1,0
2564,110,2,0,2.0,0,7299,2,80,28,193,66,9,6,4,25,13,2,58,1,0
2565,109,3,0,3.0,0,7299,2,80,28,190,68,10,6,4,24,13,2,58,1,0
2566,109,3,0,3.0,0,7299,2,80,28,189,69,10,6,4,24,13,2,58,1,0
2567,110,2,0,2.0,0,7299,6,80,28,184,73,7,6,4,23,14,2,59,1,0
2568,111,1,0,1.0,0,7299,6,52,56,181,76,7,4,7,23,14,2,59,1,0
2569,113,0,1,3.0,2,7301,6,52,56,180,76,8,4,7,23,16,2,59,1,2
2570,114,0,2,6.0,5,7306,6,52,56,177,76,11,4,7,23,16,2,60,1,0
2571,114,0,2,6.0,0,7306,6,52,56,173,77,14,4,7,22,16,2,61,1,0
2572,113,0,1,3.0,6,7312,6,52,56,168,79,17,4,7,21,16,2,61,1,0
2573,111,1,0,1.0,2,7314,6,52,56,167,79,18,4,7,21,15,2,60,1,0
2574,113,0,1,3.0,0,7314,6,52,56,162,81,21,4,7,21,15,3,61,1,0
2575,114,0,2,6.0,2,7316,6,24,84,158,85,21,2,11,20,16,3,59,2,0
2576,117,0,5,15.0,2,7318,7,24,84,153,88,22,2,11,20,17,4,60,2,1
2577,117,0,5,15.0,0,7318,8,24,84,152,87,23,2,11,19,18,4,60,2,0
2578,117,0,5,15.0,6,7324,9,24,84,150,89,22,2,11,19,18,4,60,2,0
2579,117,0,5,15.0,2,7326,11,24,84,149,90,20,2,11,19,19,2,61,2,0
2580,116,0,4,12.0,5,7331,11,24,84,146,91,22,2,11,19,18,2,61,2,0
2581,115,0,3,9.0,2,7333,11,24,84,143,91,25,2,11,18,17,3,61,2,0
2582,116,0,4,12.0,3,7336,11,0,108,141,92,26,0,14,18,17,3,61,2,0
2583,114,0,2,6.0,6,7342,12,0,108,139,92,27,0,14,18,17,3,59,2,0
2584,113,0,1,3.0,4,7346,12,0,108,138,91,29,0,14,18,17,4,57,2,0
2585,116,0,4,12.0,7,7353,13,0,108,134,94,29,0,14,17,19,4,59,2,0
2586,116,0,4,12.0,2,7355,13,0,108,134,92,31,0,14,17,19,4,59,2,0
2587,116,0,4,12.0,7,7362,14,0,108,134,91,31,0,14,17,19,3,60,2,0
2588,116,0,4,12.0,0,7362,17,0,108,133,91,29,0,14,17,18,3,60,2,0
2589,116,0,4,12.0,10,7372,20,0,108,130,93,27,0,14,17,18,3,60,2,0
2590,114,0,2,6.0,0,7372,23,0,108,128,93,26,0,14,16,17,3,60,2,0
2591,113,0,1,3.0,10,7382,24,0,80,149,93,32,0,10,19,18,4,58,2,0
2592,111,1,0,1.0,6,7388,27,0,80,148,93,30,0,10,19,18,4,56,2,0
2593,114,0,2,6.0,7,7395,27,0,80,147,92,32,0,10,19,19,4,58,2,0
2594,114,0,2,6.0,7,7402,29,0,80,146,93,30,0,10,19,19,4,57,2,0
2595,114,0,2,6.0,4,7406,31,0,80,144,95,28,0,10,18,20,3,58,2,0
2596,114,0,2,6.0,4,7410,31,0,80,143,95,29,0,10,18,19,4,58,2,0
2597,113,0,1,3.0,7,7417,31,0,80,143,95,29,0,10,18,19,4,57,2,0
2598,112,0,0,0.0,0,7417,33,0,52,165,96,32,0,7,21,19,3,57,2,0
2599,111,1,0,1.0,7,7424,36,0,52,164,97,29,0,7,21,19,3,56,2,0
2600,108,4,0,4.0,4,7428,37,0,52,164,97,28,0,7,21,19,3,53,2,0
2601,112,0,0,0.0,10,7438,39,0,52,164,95,28,0,7,21,20,4,55,2,0
2602,110,2,0,2.0,0,7438,41,0,52,161,94,30,0,7,21,18,4,55,2,0
2603,112,0,0,0.0,2,7440,42,0,52,157,97,30,0,7,20,20,3,57,2,0
2604,114,0,2,6.0,0,7440,30,14,52,157,94,31,1,7,20,20,4,57,2,0
2605,113,0,1,3.0,0,7440,31,14,24,180,94,35,1,3,23,19,5,57,2,0
2606,111,1,0,1.0,0,7440,32,14,24,179,94,35,1,3,23,18,4,57,2,0
2607,112,0,0,0.0,2,7442,33,14,24,178,93,36,1,3,23,18,5,57,2,0
2608,108,4,0,4.0,4,7446,35,14,24,176,94,35,1,3,22,18,5,54,2,0
2609,109,3,0,3.0,2,7448,42,14,24,174,90,34,1,3,22,18,5,55,2,0
2610,111,1,0,1.0,5,7453,43,14,24,171,90,36,1,3,22,17,5,57,2,0
2611,111,1,0,1.0,0,7453,17,42,24,169,91,35,3,3,22,18,4,57,2,1
2612,113,0,1,3.0,0,7453,17,42,0,189,87,43,3,0,24,18,6,58,2,0
2613,112,0,0,0.0,0,7453,17,42,0,189,84,46,3,0,24,17,6,58,2,0
2614,112,0,0,0.0,2,7455,18,42,0,189,83,46,3,0,24,16,6,59,2,0
2615,113,0,1,3.0,0,7455,18,42,0,189,80,49,3,0,24,16,6,60,2,0
2616,109,3,0,3.0,2,7457,23,42,0,188,77,48,3,0,24,16,5,57,2,0
2617,110,2,0,2.0,5,7462,23,42,0,186,74,53,3,0,24,15,6,58,2,0
2618,107,5,0,5.0,2,7464,0,65,0,186,73,54,5,0,24,14,6,57,1,2
2619,108,4,0,4.0,6,7470,2,65,0,186,68,57,5,0,24,14,6,57,1,0
2620,111,1,0,1.0,3,7473,6,65,0,186,64,57,5,0,24,14,6,60,1,0
2621,111,1,0,1.0,0,7473,7,65,0,186,59,61,5,0,24,13,6,61,1,0
2622,109,3,0,3.0,9,7482,10,65,0,186,58,59,5,0,24,12,6,60,1,0
2623,111,1,0,1.0,3,7485,15,65,0,186,56,56,5,0,24,12,6,61,1,0
2624,109,3,0,3.0,11,7496,16,51,14,186,55,56,4,2,24,12,6,58,1,0
2625,109,3,0,3.0,0,7496,4,65,14,186,52,57,5,2,24,11,6,59,1,2
2626,107,5,0,5.0,4,7500,5,65,14,186,49,59,5,2,24,10,6,58,1,0
2627,107,5,0,5.0,10,7510,11,65,14,186,47,55,5,2,24,10,6,58,1,0
2628,109,3,0,3.0,6,7516,14,65,14,185,46,54,5,2,24,11,6,59,1,0
2629,109,3,0,3.0,5,7521,15,65,14,184,46,54,5,2,23,11,6,59,1,0
2630,108,4,0,4.0,2,7523,23,65,14,181,45,50,5,2,23,10,5,60,1,0
2631,111,1,0,1.0,6,7529,26,37,42,181,45,47,3,6,23,10,5,60,2,0
2632,108,4,0,4.0,5,7534,1,63,42,180,46,46,5,6,23,10,4,58,1,2
2633,109,3,0,3.0,6,7540,4,63,42,178,47,44,5,6,23,10,5,58,1,0
2634,106,6,0,6.0,6,7546,8,63,42,175,47,43,5,6,22,9,5,57,1,0
2635,106,6,0,6.0,0,7546,13,63,42,170,50,40,5,6,22,10,4,57,1,0
2636,108,4,0,4.0,4,7550,14,63,42,168,50,41,5,6,21,11,4,59,1,0
2637,110,2,0,2.0,6,7556,19,63,42,163,54,37,5,6,21,12,4,59,1,0
2638,111,1,0,1.0,3,7559,23,40,65,162,54,34,3,9,21,11,4,59,2,0
2639,110,2,0,2.0,4,7563,5,63,65,159,56,30,5,9,20,11,4,59,1,2
2640,108,4,0,4.0,7,7570,6,63,65,158,55,31,5,9,20,11,3,58,1,0
2641,109,3,0,3.0,2,7572,8,63,65,154,58,30,5,9,20,11,4,58,1,0
2642,109,3,0,3.0,4,7576,9,63,65,150,62,29,5,9,19,12,4,58,1,0
2643,107,5,0,5.0,8,7584,12,63,65,146,65,27,5,9,19,12,3,57,1,0
2644,109,3,0,3.0,3,7587,15,63,65,143,67,25,5,9,18,13,3,58,1,0
2645,109,3,0,3.0,2,7589,17,49,79,141,69,23,4,10,18,13,3,58,1,0
2646,108,4,0,4.0,7,7596,5,63,79,136,74,21,5,10,17,14,2,58,1,2
2647,109,3,0,3.0,8,7604,6,63,79,131,76,23,5,10,17,14,3,58,1,0
2648,107,5,0,5.0,8,7612,10,63,79,129,74,23,5,10,17,14,2,57,1,0
2649,105,7,0,7.0,2,7614,10,63,79,128,75,23,5,10,16,14,2,56,1,0
2650,107,5,0,5.0,3,7617,10,63,79,126,75,25,5,10,16,14,3,57,1,0
2651,106,6,0,6.0,8,7625,11,63,79,123,77,25,5,10,16,14,3,56,1,0
2652,110,2,0,2.0,2,7627,14,37,105,119,80,23,3,14,15,15,3,57,2,0
2653,109,3,0,3.0,7,7634,2,51,105,117,80,23,4,14,15,15,3,56,1,2
2654,111,1,0,1.0,8,7642,4,51,91,121,87,24,4,12,16,16,4,57,1,0
2655,110,2,0,2.0,5,7647,5,51,91,119,86,26,4,12,15,15,5,57,1,0
2656,109,3,0,3.0,6,7653,6,51,91,112,91,27,4,12,14,16,5,56,1,0
2657,108,4,0,4.0,10,7663,7,51,91,111,91,27,4,12,14,17,5,54,1,0
2658,106,6,0,6.0,2,7665,9,51,91,110,92,25,4,12,14,17,3,54,1,0
2659,108,4,0,4.0,2,7667,10,28,114,108,94,24,2,15,14,17,3,54,2,0
2660,108,4,0,4.0,7,7674,0,38,114,108,94,24,3,15,14,17,3,54,2,2
2661,110,2,0,2.0,4,7678,1,38,86,131,94,28,3,11,17,18,4,54,2,0
2662,109,3,0,3.0,10,7688,2,38,86,130,93,29,3,11,17,17,4,54,2,0
2663,109,3,0,3.0,4,7692,2,38,86,130,93,29,3,11,17,17,4,54,2,0
2664,108,4,0,4.0,4,7696,2,38,86,130,93,29,3,11,17,17,4,53,2,0
