day,pens_total,empty,shortage,daily_loss,lambs_sold_today,cumulative_sold,n_avail,n_mate,n_pend,n_preg,n_nurs,n_rest,mate_pens,pending_pens,preg_pens,nurs_pens,rest_pens,fatt_pens,ram_pens,active_batches
840,118,0,6,18.0,9,1508,83,0,14,174,99,8,0,2,22,18,2,66,2,0
841,116,0,4,12.0,11,1519,83,0,14,172,101,8,0,2,22,18,2,64,2,0
842,116,0,4,12.0,8,1527,84,0,14,172,101,7,0,2,22,18,2,64,2,0
843,116,0,4,12.0,6,1533,84,0,14,169,104,7,0,2,22,19,2,63,2,0
844,113,0,1,3.0,6,1539,86,0,14,167,105,6,0,2,21,19,2,60,2,0
845,113,0,1,3.0,7,1546,86,0,14,167,104,7,0,2,21,19,2,60,2,0
846,114,0,2,6.0,4,1550,86,0,14,161,106,11,0,2,21,19,3,60,2,0
847,116,0,4,12.0,9,1559,86,0,14,158,107,13,0,2,20,20,3,62,2,0
848,116,0,4,12.0,9,1568,87,0,14,155,105,17,0,2,20,20,2,63,2,0
849,115,0,3,9.0,4,1572,87,0,14,154,106,17,0,2,20,20,2,62,2,0
850,115,0,3,9.0,16,1588,87,0,14,153,105,19,0,2,20,21,2,61,2,0
851,111,1,0,1.0,5,1593,87,0,14,151,106,20,0,2,19,19,2,60,2,0
852,111,1,0,1.0,8,1601,87,0,14,146,108,23,0,2,19,20,3,58,2,0
853,110,2,0,2.0,11,1612,87,0,14,146,106,25,0,2,19,19,3,58,2,0
854,110,2,0,2.0,8,1620,59,28,14,144,105,28,2,2,18,19,4,58,2,0
855,114,0,2,6.0,2,1622,59,28,0,156,100,35,2,0,20,19,5,61,2,0
856,114,0,2,6.0,6,1628,60,28,0,155,96,39,2,0,20,18,5,62,2,0
857,115,0,3,9.0,0,1628,60,28,0,153,94,43,2,0,20,19,5,62,2,0
858,114,0,2,6.0,4,1632,63,28,0,152,91,44,2,0,19,19,5,62,2,0
859,113,0,1,3.0,2,1634,63,28,0,152,89,46,2,0,19,17,6,62,2,0
860,112,0,0,0.0,4,1638,63,28,0,150,89,48,2,0,19,17,7,60,2,0
861,110,2,0,2.0,10,1648,35,56,0,147,90,50,4,0,19,16,7,60,1,1
862,110,2,0,2.0,0,1648,36,56,0,145,90,51,4,0,19,16,6,61,1,0
863,111,1,0,1.0,7,1655,37,56,0,143,87,55,4,0,18,17,6,62,1,0
864,113,0,1,3.0,7,1662,41,56,0,139,90,52,4,0,18,18,6,63,1,0
865,114,0,2,6.0,6,1668,43,56,0,133,94,52,4,0,17,19,6,63,1,0
866,112,0,0,0.0,9,1677,48,56,0,129,94,51,4,0,17,19,6,61,1,0
867,110,2,0,2.0,0,1677,48,56,0,126,93,55,4,0,16,17,6,62,1,0
868,107,5,0,5.0,9,1686,22,84,0,124,95,53,6,0,16,17,6,59,1,2
869,109,3,0,3.0,6,1692,23,84,0,121,92,58,6,0,16,17,7,60,1,0
870,108,4,0,4.0,3,1695,26,84,0,115,96,57,6,0,15,17,6,61,1,0
871,110,2,0,2.0,11,1706,28,84,0,113,90,63,6,0,15,17,6,63,1,0
872,112,0,0,0.0,3,1709,31,84,0,111,89,63,6,0,14,18,6,64,1,0
873,111,1,0,1.0,2,1711,38,84,0,110,90,56,6,0,14,18,5,64,1,0
874,115,0,3,9.0,7,1718,43,56,28,107,91,53,4,4,14,19,6,63,1,0
875,111,1,0,1.0,4,1722,47,56,28,105,91,51,4,4,14,17,5,62,1,2
876,109,3,0,3.0,5,1727,51,56,28,100,96,47,4,4,13,18,5,60,1,0
877,109,3,0,3.0,0,1727,53,56,28,100,95,46,4,4,13,18,5,60,1,0
878,109,3,0,3.0,4,1731,55,56,28,97,97,45,4,4,13,17,5,61,1,0
879,111,1,0,1.0,2,1733,57,56,28,96,93,48,4,4,12,17,5,63,1,0
880,114,0,2,6.0,4,1737,59,56,28,92,95,48,4,4,12,19,5,64,1,0
881,113,0,1,3.0,4,1741,64,28,56,88,97,45,2,7,11,19,4,63,2,0
882,115,0,3,9.0,4,1745,65,28,56,82,103,44,2,7,11,20,5,63,2,1
883,111,1,0,1.0,7,1752,67,28,56,79,103,45,2,7,10,19,5,61,2,0
884,111,1,0,1.0,4,1756,71,28,56,75,105,43,2,7,10,20,4,60,2,0
885,111,1,0,1.0,9,1765,75,28,56,73,107,39,2,7,10,20,4,60,2,0
886,110,2,0,2.0,2,1767,75,28,56,69,105,45,2,7,9,18,5,61,2,0
887,114,0,2,6.0,15,1782,81,28,56,65,106,42,2,7,9,20,5,63,2,0
888,116,0,4,12.0,0,1782,83,0,84,65,103,43,0,11,9,20,5,63,2,0
889,115,0,3,9.0,8,1790,91,0,84,58,109,36,0,11,8,20,4,63,2,0
890,115,0,3,9.0,7,1797,94,0,84,56,110,34,0,11,7,21,4,63,2,0
891,114,0,2,6.0,4,1801,94,0,84,53,111,36,0,11,7,21,5,61,2,0
892,111,1,0,1.0,9,1810,96,0,84,49,110,39,0,11,7,20,4,60,2,0
893,111,1,0,1.0,5,1815,98,0,84,46,113,37,0,11,6,21,4,60,2,0
894,111,1,0,1.0,4,1819,98,0,84,45,112,39,0,11,6,19,5,61,2,0
895,114,0,2,6.0,9,1828,99,0,84,43,113,39,0,11,6,21,5,61,2,0
896,114,0,2,6.0,12,1840,100,0,84,43,112,39,0,11,6,21,5,61,2,0
897,113,0,1,3.0,0,1840,105,0,84,38,115,36,0,11,5,21,5,61,2,0
898,113,0,1,3.0,11,1851,107,0,84,36,116,35,0,11,5,22,4,61,2,0
899,110,2,0,2.0,6,1857,109,0,84,35,117,33,0,11,5,22,3,59,2,0
900,109,3,0,3.0,2,1859,109,0,84,31,119,35,0,11,4,22,4,58,2,0
901,109,3,0,3.0,8,1867,112,0,84,30,117,35,0,11,4,22,4,58,2,0
902,109,3,0,3.0,0,1867,114,0,84,27,118,35,0,11,4,20,4,59,2,0
903,111,1,0,1.0,3,1870,86,28,84,26,117,37,2,11,4,21,4,60,2,0
904,111,1,0,1.0,14,1884,92,28,56,50,113,39,2,7,7,21,5,60,2,0
905,110,2,0,2.0,6,1890,95,28,56,48,109,42,2,7,6,20,5,61,2,0
906,111,1,0,1.0,6,1896,98,28,56,46,107,43,2,7,6,21,5,61,2,0
907,111,1,0,1.0,3,1899,99,28,56,43,107,45,2,7,6,20,5,61,2,0
908,107,5,0,5.0,7,1906,100,28,56,42,106,46,2,7,6,19,5,58,2,0
909,109,3,0,3.0,0,1906,102,28,56,41,104,47,2,7,6,20,5,59,2,0
910,105,7,0,7.0,5,1911,79,56,56,39,100,48,4,7,5,17,5,60,1,1
911,108,4,0,4.0,3,1914,79,56,28,64,98,53,4,4,8,18,5,62,1,0
912,109,3,0,3.0,12,1926,81,56,28,64,96,53,4,4,8,18,6,62,1,0
913,109,3,0,3.0,4,1930,82,56,28,64,95,53,4,4,8,18,6,62,1,0
914,109,3,0,3.0,9,1939,83,56,28,63,93,55,4,4,8,19,6,61,1,0
915,108,4,0,4.0,4,1943,85,56,28,62,92,55,4,4,8,17,6,61,1,0
916,108,4,0,4.0,3,1946,86,56,28,62,87,59,4,4,8,17,6,61,1,0
917,105,7,0,7.0,11,1957,58,84,28,62,87,59,6,4,8,17,6,58,1,2
918,104,8,0,8.0,6,1963,60,84,0,85,84,65,6,0,11,15,7,59,1,0
919,105,7,0,7.0,11,1974,63,84,0,85,83,63,6,0,11,16,7,59,1,0
920,106,6,0,6.0,12,1986,65,84,0,85,79,65,6,0,11,15,8,60,1,0
921,106,6,0,6.0,6,1992,67,84,0,85,75,67,6,0,11,15,8,60,1,0
922,106,6,0,6.0,3,1995,75,84,0,85,69,65,6,0,11,15,6,61,1,0
923,104,8,0,8.0,8,2003,81,56,28,85,66,62,4,4,11,12,6,60,1,0
924,105,7,0,7.0,11,2014,57,84,28,85,62,62,6,4,11,12,6,60,1,2
925,103,9,0,9.0,10,2024,60,84,28,85,60,61,6,4,11,12,6,58,1,0
926,102,10,0,10.0,4,2028,62,84,28,85,56,63,6,4,11,10,6,59,1,0
927,103,9,0,9.0,6,2034,65,84,28,85,52,64,6,4,11,10,6,60,1,0
928,105,7,0,7.0,2,2036,71,84,28,85,52,58,6,4,11,10,6,61,1,0
929,107,5,0,5.0,2,2038,76,84,28,85,45,60,6,4,11,10,7,62,1,0
930,107,5,0,5.0,2,2040,78,56,56,85,43,60,4,7,11,10,6,62,1,0
931,105,7,0,7.0,4,2044,51,84,56,85,40,62,6,7,11,7,7,62,1,2
932,104,8,0,8.0,0,2044,54,84,56,85,36,63,6,7,11,7,6,62,1,0
933,103,9,0,9.0,8,2052,56,84,56,85,33,64,6,7,11,7,6,61,1,0
934,104,8,0,8.0,4,2056,61,84,56,85,32,60,6,7,11,6,6,62,1,0
935,104,8,0,8.0,3,2059,61,84,56,85,30,62,6,7,11,6,6,62,1,0
936,103,9,0,9.0,7,2066,69,84,56,85,30,54,6,7,11,6,5,62,1,0
937,107,5,0,5.0,4,2070,70,56,84,85,25,58,4,11,11,6,6,63,1,0
938,107,5,0,5.0,4,2074,46,84,84,85,23,56,6,11,11,6,5,63,1,2
939,105,7,0,7.0,2,2076,50,84,84,85,22,53,6,11,11,4,6,62,1,0
940,105,7,0,7.0,0,2076,56,84,84,85,18,51,6,11,11,4,5,63,1,0
941,105,7,0,7.0,2,2078,59,84,84,85,17,49,6,11,11,4,5,62,1,0
942,105,7,0,7.0,0,2078,63,84,84,85,14,48,6,11,11,3,5,63,1,0
943,105,7,0,7.0,4,2082,65,84,84,85,13,47,6,11,11,3,5,63,1,0
944,106,6,0,6.0,2,2084,69,56,112,85,13,43,4,14,11,3,5,63,1,0
945,108,4,0,4.0,5,2089,45,84,112,85,11,41,6,14,11,3,5,64,1,2
946,108,4,0,4.0,0,2089,45,84,112,85,9,43,6,14,11,3,5,64,1,0
947,104,8,0,8.0,7,2096,52,84,112,85,6,39,6,14,11,1,4,63,1,0
948,105,7,0,7.0,3,2099,54,84,112,85,5,38,6,14,11,1,4,64,1,0
949,106,6,0,6.0,7,2106,57,84,112,85,4,36,6,14,11,1,5,63,1,0
950,105,7,0,7.0,10,2116,61,84,112,85,2,34,6,14,11,1,4,63,1,0
951,107,5,0,5.0,2,2118,64,56,140,85,2,31,4,18,11,1,4,63,1,0
952,106,6,0,6.0,6,2124,37,84,140,85,2,30,6,18,11,1,3,63,1,2
953,105,7,0,7.0,6,2130,39,84,112,104,3,36,6,14,13,2,4,62,1,0
954,106,6,0,6.0,3,2133,39,84,112,103,3,37,6,14,13,2,5,62,1,0
955,105,7,0,7.0,3,2136,44,84,112,103,2,33,6,14,13,1,4,62,1,0
956,104,8,0,8.0,10,2146,46,84,112,102,3,31,6,14,13,1,4,61,1,0
957,104,8,0,8.0,2,2148,47,84,112,102,3,30,6,14,13,1,4,61,1,0
958,104,8,0,8.0,4,2152,51,56,140,100,5,26,4,18,13,1,3,60,1,0
959,104,8,0,8.0,0,2152,24,84,140,100,5,25,6,18,13,1,3,60,1,2
960,103,9,0,9.0,5,2157,27,84,112,122,5,28,6,14,16,1,3,60,1,0
961,103,9,0,9.0,5,2162,28,84,112,121,6,27,6,14,16,2,3,59,1,0
962,103,9,0,9.0,2,2164,28,84,112,121,6,27,6,14,16,2,3,59,1,0
963,103,9,0,9.0,6,2170,30,84,112,119,8,25,6,14,15,2,3,59,1,0
964,102,10,0,10.0,5,2175,32,84,112,117,10,23,6,14,15,2,3,58,1,0
965,103,9,0,9.0,6,2181,35,56,140,117,10,20,4,18,15,2,2,58,1,0
966,102,10,0,10.0,5,2186,8,84,140,117,10,19,6,18,15,2,2,57,1,2
967,102,10,0,10.0,0,2186,9,84,112,140,11,22,6,14,18,2,3,57,1,0
968,102,10,0,10.0,2,2188,11,84,112,140,11,20,6,14,18,2,3,57,1,0
969,102,10,0,10.0,0,2188,11,84,112,140,11,20,6,14,18,2,3,57,1,0
970,102,10,0,10.0,4,2192,11,84,112,140,11,20,6,14,18,2,3,57,1,0
971,103,9,0,9.0,2,2194,19,84,112,139,12,12,6,14,18,3,2,57,1,0
972,104,8,0,8.0,2,2196,20,56,140,139,12,11,4,18,18,3,2,56,1,0
973,103,9,0,9.0,0,2196,7,70,140,138,13,10,5,18,18,3,1,56,1,2
974,103,9,0,9.0,0,2196,7,70,112,162,13,14,5,14,21,3,2,56,1,0
975,103,9,0,9.0,0,2196,7,70,112,162,13,14,5,14,21,3,2,56,1,0
976,103,9,0,9.0,2,2198,7,70,112,162,13,14,5,14,21,3,2,56,1,0
977,103,9,0,9.0,4,2202,7,70,112,162,13,14,5,14,21,3,2,56,1,0
978,102,10,0,10.0,0,2202,13,70,112,162,13,8,5,14,21,3,1,56,1,0
979,105,7,0,7.0,0,2202,13,42,140,162,13,8,3,18,21,3,1,56,2,0
980,104,8,0,8.0,0,2202,0,55,140,162,13,8,4,18,21,3,1,56,1,2
981,103,9,0,9.0,2,2204,0,55,112,185,13,13,4,14,24,3,2,55,1,0
982,103,9,0,9.0,0,2204,0,55,112,185,13,13,4,14,24,3,2,55,1,0
983,103,9,0,9.0,0,2204,0,55,112,185,13,13,4,14,24,3,2,55,1,0
984,103,9,0,9.0,0,2204,0,55,112,185,13,13,4,14,24,3,2,55,1,0
985,103,9,0,9.0,0,2204,4,55,112,185,13,9,4,14,24,3,1,55,1,0
986,106,6,0,6.0,1,2205,4,27,140,185,13,9,2,18,24,3,1,55,2,0
987,106,6,0,6.0,0,2205,4,27,140,185,13,9,2,18,24,3,1,55,2,2
988,106,6,0,6.0,0,2205,4,27,112,210,13,12,2,14,27,3,2,55,2,0
989,106,6,0,6.0,2,2207,4,27,112,210,13,12,2,14,27,3,2,55,2,0
990,105,7,0,7.0,2,2209,4,27,112,210,13,12,2,14,27,3,2,54,2,0
991,105,7,0,7.0,0,2209,4,27,112,210,13,12,2,14,27,3,2,54,2,0
992,104,8,0,8.0,0,2209,8,27,112,210,13,8,2,14,27,3,1,54,2,0
993,107,5,0,5.0,0,2209,8,13,126,210,12,9,1,16,27,3,2,55,2,0
994,107,5,0,5.0,0,2209,0,21,126,210,11,10,2,16,27,3,2,55,2,1
995,108,4,0,4.0,0,2209,0,21,98,233,11,15,2,13,30,3,3,55,2,0
996,108,4,0,4.0,0,2209,0,21,98,233,10,16,2,13,30,3,3,55,2,0
997,108,4,0,4.0,0,2209,0,21,98,233,10,16,2,13,30,3,3,55,2,0
998,107,5,0,5.0,0,2209,0,21,98,233,8,18,2,13,30,2,3,55,2,0
999,107,5,0,5.0,0,2209,5,21,98,233,8,13,2,13,30,2,2,55,2,0
1000,107,5,0,5.0,0,2209,5,8,111,233,8,13,1,14,30,2,2,55,2,0
1001,109,3,0,3.0,0,2209,5,8,111,233,7,14,1,14,30,2,3,56,2,1
1002,109,3,0,3.0,0,2209,5,8,83,255,7,20,1,11,32,2,4,56,2,0
1003,110,2,0,2.0,0,2209,5,8,83,254,6,22,1,11,32,3,4,56,2,0
1004,109,3,0,3.0,0,2209,5,8,83,251,7,24,1,11,32,2,4,56,2,0
1005,109,3,0,3.0,0,2209,5,8,83,249,9,24,1,11,32,2,4,56,2,0
1006,108,4,0,4.0,0,2209,8,8,83,249,9,21,1,11,32,2,3,56,2,0
1007,108,4,0,4.0,0,2209,8,8,83,248,9,22,1,11,31,3,3,56,2,0
1008,108,4,0,4.0,0,2209,0,16,83,246,11,22,2,11,31,3,3,56,2,1
1009,108,4,0,4.0,0,2209,0,16,55,271,12,24,2,7,34,3,4,56,2,0
1010,108,4,0,4.0,0,2209,0,16,55,270,13,24,2,7,34,3,4,56,2,0
1011,112,0,0,0.0,0,2209,1,16,55,268,14,24,2,7,34,4,5,57,2,0
1012,111,1,0,1.0,0,2209,2,16,55,265,17,23,2,7,34,4,4,57,2,0
1013,109,3,0,3.0,0,2209,7,16,55,264,17,19,2,7,33,3,4,57,2,0
1014,109,3,0,3.0,0,2209,8,8,63,263,18,18,1,8,33,4,3,57,2,0
1015,109,3,0,3.0,0,2209,0,16,63,258,23,18,2,8,33,4,3,57,2,1
1016,111,1,0,1.0,0,2209,2,16,35,276,28,21,2,5,35,5,4,57,2,0
1017,112,0,0,0.0,0,2209,2,16,35,274,30,21,2,5,35,6,4,57,2,0
1018,111,1,0,1.0,0,2209,2,16,35,272,32,21,2,5,34,6,4,57,2,0
1019,112,0,0,0.0,0,2209,3,16,35,270,34,20,2,5,34,7,4,57,2,0
1020,111,1,0,1.0,0,2209,9,16,35,267,37,14,2,5,34,7,3,57,2,0
1021,111,1,0,1.0,0,2209,11,16,35,263,41,12,2,5,33,8,3,57,2,0
1022,109,3,0,3.0,3,2212,2,27,35,262,42,10,2,5,33,8,2,56,2,2
1023,110,2,0,2.0,0,2212,2,27,21,272,45,11,2,3,34,9,3,56,2,0
1024,110,2,0,2.0,0,2212,2,27,21,272,45,11,2,3,34,9,3,56,2,0
1025,111,1,0,1.0,2,2214,3,27,21,266,51,10,2,3,34,10,3,56,2,0
1026,110,2,0,2.0,5,2219,3,27,21,266,51,10,2,3,34,10,3,55,2,0
1027,109,3,0,3.0,3,2222,5,27,21,263,54,8,2,3,33,11,2,55,2,0
1028,111,1,0,1.0,0,2222,5,19,29,259,58,8,2,4,33,12,2,55,2,0
1029,111,1,0,1.0,2,2224,6,19,29,259,58,7,2,4,33,12,2,55,2,2
1030,110,2,0,2.0,0,2224,6,19,16,268,62,7,2,2,34,12,2,55,2,0
1031,109,3,0,3.0,0,2224,7,19,16,267,63,6,2,2,34,12,1,55,2,0
1032,109,3,0,3.0,5,2229,7,19,16,265,65,6,2,2,34,13,1,54,2,0
1033,108,4,0,4.0,0,2229,7,19,16,263,67,6,2,2,33,13,1,54,2,0
1034,108,4,0,4.0,2,2231,12,19,16,261,69,1,2,2,33,13,1,54,2,0
1035,109,3,0,3.0,0,2231,12,11,24,260,70,1,1,3,33,14,1,54,2,0
1036,109,3,0,3.0,4,2235,0,23,24,258,72,1,2,3,33,14,1,54,2,1
1037,109,3,0,3.0,0,2235,0,23,24,258,72,1,2,3,33,14,1,54,2,0
1038,109,3,0,3.0,0,2235,0,23,24,258,72,1,2,3,33,14,1,54,2,0
1039,109,3,0,3.0,0,2235,0,23,24,258,72,1,2,3,33,14,1,54,2,0
1040,108,4,0,4.0,2,2237,0,23,24,258,72,1,2,3,33,14,1,53,2,0
1041,108,4,0,4.0,0,2237,1,23,24,258,72,0,2,3,33,14,0,53,2,0
1042,109,3,0,3.0,0,2237,1,12,35,258,72,0,1,5,33,14,0,53,2,0
1043,111,1,0,1.0,0,2237,1,12,35,258,71,1,1,5,33,14,1,54,2,1
1044,111,1,0,1.0,0,2237,1,12,27,265,68,5,1,4,34,13,2,54,2,0
1045,110,2,0,2.0,0,2237,1,12,27,265,66,7,1,4,34,12,2,54,2,0
1046,110,2,0,2.0,0,2237,1,12,27,265,66,7,1,4,34,12,2,54,2,0
1047,111,1,0,1.0,0,2237,1,12,27,265,65,8,1,4,34,13,2,54,2,0
1048,111,1,0,1.0,1,2238,1,12,27,265,63,10,1,4,34,13,2,54,2,0
1049,110,2,0,2.0,0,2238,1,12,27,265,62,11,1,4,34,12,2,54,2,0
1050,111,1,0,1.0,8,2246,1,12,27,265,61,12,1,4,34,12,2,55,2,1
1051,113,0,1,3.0,0,2246,1,12,27,263,61,14,1,4,33,13,3,56,2,0
1052,112,0,0,0.0,0,2246,1,12,27,261,60,17,1,4,33,12,3,56,2,0
1053,111,1,0,1.0,0,2246,1,12,27,260,60,18,1,4,33,11,3,56,2,0
1054,111,1,0,1.0,2,2248,1,12,27,260,59,19,1,4,33,11,3,56,2,0
1055,111,1,0,1.0,2,2250,1,12,27,259,55,24,1,4,33,11,3,56,2,0
1056,111,1,0,1.0,8,2258,1,0,39,259,50,29,0,5,33,10,4,56,2,0
1057,109,3,0,3.0,4,2262,1,0,39,259,48,31,0,5,33,9,4,55,2,0
1058,110,2,0,2.0,10,2272,1,0,31,262,50,34,0,4,33,10,5,55,2,0
1059,113,0,1,3.0,0,2272,1,0,31,259,51,36,0,4,33,11,6,56,2,0
1060,111,1,0,1.0,4,2276,1,0,31,258,49,39,0,4,33,10,6,55,2,0
1061,113,0,1,3.0,2,2278,2,0,31,258,45,42,0,4,33,9,6,58,2,0
1062,110,2,0,2.0,7,2285,6,0,31,256,46,39,0,4,32,9,5,57,2,0
1063,111,1,0,1.0,4,2289,8,0,31,255,44,40,0,4,32,10,5,57,2,0
1064,110,2,0,2.0,7,2296,0,8,31,254,45,40,1,4,32,10,5,56,2,0
1065,108,4,0,4.0,14,2310,1,8,23,255,43,48,1,3,32,8,6,55,2,0
1066,108,4,0,4.0,11,2321,3,8,23,254,44,46,1,3,32,9,6,54,2,0
1067,109,3,0,3.0,9,2330,4,8,23,252,43,48,1,3,32,10,6,54,2,0
1068,108,4,0,4.0,9,2339,5,8,23,247,44,51,1,3,31,10,6,54,2,0
1069,110,2,0,2.0,4,2343,7,8,23,239,52,49,1,3,30,11,6,56,2,0
1070,109,3,0,3.0,4,2347,10,8,23,235,52,50,1,3,30,11,6,55,2,0
1071,109,3,0,3.0,4,2351,1,18,23,232,54,50,2,3,29,11,6,55,2,1
1072,111,1,0,1.0,3,2354,2,18,12,239,55,52,2,2,30,12,7,55,2,0
1073,109,3,0,3.0,11,2365,7,18,12,236,56,49,2,2,30,11,7,54,2,0
1074,108,4,0,4.0,1,2366,12,18,12,231,59,46,2,2,29,12,7,53,2,0
1075,110,2,0,2.0,4,2370,14,18,12,228,61,45,2,2,29,13,7,54,2,0
1076,108,4,0,4.0,9,2379,17,18,12,225,62,44,2,2,29,12,6,53,2,0
1077,109,3,0,3.0,10,2389,19,18,12,221,66,42,2,2,28,13,6,54,2,0
1078,107,5,0,5.0,0,2389,8,32,12,216,71,39,3,2,27,14,4,54,2,2
1079,107,5,0,5.0,14,2403,12,32,12,212,75,35,3,2,27,15,4,53,2,0
1080,106,6,0,6.0,5,2408,13,32,12,211,76,34,3,2,27,15,4,52,2,0
1081,105,7,0,7.0,17,2425,16,32,12,211,76,31,3,2,27,15,4,50,2,0
1082,104,8,0,8.0,7,2432,16,32,12,202,85,31,3,2,26,16,4,49,2,0
1083,105,7,0,7.0,0,2432,25,32,12,201,86,22,3,2,26,17,4,49,2,0
1084,104,8,0,8.0,5,2437,25,24,20,201,86,22,2,3,26,17,4,48,2,0
1085,105,7,0,7.0,5,2442,3,49,20,200,87,19,4,3,25,17,4,50,1,2
1086,104,8,0,8.0,0,2442,7,49,8,210,87,17,4,1,27,17,3,50,1,0
1087,104,8,0,8.0,3,2445,7,49,8,204,93,17,4,1,26,18,3,50,1,0
1088,103,9,0,9.0,2,2447,11,49,8,198,99,13,4,1,25,19,3,49,1,0
1089,102,10,0,10.0,10,2457,12,49,8,193,104,12,4,1,25,20,3,47,1,0
1090,102,10,0,10.0,4,2461,15,49,8,189,108,9,4,1,24,20,2,48,1,0
1091,103,9,0,9.0,4,2465,17,39,18,184,111,9,3,3,23,20,3,47,2,0
1092,102,10,0,10.0,0,2465,5,53,18,181,112,9,4,3,23,20,3,47,1,2
1093,102,10,0,10.0,6,2471,6,53,18,177,115,9,4,3,23,21,3,46,1,0
1094,103,9,0,9.0,5,2476,8,53,18,171,121,7,4,3,22,22,2,48,1,0
1095,103,9,0,9.0,0,2476,8,53,18,171,120,8,4,3,22,22,2,48,1,0
1096,101,11,0,11.0,14,2490,8,53,18,168,123,8,4,3,21,23,2,46,1,0
1097,100,12,0,12.0,7,2497,8,53,18,167,124,8,4,3,21,23,2,45,1,0
1098,102,10,0,10.0,7,2504,8,39,32,161,126,12,3,4,21,23,2,46,2,0
1099,103,9,0,9.0,2,2506,0,47,32,159,125,15,4,4,20,22,3,49,1,2
1100,99,13,0,13.0,2,2508,0,47,32,159,124,16,4,4,20,22,3,45,1,0
1101,100,12,0,12.0,4,2512,0,47,32,156,127,16,4,4,20,23,3,45,1,0
1102,101,11,0,11.0,11,2523,0,47,32,149,132,18,4,4,19,24,3,46,1,0
1103,101,11,0,11.0,0,2523,0,47,32,143,137,19,4,4,18,24,3,47,1,0
1104,101,11,0,11.0,4,2527,2,47,32,138,141,18,4,4,18,25,2,46,1,0
1105,103,9,0,9.0,2,2529,2,22,57,137,138,22,2,8,18,25,2,45,2,0
1106,103,9,0,9.0,2,2531,2,22,57,135,139,23,2,8,17,25,2,46,2,2
1107,106,6,0,6.0,4,2535,2,22,57,133,139,25,2,8,17,25,3,48,2,0
1108,103,9,0,9.0,1,2536,2,22,57,128,139,30,2,8,16,25,3,46,2,0
1109,103,9,0,9.0,0,2536,4,22,57,126,133,36,2,8,16,24,3,47,2,0
1110,105,7,0,7.0,4,2540,6,22,57,126,129,38,2,8,16,23,4,49,2,0
1111,104,8,0,8.0,8,2548,7,22,57,125,127,40,2,8,16,22,4,49,2,0
1112,104,8,0,8.0,4,2552,7,8,71,116,133,43,1,9,15,24,4,48,2,0
1113,106,6,0,6.0,4,2556,1,15,71,111,135,45,2,9,14,25,5,48,2,1
1114,108,4,0,4.0,9,2565,1,15,63,114,133,52,2,8,15,24,7,49,2,0
1115,108,4,0,4.0,14,2579,1,15,63,111,133,55,2,8,14,24,7,50,2,0
1116,105,7,0,7.0,8,2587,5,15,63,110,131,54,2,8,14,23,6,49,2,0
1117,104,8,0,8.0,7,2594,8,15,63,105,132,55,2,8,14,24,6,47,2,0
1118,105,7,0,7.0,4,2598,9,15,63,104,128,59,2,8,13,23,6,50,2,0
1119,104,8,0,8.0,7,2605,9,7,71,99,129,63,1,9,13,23,6,49,2,0
1120,106,6,0,6.0,12,2617,2,16,71,95,132,62,2,9,12,24,7,49,2,1
1121,106,6,0,6.0,4,2621,3,16,61,98,136,64,2,8,13,25,7,48,2,0
1122,105,7,0,7.0,4,2625,4,16,61,97,128,72,2,8,13,23,7,49,2,0
1123,106,6,0,6.0,2,2627,8,16,61,95,129,69,2,8,12,23,7,51,2,0
1124,107,5,0,5.0,6,2633,9,16,61,91,133,68,2,8,12,24,8,50,2,0
1125,103,9,0,9.0,3,2636,11,16,61,88,135,67,2,8,11,24,7,48,2,0
1126,107,5,0,5.0,11,2647,16,16,61,81,142,62,2,8,11,26,7,49,2,0
1127,105,7,0,7.0,0,2647,10,30,61,80,137,60,3,8,10,25,6,50,2,2
1128,104,8,0,8.0,7,2654,14,30,47,88,134,65,3,6,11,24,8,49,2,0
1129,105,7,0,7.0,2,2656,17,30,47,86,131,67,3,6,11,24,8,49,2,0
1130,104,8,0,8.0,9,2665,20,30,47,85,128,68,3,6,11,23,7,50,2,0
1131,106,6,0,6.0,8,2673,23,30,47,83,125,70,3,6,11,24,7,51,2,0
1132,106,6,0,6.0,13,2686,30,30,47,77,128,66,3,6,10,24,7,51,2,0
1133,101,11,0,11.0,8,2694,33,23,54,74,127,67,2,7,10,22,7,48,2,0
1134,101,11,0,11.0,9,2703,8,51,54,74,121,70,4,7,10,22,7,49,1,2
1135,102,10,0,10.0,4,2707,12,51,29,93,124,69,4,4,12,23,7,50,1,0
1136,103,9,0,9.0,8,2715,17,51,29,92,122,67,4,4,12,22,8,50,1,0
1137,102,10,0,10.0,10,2725,21,51,29,92,121,64,4,4,12,22,8,49,1,0
1138,101,11,0,11.0,0,2725,22,51,29,90,117,69,4,4,12,21,7,50,1,0
1139,102,10,0,10.0,15,2740,25,51,29,89,116,68,4,4,12,22,6,51,1,0
1140,102,10,0,10.0,5,2745,34,42,38,88,117,59,3,5,11,22,6,50,2,0
1141,98,14,0,14.0,5,2750,7,70,38,88,114,61,5,5,11,20,7,48,1,2
1142,99,13,0,13.0,9,2759,7,70,24,99,108,70,5,3,13,19,8,49,1,0
1143,99,13,0,13.0,6,2765,8,70,24,99,102,75,5,3,13,19,7,50,1,0
1144,100,12,0,12.0,3,2768,8,70,24,96,100,80,5,3,12,19,8,51,1,0
1145,99,13,0,13.0,4,2772,14,70,24,95,100,75,5,3,12,19,8,50,1,0
1146,99,13,0,13.0,0,2772,23,70,24,95,98,68,5,3,12,18,8,50,1,0
1147,100,12,0,12.0,11,2783,28,56,38,94,97,65,4,5,12,18,7,51,1,0
1148,101,11,0,11.0,4,2787,4,84,38,93,93,66,6,5,12,18,6,52,1,2
1149,99,13,0,13.0,2,2789,9,84,30,100,91,64,6,4,13,16,8,50,1,0
1150,99,13,0,13.0,9,2798,12,84,30,100,91,61,6,4,13,16,8,50,1,0
1151,101,11,0,11.0,2,2800,16,84,30,100,90,58,6,4,13,17,8,50,1,0
1152,101,11,0,11.0,7,2807,22,84,30,99,82,61,6,4,13,16,7,52,1,0
1153,98,14,0,14.0,3,2810,25,84,30,99,77,63,6,4,13,15,6,51,1,0
1154,101,11,0,11.0,0,2810,28,56,58,99,74,63,4,8,13,14,7,52,1,0
1155,103,9,0,9.0,5,2815,1,84,58,99,71,65,6,8,13,14,7,53,1,2
1156,103,9,0,9.0,6,2821,7,84,58,99,70,60,6,8,13,15,6,53,1,0
1157,101,11,0,11.0,7,2828,9,84,58,98,66,63,6,8,13,13,7,52,1,0
1158,99,13,0,13.0,2,2830,9,84,58,96,67,64,6,8,12,12,7,52,1,0
1159,100,12,0,12.0,2,2832,12,84,58,95,63,66,6,8,12,12,7,53,1,0
1160,100,12,0,12.0,5,2837,21,84,58,93,61,61,6,8,12,12,6,53,1,0
1161,102,10,0,10.0,0,2837,27,56,86,93,57,59,4,11,12,11,7,54,1,0
1162,103,9,0,9.0,0,2837,5,83,86,92,57,55,6,11,12,12,6,54,1,2
1163,105,7,0,7.0,0,2837,6,83,79,98,55,57,6,10,13,12,7,55,1,0
1164,104,8,0,8.0,2,2839,8,83,79,98,51,59,6,10,13,11,7,55,1,0
1165,102,10,0,10.0,2,2841,10,83,79,96,50,60,6,10,12,10,7,55,1,0
1166,102,10,0,10.0,0,2841,15,83,79,95,44,62,6,10,12,8,7,56,1,0
1167,103,9,0,9.0,0,2841,18,83,79,94,44,60,6,10,12,9,7,56,1,0
1168,105,7,0,7.0,0,2841,18,55,107,94,41,63,4,14,12,9,7,56,1,0
1169,106,6,0,6.0,0,2841,5,69,107,94,39,64,5,14,12,9,7,57,1,2
1170,105,7,0,7.0,0,2841,14,69,98,101,40,56,5,13,13,9,6,57,1,0
1171,107,5,0,5.0,0,2841,19,69,98,101,38,53,5,13,13,9,6,58,1,0
1172,107,5,0,5.0,0,2841,22,69,98,101,32,56,5,13,13,8,6,59,1,0
1173,106,6,0,6.0,0,2841,25,69,98,100,30,56,5,13,13,7,6,59,1,0
1174,106,6,0,6.0,0,2841,26,69,98,100,30,55,5,13,13,7,6,59,1,0
1175,109,3,0,3.0,0,2841,31,41,126,100,27,53,3,16,13,6,6,60,2,0
1176,110,2,0,2.0,0,2841,4,69,126,99,27,53,5,16,13,7,7,60,1,2
1177,109,3,0,3.0,0,2841,9,69,112,107,27,54,5,14,14,7,7,60,1,0
1178,109,3,0,3.0,0,2841,13,69,112,107,25,52,5,14,14,7,7,60,1,0
1179,111,1,0,1.0,0,2841,17,69,112,106,25,49,5,14,14,7,7,61,1,0
1180,111,1,0,1.0,0,2841,18,69,112,105,25,49,5,14,14,7,7,61,1,0
1181,110,2,0,2.0,0,2841,21,69,112,105,25,46,5,14,14,7,6,61,1,0
1182,111,1,0,1.0,0,2841,25,42,139,105,24,43,3,18,14,6,5,61,2,0
1183,109,3,0,3.0,0,2841,3,67,139,103,26,40,5,18,13,6,4,61,1,2
1184,109,3,0,3.0,0,2841,10,67,111,125,24,41,5,14,16,6,5,61,1,0
1185,109,3,0,3.0,0,2841,11,67,111,124,24,41,5,14,16,6,5,61,1,0
1186,109,3,0,3.0,0,2841,14,67,111,121,27,38,5,14,16,7,4,61,1,0
1187,111,1,0,1.0,0,2841,16,67,111,120,27,37,5,14,15,7,5,62,1,0
1188,111,1,0,1.0,0,2841,17,67,111,119,27,37,5,14,15,7,5,62,1,0
1189,112,0,0,0.0,0,2841,19,53,125,119,27,35,4,16,15,7,5,62,1,0
1190,110,2,0,2.0,0,2841,11,67,125,119,27,29,5,16,15,7,3,62,1,2
1191,111,1,0,1.0,0,2841,14,67,97,143,27,30,5,13,18,7,4,62,1,0
1192,111,1,0,1.0,0,2841,14,67,97,143,26,31,5,13,18,6,5,62,1,0
1193,113,0,1,3.0,0,2841,17,67,97,142,27,28,5,13,18,7,5,62,1,0
1194,112,0,0,0.0,0,2841,18,67,97,140,29,27,5,13,18,7,4,62,1,0
1195,111,1,0,1.0,0,2841,24,67,97,140,29,21,5,13,18,7,3,62,1,0
1196,113,0,1,3.0,0,2841,26,39,125,138,31,19,3,16,18,7,3,62,2,0
1197,115,0,3,9.0,0,2841,27,39,125,138,30,19,3,16,18,7,4,63,2,2
1198,115,0,3,9.0,0,2841,28,39,97,163,28,23,3,13,21,7,4,63,2,0
1199,115,0,3,9.0,0,2841,28,39,97,163,27,24,3,13,21,7,4,63,2,0
1200,116,0,4,12.0,0,2841,29,39,97,163,25,25,3,13,21,6,5,63,2,0
1201,116,0,4,12.0,0,2841,29,39,97,163,25,25,3,13,21,6,5,63,2,0
1202,114,0,2,6.0,0,2841,37,39,97,162,25,18,3,13,21,6,3,63,2,0
1203,115,0,3,9.0,1,2842,38,14,122,161,26,17,1,16,21,6,3,63,2,0
1204,114,0,2,6.0,2,2844,38,14,122,160,27,17,1,16,20,6,3,63,2,1
1205,116,0,4,12.0,0,2844,39,14,94,188,25,18,1,12,24,6,4,64,2,0
1206,114,0,2,6.0,3,2847,40,14,94,188,24,18,1,12,24,6,3,63,2,0
1207,114,0,2,6.0,0,2847,40,14,94,188,23,19,1,12,24,6,3,63,2,0
1208,114,0,2,6.0,4,2851,40,14,94,188,23,19,1,12,24,6,3,63,2,0
1209,115,0,3,9.0,0,2851,44,14,94,188,23,15,1,12,24,6,3,63,2,0
1210,115,0,3,9.0,0,2851,45,0,108,188,21,16,0,14,24,5,3,63,2,0
1211,115,0,3,9.0,2,2853,45,0,108,188,21,16,0,14,24,5,3,63,2,0
1212,116,0,4,12.0,0,2853,45,0,81,210,21,21,0,11,27,5,4,63,2,0
1213,118,0,6,18.0,4,2857,45,0,81,210,20,22,0,11,27,5,5,64,2,0
1214,117,0,5,15.0,4,2861,45,0,81,210,20,22,0,11,27,5,5,63,2,0
1215,116,0,4,12.0,0,2861,46,0,81,210,20,21,0,11,27,5,4,63,2,0
1216,116,0,4,12.0,0,2861,51,0,81,210,19,17,0,11,27,5,4,63,2,0
1217,115,0,3,9.0,2,2863,52,0,81,210,19,16,0,11,27,5,3,63,2,0
1218,115,0,3,9.0,0,2863,54,0,81,210,19,14,0,11,27,5,3,63,2,0
1219,116,0,4,12.0,0,2863,54,0,67,221,19,17,0,9,28,6,4,63,2,0
1220,114,0,2,6.0,0,2863,55,0,67,220,19,17,0,9,28,5,3,63,2,0
1221,114,0,2,6.0,2,2865,55,0,67,219,20,17,0,9,28,5,3,63,2,0
1222,114,0,2,6.0,0,2865,55,0,67,219,20,17,0,9,28,5,3,63,2,0
1223,115,0,3,9.0,3,2868,57,0,67,217,20,17,0,9,28,5,3,63,2,0
1224,114,0,2,6.0,0,2868,58,0,67,216,20,17,0,9,27,4,4,63,2,0
1225,114,0,2,6.0,0,2868,59,0,67,215,20,17,0,9,27,5,3,63,2,0
1226,115,0,3,9.0,0,2868,59,0,39,235,17,28,0,5,30,5,4,64,2,0
1227,117,0,5,15.0,0,2868,59,0,39,234,17,29,0,5,30,6,5,64,2,0
1228,115,0,3,9.0,0,2868,61,0,39,234,16,28,0,5,30,5,4,64,2,0
1229,114,0,2,6.0,0,2868,61,0,39,232,18,28,0,5,29,5,4,64,2,0
1230,113,0,1,3.0,0,2868,66,0,39,231,19,23,0,5,29,5,3,64,2,0
1231,113,0,1,3.0,0,2868,67,0,39,230,20,22,0,5,29,5,3,64,2,0
1232,114,0,2,6.0,0,2868,67,0,39,228,22,22,0,5,29,6,3,64,2,0
1233,116,0,4,12.0,0,2868,67,0,14,248,21,28,0,2,31,6,5,65,2,0
1234,115,0,3,9.0,0,2868,68,0,14,246,21,29,0,2,31,6,4,65,2,0
1235,116,0,4,12.0,0,2868,68,0,14,243,24,29,0,2,31,7,4,65,2,0
1236,115,0,3,9.0,0,2868,68,0,14,240,25,31,0,2,30,6,5,65,2,0
1237,116,0,4,12.0,0,2868,71,0,14,239,26,28,0,2,30,7,4,65,2,0
1238,115,0,3,9.0,0,2868,72,0,14,238,27,27,0,2,30,7,3,65,2,0
1239,115,0,3,9.0,0,2868,72,0,14,238,27,27,0,2,30,7,3,65,2,0
1240,116,0,4,12.0,0,2868,72,0,0,243,32,31,0,0,31,8,4,65,2,0
1241,116,0,4,12.0,0,2868,74,0,0,241,34,29,0,0,31,8,4,65,2,0
1242,117,0,5,15.0,0,2868,75,0,0,238,36,29,0,0,30,8,5,66,2,0
1243,118,0,6,18.0,0,2868,76,0,0,231,42,29,0,0,29,10,5,66,2,0
1244,117,0,5,15.0,0,2868,87,0,0,231,41,19,0,0,29,9,4,66,2,0
1245,117,0,5,15.0,0,2868,88,0,0,229,43,18,0,0,29,9,4,66,2,0
1246,116,0,4,12.0,0,2868,89,0,0,227,45,17,0,0,29,9,3,66,2,0
1247,116,0,4,12.0,0,2868,89,0,0,226,46,17,0,0,29,9,3,66,2,0
1248,116,0,4,12.0,0,2868,89,0,0,226,46,17,0,0,29,9,3,66,2,0
1249,116,0,4,12.0,0,2868,89,0,0,224,48,17,0,0,28,10,3,66,2,0
1250,116,0,4,12.0,0,2868,89,0,0,222,50,17,0,0,28,10,3,66,2,0
1251,117,0,5,15.0,0,2868,95,0,0,220,52,11,0,0,28,11,3,66,2,0
1252,117,0,5,15.0,0,2868,97,0,0,217,55,9,0,0,28,11,3,66,2,0
1253,118,0,6,18.0,2,2870,97,0,0,215,57,9,0,0,27,12,3,67,2,0
1254,117,0,5,15.0,6,2876,99,0,0,214,58,7,0,0,27,12,2,66,2,0
1255,116,0,4,12.0,4,2880,99,0,0,214,58,7,0,0,27,12,2,65,2,0
1256,116,0,4,12.0,0,2880,99,0,0,213,59,7,0,0,27,12,2,65,2,0
1257,117,0,5,15.0,2,2882,99,0,0,212,60,7,0,0,27,12,2,66,2,0
1258,115,0,3,9.0,4,2886,103,0,0,211,61,3,0,0,27,12,1,65,2,0
1259,117,0,5,15.0,2,2888,103,0,0,211,60,4,0,0,27,13,2,65,2,0
1260,116,0,4,12.0,2,2890,104,0,0,211,59,4,0,0,27,12,2,65,2,0
1261,118,0,6,18.0,4,2894,105,0,0,209,60,4,0,0,27,13,2,66,2,0
1262,115,0,3,9.0,6,2900,106,0,0,208,61,3,0,0,26,13,1,65,2,0
1263,113,0,1,3.0,2,2902,106,0,0,208,59,5,0,0,26,12,1,64,2,0
1264,112,0,0,0.0,3,2905,106,0,0,207,59,6,0,0,26,11,1,64,2,0
1265,113,0,1,3.0,10,2915,106,0,0,207,58,7,0,0,26,11,1,65,2,0
1266,112,0,0,0.0,11,2926,106,0,0,206,59,7,0,0,26,11,1,64,2,0
1267,114,0,2,6.0,4,2930,92,14,0,206,58,8,1,0,26,12,2,64,2,0
1268,113,0,1,3.0,4,2934,92,14,0,205,59,8,1,0,26,12,2,63,2,0
1269,114,0,2,6.0,4,2938,92,14,0,205,57,10,1,0,26,12,2,64,2,0
1270,113,0,1,3.0,6,2944,92,14,0,202,59,11,1,0,26,12,2,63,2,0
1271,111,1,0,1.0,8,2952,92,14,0,202,58,12,1,0,26,11,2,62,2,0
1272,111,1,0,1.0,2,2954,92,14,0,200,58,14,1,0,25,11,2,63,2,0
1273,111,1,0,1.0,6,2960,92,14,0,199,59,14,1,0,25,11,2,63,2,0
1274,110,2,0,2.0,0,2960,64,42,0,199,57,16,3,0,25,10,2,63,2,1
1275,110,2,0,2.0,14,2974,64,42,0,199,54,19,3,0,25,10,3,62,2,0
1276,111,1,0,1.0,0,2974,64,42,0,197,53,22,3,0,25,11,3,62,2,0
1277,112,0,0,0.0,7,2981,65,42,0,195,54,22,3,0,25,11,3,63,2,0
1278,111,1,0,1.0,9,2990,66,42,0,195,53,22,3,0,25,11,3,62,2,0
1279,110,2,0,2.0,0,2990,67,42,0,192,56,21,3,0,24,12,2,62,2,0
1280,110,2,0,2.0,7,2997,67,42,0,191,52,26,3,0,24,11,3,62,2,0
1281,108,4,0,4.0,2,2999,41,70,0,190,51,26,5,0,24,10,3,62,1,2
1282,109,3,0,3.0,6,3005,42,70,0,188,50,28,5,0,24,10,4,62,1,0
1283,110,2,0,2.0,3,3008,43,70,0,188,43,34,5,0,24,9,4,63,1,0
1284,110,2,0,2.0,4,3012,43,70,0,186,45,34,5,0,24,9,4,63,1,0
1285,109,3,0,3.0,2,3014,44,70,0,184,45,35,5,0,23,9,4,63,1,0
1286,108,4,0,4.0,6,3020,44,70,0,183,44,37,5,0,23,9,4,62,1,0
1287,109,3,0,3.0,0,3020,46,56,14,182,44,36,4,2,23,9,4,62,1,0
1288,109,3,0,3.0,0,3020,19,84,14,177,49,35,6,2,23,10,3,62,1,2
1289,110,2,0,2.0,0,3020,20,84,14,175,49,36,6,2,22,10,4,63,1,0
1290,110,2,0,2.0,0,3020,22,84,14,174,48,36,6,2,22,9,5,63,1,0
1291,112,0,0,0.0,0,3020,22,84,14,170,50,38,6,2,22,10,5,64,1,0
1292,110,2,0,2.0,0,3020,24,84,14,166,51,39,6,2,21,9,5,64,1,0
1293,111,1,0,1.0,0,3020,27,84,14,163,52,38,6,2,21,10,4,65,1,0
1294,114,0,2,6.0,0,3020,30,56,42,161,53,36,4,6,21,10,4,65,1,0
1295,113,0,1,3.0,0,3020,31,56,42,160,54,35,4,6,20,10,4,65,1,2
1296,113,0,1,3.0,0,3020,32,56,42,155,58,35,4,6,20,11,3,65,1,0
1297,114,0,2,6.0,0,3020,32,56,42,154,58,36,4,6,20,11,4,65,1,0
1298,113,0,1,3.0,0,3020,37,56,42,149,62,32,4,6,19,11,4,65,1,0
1299,114,0,2,6.0,0,3020,39,56,42,146,65,30,4,6,19,12,4,65,1,0
1300,113,0,1,3.0,0,3020,42,56,42,140,71,27,4,6,18,13,3,65,1,0
1301,116,0,4,12.0,4,3024,49,28,70,139,70,22,2,9,18,13,3,65,2,0
1302,116,0,4,12.0,5,3029,49,28,70,133,75,23,2,9,17,14,3,65,2,1
1303,116,0,4,12.0,2,3031,51,28,70,129,79,21,2,9,17,15,3,64,2,0
1304,115,0,3,9.0,0,3031,53,28,70,123,84,20,2,9,16,15,3,64,2,0
1305,115,0,3,9.0,2,3033,54,28,70,120,87,19,2,9,15,16,2,65,2,0
1306,116,0,4,12.0,0,3033,54,28,70,116,90,20,2,9,15,16,3,65,2,0
1307,116,0,4,12.0,0,3033,56,28,70,111,95,18,2,9,14,17,3,65,2,0
1308,117,0,5,15.0,7,3040,58,0,98,110,95,17,0,13,14,17,2,64,2,0
1309,116,0,4,12.0,7,3047,60,0,98,110,95,15,0,13,14,17,2,63,2,0
1310,119,0,7,21.0,2,3049,63,0,98,105,97,15,0,13,14,18,3,64,2,0
1311,119,0,7,21.0,0,3049,65,0,98,101,101,13,0,13,13,19,3,64,2,0
1312,119,0,7,21.0,4,3053,66,0,98,97,103,14,0,13,13,20,3,63,2,0
1313,116,0,4,12.0,2,3055,66,0,98,95,104,15,0,13,12,18,3,63,2,0
1314,116,0,4,12.0,2,3057,67,0,98,93,106,14,0,13,12,18,2,64,2,0
1315,116,0,4,12.0,9,3066,68,0,98,90,109,13,0,13,12,19,2,63,2,0
1316,117,0,5,15.0,1,3067,69,0,98,87,110,14,0,13,11,20,2,64,2,0
1317,116,0,4,12.0,4,3071,69,0,84,94,111,20,0,11,12,20,3,63,2,0
1318,115,0,3,9.0,11,3082,69,0,84,90,115,20,0,11,12,21,3,61,2,0
1319,117,0,5,15.0,18,3100,71,0,84,88,114,21,0,11,11,21,4,62,2,0
1320,117,0,5,15.0,8,3108,72,0,84,83,118,21,0,11,11,22,4,61,2,0
1321,116,0,4,12.0,6,3114,72,0,84,78,122,22,0,11,10,23,4,60,2,0
1322,116,0,4,12.0,7,3121,73,0,84,74,124,23,0,11,10,22,3,62,2,0
1323,114,0,2,6.0,6,3127,73,0,84,70,128,23,0,11,9,22,3,61,2,0
1324,114,0,2,6.0,11,3138,74,0,56,86,130,32,0,7,11,24,4,60,2,0
1325,112,0,0,0.0,7,3145,74,0,56,84,130,34,0,7,11,23,4,59,2,0
1326,111,1,0,1.0,6,3151,75,0,56,81,132,34,0,7,11,24,3,58,2,0
1327,113,0,1,3.0,8,3159,75,0,56,77,135,35,0,7,10,25,4,59,2,0
1328,111,1,0,1.0,12,3171,78,0,56,77,130,37,0,7,10,24,4,58,2,0
1329,111,1,0,1.0,9,3180,78,0,56,75,130,39,0,7,10,24,4,58,2,0
1330,112,0,0,0.0,2,3182,66,14,56,73,131,38,1,7,10,24,4,59,2,0
1331,111,1,0,1.0,0,3182,67,14,28,96,129,44,1,4,12,23,5,59,2,0
1332,111,1,0,1.0,22,3204,67,14,28,95,126,48,1,4,12,23,6,58,2,0
1333,109,3,0,3.0,2,3206,67,14,28,92,126,51,1,4,12,22,6,57,2,0
1334,111,1,0,1.0,0,3206,69,14,28,92,124,51,1,4,12,23,6,58,2,0
1335,112,0,0,0.0,2,3208,75,14,28,90,125,46,1,4,12,23,5,59,2,0
1336,112,0,0,0.0,0,3208,75,14,28,89,121,51,1,4,12,23,5,59,2,0
1337,110,2,0,2.0,12,3220,50,42,28,88,121,49,3,4,11,22,5,59,2,1
1338,108,4,0,4.0,12,3232,51,42,0,110,118,57,3,0,14,21,6,58,2,0
1339,110,2,0,2.0,12,3244,52,42,0,108,117,59,3,0,14,21,7,59,2,0
1340,109,3,0,3.0,8,3252,54,42,0,106,113,63,3,0,14,20,7,59,2,0
1341,107,5,0,5.0,9,3261,54,42,0,102,116,64,3,0,13,21,7,57,2,0
1342,108,4,0,4.0,6,3267,64,42,0,99,113,60,3,0,13,21,6,58,2,0
1343,109,3,0,3.0,8,3275,66,42,0,96,112,62,3,0,12,21,6,60,2,0
1344,107,5,0,5.0,13,3288,39,70,0,91,111,67,5,0,12,21,6,59,1,2
1345,107,5,0,5.0,0,3288,40,70,0,90,109,69,5,0,12,20,7,59,1,0
1346,107,5,0,5.0,7,3295,45,70,0,89,106,68,5,0,12,19,7,59,1,0
1347,108,4,0,4.0,2,3297,47,70,0,87,103,71,5,0,11,19,7,61,1,0
1348,106,6,0,6.0,13,3310,48,70,0,84,105,71,5,0,11,19,7,59,1,0
1349,105,7,0,7.0,3,3313,55,70,0,84,105,64,5,0,11,19,7,58,1,0
1350,107,5,0,5.0,0,3313,59,56,14,83,101,65,4,2,11,19,7,58,1,0
1351,109,3,0,3.0,6,3319,34,84,14,83,97,66,6,2,11,19,7,60,1,2
1352,107,5,0,5.0,15,3334,36,84,14,83,93,68,6,2,11,18,6,60,1,0
1353,105,7,0,7.0,13,3347,37,84,14,83,91,69,6,2,11,17,7,58,1,0
1354,103,9,0,9.0,11,3358,42,84,14,80,92,66,6,2,10,17,7,57,1,0
1355,106,6,0,6.0,2,3360,43,84,14,80,89,68,6,2,10,17,7,59,1,0
1356,104,8,0,8.0,4,3364,52,84,14,80,86,62,6,2,10,17,6,58,1,0
1357,105,7,0,7.0,4,3368,55,56,42,79,84,62,4,6,10,15,6,59,1,0
1358,104,8,0,8.0,13,3381,33,84,42,79,80,60,6,6,10,15,6,57,1,2
1359,107,5,0,5.0,4,3385,34,84,42,79,78,61,6,6,10,16,6,59,1,0
1360,106,6,0,6.0,0,3385,40,84,42,79,73,60,6,6,10,15,5,60,1,0
1361,104,8,0,8.0,2,3387,44,84,42,79,68,61,6,6,10,13,5,59,1,0
1362,103,9,0,9.0,21,3408,50,84,42,79,64,59,6,6,10,13,5,58,1,0
1363,104,8,0,8.0,10,3418,53,84,42,79,60,60,6,6,10,13,5,59,1,0
1364,104,8,0,8.0,7,3425,57,56,70,79,56,60,4,9,10,11,6,58,1,0
1365,104,8,0,8.0,6,3431,34,84,70,79,54,57,6,9,10,10,6,59,1,2
1366,103,9,0,9.0,2,3433,35,84,70,79,51,59,6,9,10,10,6,58,1,0
1367,104,8,0,8.0,8,3441,35,84,70,79,47,63,6,9,10,10,6,59,1,0
1368,104,8,0,8.0,3,3444,40,84,70,79,47,58,6,9,10,10,6,59,1,0
1369,103,9,0,9.0,11,3455,44,84,70,79,45,56,6,9,10,9,6,58,1,0
1370,102,10,0,10.0,8,3463,48,84,70,79,43,54,6,9,10,9,5,58,1,0
1371,104,8,0,8.0,8,3471,50,56,98,79,41,54,4,13,10,9,5,58,1,0
1372,103,9,0,9.0,2,3473,24,84,98,79,40,53,6,13,10,8,6,57,1,2
1373,103,9,0,9.0,3,3476,27,84,98,79,37,53,6,13,10,7,6,58,1,0
1374,103,9,0,9.0,9,3485,30,84,98,79,37,50,6,13,10,7,6,57,1,0
1375,104,8,0,8.0,7,3492,33,84,98,79,35,49,6,13,10,7,6,58,1,0
1376,102,10,0,10.0,13,3505,37,84,98,79,34,46,6,13,10,7,5,57,1,0
1377,102,10,0,10.0,3,3508,39,84,98,79,33,45,6,13,10,7,5,57,1,0
1378,102,10,0,10.0,6,3514,44,56,126,79,31,42,4,16,10,7,4,56,1,0
1379,103,9,0,9.0,5,3519,21,84,126,79,29,39,6,16,10,7,4,57,1,2
1380,101,11,0,11.0,3,3522,25,84,112,91,27,39,6,14,12,5,5,56,1,0
1381,102,10,0,10.0,4,3526,29,84,112,91,23,39,6,14,12,4,5,57,1,0
1382,101,11,0,11.0,12,3538,33,84,112,91,20,38,6,14,12,4,5,56,1,0
1383,103,9,0,9.0,7,3545,35,84,112,91,17,39,6,14,12,4,6,57,1,0
1384,102,10,0,10.0,0,3545,38,84,112,91,12,41,6,14,12,3,5,58,1,0
1385,103,9,0,9.0,7,3552,42,56,140,91,11,38,4,18,12,3,5,57,1,0
1386,103,9,0,9.0,3,3555,14,84,140,91,10,39,6,18,12,3,5,57,1,2
1387,103,9,0,9.0,0,3555,16,84,112,116,8,42,6,14,15,3,5,57,1,0
1388,101,11,0,11.0,4,3559,18,84,112,116,5,43,6,14,15,1,5,57,1,0
1389,101,11,0,11.0,2,3561,20,84,112,116,5,41,6,14,15,1,5,57,1,0
1390,101,11,0,11.0,2,3563,21,84,112,116,4,41,6,14,15,1,5,57,1,0
1391,101,11,0,11.0,0,3563,24,84,112,116,4,38,6,14,15,1,5,57,1,0
1392,103,9,0,9.0,2,3565,24,56,140,116,4,38,4,18,15,1,5,57,1,0
1393,103,9,0,9.0,0,3565,2,80,140,116,4,36,6,18,15,1,4,57,1,2
1394,104,8,0,8.0,5,3570,3,80,112,141,1,41,6,14,18,1,6,57,1,0
1395,104,8,0,8.0,2,3572,4,80,112,141,1,40,6,14,18,1,6,57,1,0
1396,103,9,0,9.0,0,3572,6,80,112,141,1,38,6,14,18,1,5,57,1,0
1397,103,9,0,9.0,3,3575,8,80,112,141,0,37,6,14,18,0,6,57,1,0
1398,101,11,0,11.0,1,3576,12,80,112,141,0,33,6,14,18,0,4,57,1,0
1399,104,8,0,8.0,0,3576,16,52,140,141,0,29,4,18,18,0,4,57,1,0
1400,104,8,0,8.0,0,3576,5,66,140,141,0,26,5,18,18,0,4,57,1,2
1401,103,9,0,9.0,0,3576,8,66,112,166,0,26,5,14,21,0,4,57,1,0
1402,102,10,0,10.0,2,3578,13,66,112,166,0,21,5,14,21,0,4,56,1,0
1403,102,10,0,10.0,0,3578,14,66,112,166,0,20,5,14,21,0,4,56,1,0
1404,103,9,0,9.0,0,3578,15,66,112,166,0,19,5,14,21,0,4,56,1,0
1405,102,10,0,10.0,0,3578,20,66,112,166,0,14,5,14,21,0,3,56,1,0
1406,104,8,0,8.0,0,3578,23,38,140,166,0,11,3,18,21,0,2,56,2,0
1407,104,8,0,8.0,2,3580,0,61,140,166,0,11,5,18,21,0,2,57,1,2
1408,104,8,0,8.0,4,3584,1,61,112,189,0,15,5,14,24,0,3,56,1,0
1409,104,8,0,8.0,2,3586,1,61,112,189,0,15,5,14,24,0,3,56,1,0
1410,104,8,0,8.0,4,3590,1,61,112,189,0,15,5,14,24,0,3,56,1,0
1411,104,8,0,8.0,0,3590,1,61,112,189,0,15,5,14,24,0,3,56,1,0
1412,102,10,0,10.0,2,3592,7,61,112,189,0,9,5,14,24,0,2,55,1,0
1413,104,8,0,8.0,0,3592,7,37,136,189,0,9,3,17,24,0,2,55,2,0
1414,103,9,0,9.0,0,3592,0,44,136,189,0,9,4,17,24,0,2,55,1,2
1415,104,8,0,8.0,4,3596,1,44,108,213,0,12,4,14,27,0,2,55,1,0
1416,104,8,0,8.0,2,3598,1,44,108,213,0,12,4,14,27,0,2,55,1,0
1417,105,7,0,7.0,2,3600,1,44,108,212,1,12,4,14,27,1,2,55,1,0
1418,105,7,0,7.0,0,3600,1,44,108,212,1,12,4,14,27,1,2,55,1,0
1419,104,8,0,8.0,0,3600,4,44,108,212,1,9,4,14,27,1,1,55,1,0
1420,105,7,0,7.0,5,3605,4,30,122,211,2,9,3,16,27,1,1,54,2,0
1421,105,7,0,7.0,0,3605,4,30,122,210,3,9,3,16,27,1,1,54,2,2
1422,105,7,0,7.0,0,3605,4,30,94,234,4,12,3,12,30,1,2,54,2,0
1423,105,7,0,7.0,2,3607,4,30,94,234,4,12,3,12,30,1,2,54,2,0
1424,105,7,0,7.0,0,3607,4,30,94,231,7,12,3,12,29,2,2,54,2,0
1425,106,6,0,6.0,0,3607,4,30,94,230,8,12,3,12,29,3,2,54,2,0
1426,105,7,0,7.0,3,3610,9,30,94,228,10,7,3,12,29,3,1,54,2,0
1427,106,6,0,6.0,0,3610,9,7,117,226,12,7,1,15,29,3,1,54,2,0
1428,106,6,0,6.0,0,3610,0,16,117,224,14,7,2,15,28,4,1,54,2,1
1429,107,5,0,5.0,2,3612,0,16,89,247,15,11,2,12,31,4,2,54,2,0
1430,106,6,0,6.0,2,3614,0,16,89,243,19,11,2,12,31,4,2,53,2,0
1431,107,5,0,5.0,0,3614,0,16,89,241,21,11,2,12,31,5,2,53,2,0
1432,106,6,0,6.0,0,3614,0,16,89,237,25,11,2,12,30,5,2,53,2,0
1433,107,5,0,5.0,4,3618,4,16,89,233,29,7,2,12,30,6,1,53,2,0
1434,105,7,0,7.0,2,3620,4,9,96,230,32,7,1,12,29,7,1,52,2,0
1435,105,7,0,7.0,3,3623,4,9,96,229,33,7,1,12,29,7,1,52,2,1
1436,106,6,0,6.0,6,3629,4,9,68,247,39,11,1,9,31,8,2,52,2,0
1437,106,6,0,6.0,2,3631,4,9,68,244,42,11,1,9,31,8,2,52,2,0
1438,105,7,0,7.0,2,3633,4,9,68,239,47,11,1,9,30,9,2,51,2,0
1439,106,6,0,6.0,0,3633,4,9,68,236,50,11,1,9,30,10,2,51,2,0
1440,104,8,0,8.0,0,3633,7,9,68,232,54,8,1,9,29,10,1,51,2,0
1441,105,7,0,7.0,0,3633,7,9,68,231,55,8,1,9,29,11,1,51,2,0
1442,105,7,0,7.0,0,3633,0,16,68,230,56,8,2,9,29,11,1,51,2,1
1443,106,6,0,6.0,3,3636,0,16,44,249,59,10,2,6,32,11,2,51,2,0
1444,106,6,0,6.0,4,3640,0,16,44,247,61,10,2,6,31,12,2,51,2,0
1445,106,6,0,6.0,0,3640,0,16,44,245,63,10,2,6,31,12,2,51,2,0
1446,106,6,0,6.0,5,3645,0,16,44,241,67,10,2,6,31,13,2,50,2,0
1447,105,7,0,7.0,0,3645,4,16,44,239,69,6,2,6,30,13,1,50,2,0
1448,105,7,0,7.0,0,3645,4,7,53,237,71,6,1,7,30,13,1,50,2,0
1449,105,7,0,7.0,0,3645,4,7,53,237,71,6,1,7,30,13,1,50,2,1
1450,107,5,0,5.0,0,3645,4,7,39,249,72,7,1,5,32,14,2,50,2,0
1451,106,6,0,6.0,0,3645,4,7,39,247,74,7,1,5,31,14,2,50,2,0
1452,106,6,0,6.0,2,3647,4,7,39,246,75,7,1,5,31,14,2,50,2,0
1453,106,6,0,6.0,2,3649,4,7,39,244,77,7,1,5,31,14,2,50,2,0
1454,104,8,0,8.0,2,3651,8,7,39,244,77,3,1,5,31,14,1,49,2,0
1455,105,7,0,7.0,0,3651,8,7,39,243,78,3,1,5,31,15,1,49,2,0
1456,105,7,0,7.0,0,3651,0,15,39,243,78,3,2,5,31,15,1,49,2,1
1457,107,5,0,5.0,0,3651,0,15,16,262,78,7,2,2,33,15,3,50,2,0
1458,107,5,0,5.0,0,3651,0,15,16,262,78,7,2,2,33,15,3,50,2,0
1459,107,5,0,5.0,0,3651,0,15,16,262,78,7,2,2,33,15,3,50,2,0
1460,107,5,0,5.0,0,3651,0,15,16,262,77,8,2,2,33,15,3,50,2,0
1461,107,5,0,5.0,0,3651,2,15,16,262,76,7,2,2,33,15,2,50,2,0
1462,107,5,0,5.0,0,3651,2,8,23,262,75,8,1,3,33,15,2,50,2,0
1463,107,5,0,5.0,0,3651,2,8,23,262,75,8,1,3,33,15,2,50,2,1
1464,106,6,0,6.0,0,3651,2,8,16,267,72,13,1,2,34,13,3,50,2,0
1465,109,3,0,3.0,0,3651,2,8,16,267,71,14,1,2,34,14,4,51,2,0
1466,108,4,0,4.0,0,3651,2,8,16,267,69,16,1,2,34,13,4,51,2,0
1467,108,4,0,4.0,0,3651,2,8,16,267,67,18,1,2,34,13,4,51,2,0
1468,108,4,0,4.0,0,3651,3,8,16,267,65,19,1,2,34,13,3,52,2,0
1469,107,5,0,5.0,2,3653,3,8,16,267,64,20,1,2,34,13,3,51,2,0
1470,105,7,0,7.0,2,3655,3,8,16,267,60,24,1,2,34,12,3,50,2,1
1471,109,3,0,3.0,2,3657,3,8,16,267,58,26,1,2,34,12,3,54,2,0
1472,108,4,0,4.0,0,3657,3,8,16,267,54,30,1,2,34,10,4,54,2,0
1473,109,3,0,3.0,5,3662,3,8,16,267,50,34,1,2,34,10,5,54,2,0
1474,108,4,0,4.0,1,3663,3,8,16,267,47,37,1,2,34,9,5,54,2,0
1475,106,6,0,6.0,3,3666,7,8,16,267,46,34,1,2,34,9,4,53,2,0
1476,106,6,0,6.0,0,3666,7,0,24,267,40,40,0,3,34,8,5,53,2,0
1477,106,6,0,6.0,2,3668,0,7,24,267,37,43,1,3,34,8,5,53,2,0
1478,107,5,0,5.0,0,3668,1,7,15,276,32,47,1,2,35,7,5,54,2,0
1479,109,3,0,3.0,5,3673,2,7,15,276,29,49,1,2,35,7,5,56,2,0
1480,111,1,0,1.0,3,3676,3,7,15,274,27,52,1,2,35,6,7,57,2,0
1481,111,1,0,1.0,2,3678,3,7,15,274,26,53,1,2,35,6,7,57,2,0
1482,110,2,0,2.0,4,3682,8,7,15,274,25,49,1,2,35,6,6,57,2,0
1483,108,4,0,4.0,0,3682,9,7,15,273,23,51,1,2,35,5,5,57,2,0
1484,107,5,0,5.0,6,3688,2,16,15,273,21,51,2,2,35,5,5,55,2,1
1485,106,6,0,6.0,7,3695,4,16,15,272,20,51,2,2,34,5,5,55,2,0
1486,104,8,0,8.0,6,3701,6,16,15,271,17,53,2,2,34,4,5,54,2,0
1487,108,4,0,4.0,3,3704,7,16,15,269,17,54,2,2,34,5,5,57,2,0
1488,108,4,0,4.0,2,3706,11,16,15,267,17,52,2,2,34,5,5,57,2,0
1489,109,3,0,3.0,0,3706,13,16,15,265,19,50,2,2,34,5,6,57,2,0
1490,109,3,0,3.0,11,3717,17,16,15,263,20,47,2,2,33,5,6,57,2,0
1491,108,4,0,4.0,3,3720,7,30,15,260,21,45,3,2,33,5,5,57,2,2
1492,107,5,0,5.0,6,3726,10,30,8,261,25,44,3,1,33,6,6,55,2,0
1493,105,7,0,7.0,17,3743,11,30,8,257,27,45,3,1,33,6,6,53,2,0
1494,105,7,0,7.0,0,3743,17,30,8,257,27,39,3,1,33,6,5,53,2,0
1495,106,6,0,6.0,4,3747,20,30,8,255,28,37,3,1,32,7,5,54,2,0
1496,106,6,0,6.0,4,3751,25,30,8,252,31,32,3,1,32,8,5,53,2,0
1497,107,5,0,5.0,2,3753,28,23,15,250,32,30,2,2,32,7,5,55,2,0
1498,106,6,0,6.0,0,3753,4,51,15,247,35,26,4,2,31,8,4,55,1,2
1499,106,6,0,6.0,4,3757,5,51,15,244,38,25,4,2,31,8,4,55,1,0
1500,105,7,0,7.0,4,3761,6,51,15,241,41,24,4,2,31,9,4,53,1,0
1501,104,8,0,8.0,4,3765,9,51,15,239,43,21,4,2,30,9,4,53,1,0
1502,102,10,0,10.0,6,3771,11,51,15,232,50,19,4,2,29,10,3,52,1,0
1503,102,10,0,10.0,5,3776,13,51,15,231,51,17,4,2,29,10,3,52,1,0
1504,105,7,0,7.0,2,3778,17,42,24,226,56,13,3,3,29,11,3,52,2,0
1505,104,8,0,8.0,0,3778,5,56,24,222,60,11,4,3,28,12,3,52,1,2
1506,104,8,0,8.0,3,3781,7,56,16,229,61,9,4,2,29,12,2,53,1,0
1507,105,7,0,7.0,2,3783,7,56,16,225,65,9,4,2,29,13,2,53,1,0
1508,102,10,0,10.0,2,3785,8,56,16,224,66,8,4,2,28,13,2,51,1,0
1509,103,9,0,9.0,0,3785,10,56,16,219,71,6,4,2,28,14,2,51,1,0
1510,101,11,0,11.0,0,3785,12,56,16,215,75,4,4,2,27,14,1,51,1,0
1511,104,8,0,8.0,4,3789,14,42,30,211,79,2,3,4,27,15,1,51,2,0
1512,103,9,0,9.0,2,3791,0,56,30,208,82,2,4,4,26,16,1,51,1,2
1513,105,7,0,7.0,0,3791,1,56,30,201,89,1,4,4,26,17,1,51,1,0
1514,105,7,0,7.0,1,3792,1,56,30,199,91,1,4,4,25,17,1,52,1,0
1515,105,7,0,7.0,0,3792,2,56,30,197,93,0,4,4,25,18,0,52,1,0
1516,104,8,0,8.0,1,3793,2,56,30,196,94,0,4,4,25,18,0,51,1,0
1517,104,8,0,8.0,0,3793,2,56,30,189,101,0,4,4,24,19,0,51,1,0
1518,106,6,0,6.0,2,3795,2,28,58,189,101,0,2,8,24,19,0,50,2,0
1519,106,6,0,6.0,0,3795,2,28,58,187,103,0,2,8,24,19,0,50,2,2
1520,107,5,0,5.0,7,3802,2,28,58,182,106,2,2,8,23,19,1,51,2,0
1521,108,4,0,4.0,0,3802,2,28,58,180,108,2,2,8,23,20,1,51,2,0
1522,107,5,0,5.0,3,3805,2,28,58,175,113,2,2,8,22,20,1,51,2,0
1523,108,4,0,4.0,2,3807,2,28,58,173,114,3,2,8,22,21,1,51,2,0
1524,108,4,0,4.0,0,3807,2,28,58,168,119,3,2,8,21,22,1,51,2,0
1525,109,3,0,3.0,0,3807,2,14,72,166,120,4,1,9,21,23,1,51,2,0
1526,109,3,0,3.0,5,3812,2,14,72,161,124,5,1,9,21,24,1,50,2,1
1527,107,5,0,5.0,4,3816,2,14,65,164,126,7,1,9,21,22,1,50,2,0
1528,111,1,0,1.0,0,3816,2,14,65,161,127,9,1,9,21,24,2,51,2,0
1529,110,2,0,2.0,8,3824,2,14,65,155,131,11,1,9,20,24,2,51,2,0
1530,109,3,0,3.0,2,3826,2,14,65,148,136,13,1,9,19,24,2,51,2,0
1531,111,1,0,1.0,2,3828,2,14,65,143,138,16,1,9,18,25,2,53,2,0
1532,110,2,0,2.0,4,3832,2,0,79,140,136,21,0,10,18,25,2,52,2,0
1533,112,0,0,0.0,0,3832,2,0,79,140,132,25,0,10,18,25,3,53,2,0
1534,112,0,0,0.0,4,3836,2,0,70,144,135,27,0,9,18,26,4,52,2,0
1535,108,4,0,4.0,6,3842,2,0,70,142,135,29,0,9,18,23,4,51,2,0
1536,112,0,0,0.0,2,3844,2,0,70,136,138,32,0,9,17,26,5,52,2,0
1537,112,0,0,0.0,2,3846,2,0,70,129,143,34,0,9,17,26,5,52,2,0
1538,109,3,0,3.0,10,3856,4,0,70,126,143,35,0,9,16,25,4,52,2,0
1539,112,0,0,0.0,4,3860,4,0,70,122,144,38,0,9,16,26,5,53,2,0
1540,110,2,0,2.0,2,3862,4,0,70,118,145,41,0,9,15,26,5,52,2,0
1541,111,1,0,1.0,9,3871,5,0,56,123,146,48,0,7,16,26,6,53,2,0
1542,110,2,0,2.0,9,3880,5,0,56,120,142,55,0,7,15,27,6,52,2,0
1543,107,5,0,5.0,6,3886,6,0,56,116,145,55,0,7,15,25,6,51,2,0
1544,109,3,0,3.0,4,3890,7,0,56,112,144,59,0,7,14,27,6,52,2,0
1545,109,3,0,3.0,3,3893,9,0,56,110,142,61,0,7,14,26,6,53,2,0
1546,107,5,0,5.0,11,3904,11,0,56,105,146,60,0,7,14,25,6,52,2,0
1547,110,2,0,2.0,2,3906,2,11,56,102,145,62,1,7,13,26,6,54,2,0
1548,109,3,0,3.0,10,3916,4,11,28,127,147,61,1,4,16,26,6,53,2,0
1549,110,2,0,2.0,7,3923,7,11,28,125,144,63,1,4,16,26,6,54,2,0
1550,107,5,0,5.0,14,3937,12,11,28,120,145,62,1,4,15,27,6,51,2,0
1551,107,5,0,5.0,3,3940,16,11,28,119,142,62,1,4,15,25,6,52,2,0
1552,109,3,0,3.0,13,3953,18,11,28,114,144,63,1,4,15,27,6,52,2,0
1553,108,4,0,4.0,7,3960,20,11,28,111,140,68,1,4,14,26,6,53,2,0
1554,105,7,0,7.0,12,3972,9,25,28,109,140,67,2,4,14,24,6,52,2,1
1555,108,4,0,4.0,7,3979,11,25,14,119,140,69,2,2,15,25,8,53,2,0
1556,109,3,0,3.0,7,3986,14,25,14,118,140,67,2,2,15,26,8,53,2,0
1557,109,3,0,3.0,10,3996,17,25,14,113,138,71,2,2,15,26,7,53,2,0
1558,106,6,0,6.0,2,3998,20,25,14,111,140,68,2,2,14,26,7,51,2,0
1559,106,6,0,6.0,0,3998,28,25,14,106,143,62,2,2,14,26,7,51,2,0
1560,106,6,0,6.0,11,4009,35,25,14,104,140,60,2,2,13,26,6,52,2,0
1561,105,7,0,7.0,8,4017,8,53,14,102,140,61,4,2,13,26,6,52,1,2
1562,103,9,0,9.0,8,4025,13,53,0,109,138,65,4,0,14,24,6,53,1,0
1563,106,6,0,6.0,4,4029,17,53,0,108,137,63,4,0,14,25,7,53,1,0
1564,106,6,0,6.0,4,4033,18,53,0,108,132,67,4,0,14,24,7,54,1,0
1565,104,8,0,8.0,7,4040,22,53,0,107,131,65,4,0,14,24,6,53,1,0
1566,103,9,0,9.0,8,4048,23,53,0,106,127,69,4,0,14,24,6,52,1,0
1567,104,8,0,8.0,6,4054,28,42,11,104,125,68,3,2,13,23,7,52,2,0
1568,104,8,0,8.0,9,4063,4,70,11,104,122,67,5,2,13,23,6,53,1,2
1569,104,8,0,8.0,5,4068,8,70,11,103,117,69,5,2,13,22,7,53,1,0
1570,101,11,0,11.0,11,4079,11,70,11,103,110,73,5,2,13,19,6,54,1,0
1571,104,8,0,8.0,10,4089,18,70,11,101,107,71,5,2,13,20,7,54,1,0
1572,104,8,0,8.0,8,4097,20,70,11,100,105,72,5,2,13,20,7,54,1,0
1573,103,9,0,9.0,9,4106,24,70,11,99,106,68,5,2,13,20,7,53,1,0
1574,103,9,0,9.0,10,4116,25,56,25,98,104,70,4,4,13,20,7,52,1,0
1575,103,9,0,9.0,4,4120,7,81,25,98,102,65,6,4,13,19,7,52,1,2
1576,103,9,0,9.0,7,4127,7,81,25,96,98,71,6,4,12,19,7,53,1,0
1577,104,8,0,8.0,10,4137,9,81,25,96,91,76,6,4,12,18,8,54,1,0
1578,101,11,0,11.0,0,4137,14,81,25,94,90,74,6,4,12,16,7,54,1,0
1579,104,8,0,8.0,3,4140,16,81,25,94,86,76,6,4,12,16,8,55,1,0
1580,103,9,0,9.0,4,4144,25,81,25,94,82,71,6,4,12,16,7,55,1,0
1581,103,9,0,9.0,5,4149,27,53,53,92,81,72,4,7,12,16,6,55,1,0
1582,103,9,0,9.0,2,4151,5,80,53,92,78,70,6,7,12,15,7,54,1,2
1583,104,8,0,8.0,6,4157,7,80,53,92,74,72,6,7,12,15,7,55,1,0
1584,104,8,0,8.0,0,4157,12,80,53,91,71,71,6,7,12,14,7,56,1,0
1585,104,8,0,8.0,3,4160,16,80,53,91,69,69,6,7,12,14,7,55,1,0
1586,104,8,0,8.0,2,4162,19,80,53,90,65,71,6,7,12,12,7,57,1,0
1587,103,9,0,9.0,3,4165,25,80,53,89,63,68,6,7,12,12,6,57,1,0
1588,108,4,0,4.0,5,4170,32,52,81,89,60,64,4,11,12,12,7,58,1,0
1589,105,7,0,7.0,4,4174,9,80,81,89,58,61,6,11,12,12,5,57,1,2
1590,104,8,0,8.0,4,4178,12,80,81,88,54,63,6,11,11,11,6,57,1,0
1591,103,9,0,9.0,8,4186,12,80,81,87,54,64,6,11,11,11,6,56,1,0
1592,104,8,0,8.0,7,4193,15,80,81,87,49,66,6,11,11,10,6,57,1,0
1593,104,8,0,8.0,7,4200,17,80,81,85,48,67,6,11,11,10,6,57,1,0
1594,103,9,0,9.0,9,4209,23,80,81,85,46,63,6,11,11,9,6,57,1,0
1595,104,8,0,8.0,2,4211,30,55,106,85,44,58,4,14,11,9,5,57,1,0
1596,105,7,0,7.0,2,4213,5,83,106,83,45,56,6,14,11,9,6,57,1,2
1597,105,7,0,7.0,3,4216,9,83,95,93,40,58,6,12,12,9,6,58,1,0
1598,103,9,0,9.0,8,4224,13,83,95,93,38,56,6,12,12,8,6,57,1,0
1599,103,9,0,9.0,0,4224,16,83,95,93,33,58,6,12,12,7,6,57,1,0
1600,104,8,0,8.0,2,4226,19,83,95,93,31,57,6,12,12,7,6,58,1,0
1601,103,9,0,9.0,0,4226,23,83,95,93,29,55,6,12,12,6,6,58,1,0
1602,104,8,0,8.0,0,4226,27,56,122,93,26,54,4,16,12,5,6,58,1,0
1603,106,6,0,6.0,0,4226,2,83,122,93,25,53,6,16,12,5,6,59,1,2
1604,105,7,0,7.0,7,4233,7,83,108,103,25,52,6,14,13,5,6,59,1,0
1605,107,5,0,5.0,0,4233,10,83,108,102,25,50,6,14,13,7,6,59,1,0
1606,106,6,0,6.0,0,4233,13,83,108,102,24,48,6,14,13,6,6,59,1,0
1607,106,6,0,6.0,2,4235,15,83,108,101,23,48,6,14,13,6,6,58,1,0
1608,106,6,0,6.0,0,4235,20,83,108,101,23,43,6,14,13,6,6,58,1,0
1609,106,6,0,6.0,0,4235,21,55,136,99,24,43,4,17,13,5,5,59,1,0
1610,107,5,0,5.0,0,4235,5,76,136,99,24,38,6,17,13,5,5,59,1,2
1611,108,4,0,4.0,0,4235,8,76,108,123,22,41,6,14,16,5,6,59,1,0
1612,107,5,0,5.0,0,4235,10,76,108,121,23,40,6,14,16,4,6,59,1,0
1613,108,4,0,4.0,0,4235,12,76,108,121,22,39,6,14,16,5,6,59,1,0
1614,107,5,0,5.0,0,4235,13,76,108,121,21,39,6,14,16,4,6,59,1,0
1615,107,5,0,5.0,0,4235,19,76,108,121,21,33,6,14,16,4,5,59,1,0
1616,109,3,0,3.0,0,4235,21,48,136,120,20,33,4,17,15,5,5,60,1,0
1617,107,5,0,5.0,0,4235,5,69,136,120,20,28,5,17,15,5,3,60,1,2
1618,109,3,0,3.0,0,4235,7,69,108,142,19,33,5,14,18,4,5,61,1,0
1619,108,4,0,4.0,0,4235,9,69,108,141,20,31,5,14,18,4,4,61,1,0
1620,108,4,0,4.0,0,4235,12,69,108,141,20,28,5,14,18,4,4,61,1,0
1621,109,3,0,3.0,0,4235,13,69,108,140,19,29,5,14,18,4,5,61,1,0
1622,109,3,0,3.0,0,4235,17,69,108,140,19,25,5,14,18,4,4,61,1,0
1623,110,2,0,2.0,0,4235,18,42,135,139,20,24,3,17,18,4,3,61,2,0
1624,110,2,0,2.0,0,4235,5,56,135,139,19,24,4,17,18,4,4,61,1,2
1625,110,2,0,2.0,0,4235,7,56,110,162,19,24,4,14,21,4,4,61,1,0
1626,112,0,0,0.0,0,4235,7,56,110,162,18,25,4,14,21,4,5,62,1,0
1627,111,1,0,1.0,0,4235,8,56,110,161,18,25,4,14,21,4,4,62,1,0
1628,111,1,0,1.0,0,4235,8,56,110,161,18,25,4,14,21,4,4,62,1,0
1629,109,3,0,3.0,0,4235,14,56,110,160,19,19,4,14,20,4,3,62,1,0
1630,114,0,2,6.0,0,4235,15,35,131,160,18,19,3,17,20,4,4,62,2,0
1631,113,0,1,3.0,0,4235,16,35,131,160,17,19,3,17,20,4,3,62,2,2
1632,113,0,1,3.0,0,4235,17,35,104,181,17,24,3,13,23,4,4,62,2,0
1633,114,0,2,6.0,0,4235,17,35,104,179,17,26,3,13,23,4,5,62,2,0
1634,113,0,1,3.0,0,4235,19,35,104,177,19,24,3,13,23,4,4,62,2,0
1635,113,0,1,3.0,0,4235,19,35,104,177,19,24,3,13,23,4,4,62,2,0
1636,112,0,0,0.0,0,4235,26,35,104,176,18,19,3,13,22,4,3,63,2,0
1637,113,0,1,3.0,0,4235,26,14,125,176,18,19,1,16,22,4,3,63,2,0
1638,113,0,1,3.0,0,4235,26,14,125,175,19,19,1,16,22,4,3,63,2,1
1639,114,0,2,6.0,0,4235,28,14,97,195,20,24,1,13,25,4,4,63,2,0
1640,114,0,2,6.0,0,4235,28,14,97,195,20,24,1,13,25,4,4,63,2,0
1641,114,0,2,6.0,0,4235,28,14,97,194,21,24,1,13,25,4,4,63,2,0
1642,115,0,3,9.0,0,4235,29,14,97,191,24,23,1,13,24,5,4,63,2,0
1643,114,0,2,6.0,0,4235,31,14,97,191,24,21,1,13,24,5,3,63,2,0
1644,115,0,3,9.0,0,4235,32,0,111,189,26,20,0,14,24,6,3,63,2,0
1645,116,0,4,12.0,0,4235,33,0,111,187,27,20,0,14,24,6,3,64,2,0
1646,116,0,4,12.0,0,4235,33,0,83,207,28,27,0,11,26,6,4,64,2,0
1647,117,0,5,15.0,0,4235,33,0,83,205,29,28,0,11,26,7,4,64,2,0
1648,117,0,5,15.0,0,4235,34,0,83,202,32,27,0,11,26,7,4,64,2,0
1649,117,0,5,15.0,0,4235,35,0,83,201,31,28,0,11,26,7,4,64,2,0
1650,115,0,3,9.0,0,4235,41,0,83,200,32,22,0,11,25,7,3,64,2,0
1651,116,0,4,12.0,0,4235,43,0,83,199,33,20,0,11,25,7,3,64,2,0
1652,117,0,5,15.0,0,4235,43,0,83,195,35,22,0,11,25,8,3,64,2,0
1653,116,0,4,12.0,0,4235,43,0,56,215,36,28,0,7,27,8,4,64,2,0
1654,116,0,4,12.0,0,4235,45,0,56,213,38,26,0,7,27,9,3,64,2,0
1655,116,0,4,12.0,0,4235,45,0,56,211,40,26,0,7,27,9,3,64,2,0
1656,118,0,6,18.0,0,4235,45,0,56,209,41,27,0,7,27,9,4,65,2,0
1657,117,0,5,15.0,0,4235,52,0,56,207,43,20,0,7,26,10,3,65,2,0
1658,117,0,5,15.0,0,4235,52,0,56,202,47,21,0,7,26,10,3,65,2,0
1659,116,0,4,12.0,0,4235,52,0,56,200,48,22,0,7,25,10,3,65,2,0
1660,118,0,6,18.0,0,4235,52,0,35,217,49,25,0,5,28,10,4,65,2,0
1661,119,0,7,21.0,0,4235,52,0,35,212,53,26,0,5,27,12,4,65,2,0
1662,119,0,7,21.0,0,4235,52,0,35,212,53,26,0,5,27,12,4,65,2,0
1663,118,0,6,18.0,0,4235,53,0,35,212,52,26,0,5,27,11,4,65,2,0
1664,119,0,7,21.0,0,4235,60,0,35,210,54,19,0,5,27,12,3,65,2,0
1665,119,0,7,21.0,0,4235,61,0,35,209,55,18,0,5,27,12,3,65,2,0
1666,118,0,6,18.0,0,4235,61,0,35,208,56,18,0,5,26,12,3,65,2,0
1667,118,0,6,18.0,2,4237,63,0,14,220,60,21,0,2,28,12,4,65,2,0
1668,118,0,6,18.0,0,4237,63,0,14,218,62,21,0,2,28,12,4,65,2,0
1669,120,0,8,24.0,0,4237,63,0,14,217,62,22,0,2,28,13,5,65,2,0
1670,119,0,7,21.0,1,4238,65,0,14,216,63,20,0,2,27,13,4,66,2,0
1671,119,0,7,21.0,2,4240,71,0,14,215,64,14,0,2,27,13,3,66,2,0
1672,119,0,7,21.0,2,4242,71,0,14,215,64,14,0,2,27,13,3,66,2,0
1673,118,0,6,18.0,0,4242,71,0,14,215,62,16,0,2,27,12,3,66,2,0
1674,119,0,7,21.0,6,4248,72,0,0,222,62,22,0,0,28,14,4,65,2,0
1675,119,0,7,21.0,2,4250,72,0,0,221,63,22,0,0,28,14,4,65,2,0
1676,120,0,8,24.0,5,4255,73,0,0,220,63,22,0,0,28,13,5,66,2,0
1677,117,0,5,15.0,5,4260,74,0,0,220,63,21,0,0,28,13,4,64,2,0
1678,118,0,6,18.0,4,4264,77,0,0,220,62,19,0,0,28,13,4,65,2,0
1679,116,0,4,12.0,2,4266,78,0,0,220,61,19,0,0,28,12,3,65,2,0
1680,115,0,3,9.0,7,4273,78,0,0,218,63,19,0,0,28,12,3,64,2,0
1681,115,0,3,9.0,4,4277,79,0,0,218,62,19,0,0,28,12,3,64,2,0
1682,116,0,4,12.0,8,4285,79,0,0,218,59,22,0,0,28,13,3,64,2,0
1683,115,0,3,9.0,8,4293,79,0,0,218,59,22,0,0,28,13,3,63,2,0
1684,116,0,4,12.0,6,4299,79,0,0,218,57,24,0,0,28,12,4,64,2,0
1685,113,0,1,3.0,2,4301,84,0,0,218,55,21,0,0,28,11,3,63,2,0
1686,114,0,2,6.0,12,4313,84,0,0,218,54,22,0,0,28,11,4,63,2,0
1687,114,0,2,6.0,6,4319,85,0,0,218,52,23,0,0,28,10,3,64,2,0
1688,111,1,0,1.0,12,4331,85,0,0,218,49,26,0,0,28,9,3,62,2,0
1689,112,0,0,0.0,6,4337,85,0,0,218,48,27,0,0,28,9,4,62,2,0
1690,111,1,0,1.0,9,4346,85,0,0,218,47,28,0,0,28,9,4,61,2,0
1691,112,0,0,0.0,2,4348,87,0,0,218,46,27,0,0,28,10,4,61,2,0
1692,111,1,0,1.0,2,4350,94,0,0,218,42,24,0,0,28,9,3,62,2,0
1693,109,3,0,3.0,6,4356,94,0,0,218,41,25,0,0,28,8,3,61,2,0
1694,110,2,0,2.0,3,4359,67,28,0,218,39,26,2,0,28,8,3,62,2,0
1695,109,3,0,3.0,4,4363,67,28,0,218,37,28,2,0,28,7,3,62,2,0
1696,108,4,0,4.0,9,4372,68,28,0,218,35,29,2,0,28,6,4,61,2,0
1697,107,5,0,5.0,4,4376,69,28,0,216,35,30,2,0,27,7,3,61,2,0
1698,106,6,0,6.0,4,4380,69,28,0,215,31,35,2,0,27,6,3,61,2,0
1699,108,4,0,4.0,0,4380,70,28,0,214,30,36,2,0,27,7,4,61,2,0
1700,110,2,0,2.0,1,4381,73,28,0,214,29,34,2,0,27,7,4,62,2,0
1701,106,6,0,6.0,5,4386,45,56,0,213,25,39,4,0,27,5,4,61,1,1
1702,107,5,0,5.0,2,4388,47,56,0,213,25,37,4,0,27,5,5,61,1,0
1703,106,6,0,6.0,4,4392,49,56,0,211,27,35,4,0,27,6,3,61,1,0
1704,108,4,0,4.0,0,4392,50,56,0,210,26,36,4,0,27,5,5,62,1,0
1705,109,3,0,3.0,2,4394,52,56,0,209,26,35,4,0,27,6,5,62,1,0
1706,108,4,0,4.0,0,4394,55,56,0,209,25,33,4,0,27,6,4,62,1,0
1707,108,4,0,4.0,3,4397,56,56,0,208,21,37,4,0,26,6,5,62,1,0
1708,109,3,0,3.0,0,4397,29,84,0,208,19,38,6,0,26,6,4,63,1,2
1709,109,3,0,3.0,0,4397,30,84,0,205,21,38,6,0,26,5,5,63,1,0
1710,109,3,0,3.0,0,4397,34,84,0,205,20,35,6,0,26,5,5,63,1,0
1711,107,5,0,5.0,0,4397,35,84,0,202,22,35,6,0,26,5,3,63,1,0
1712,107,5,0,5.0,0,4397,37,84,0,201,23,33,6,0,26,5,3,63,1,0
1713,107,5,0,5.0,0,4397,39,84,0,199,25,31,6,0,25,6,3,63,1,0
1714,111,1,0,1.0,0,4397,41,56,28,196,26,31,4,4,25,6,4,64,1,0
1715,112,0,0,0.0,0,4397,15,84,28,196,25,30,6,4,25,6,4,64,1,2
1716,112,0,0,0.0,0,4397,20,84,28,189,31,26,6,4,24,7,3,65,1,0
1717,114,0,2,6.0,0,4397,22,84,28,188,32,24,6,4,24,8,4,65,1,0
1718,113,0,1,3.0,0,4397,23,84,28,185,35,23,6,4,24,8,3,65,1,0
1719,112,0,0,0.0,0,4397,28,84,28,181,39,18,6,4,23,9,2,65,1,0
1720,111,1,0,1.0,0,4397,28,84,28,176,42,20,6,4,22,9,2,65,1,0
1721,113,0,1,3.0,0,4397,28,56,56,175,43,20,4,7,22,10,2,65,1,0
1722,114,0,2,6.0,0,4397,30,56,56,171,47,18,4,7,22,10,2,65,1,2
1723,114,0,2,6.0,0,4397,31,56,56,164,54,17,4,7,21,11,2,65,1,0
1724,114,0,2,6.0,0,4397,32,56,56,160,58,16,4,7,20,12,2,65,1,0
1725,114,0,2,6.0,0,4397,37,56,56,158,60,11,4,7,20,12,2,65,1,0
1726,115,0,3,9.0,0,4397,39,56,56,154,64,9,4,7,20,13,2,65,1,0
1727,115,0,3,9.0,0,4397,40,56,56,151,67,8,4,7,19,14,2,65,1,0
1728,118,0,6,18.0,0,4397,41,28,84,149,69,7,2,11,19,14,2,65,2,0
1729,118,0,6,18.0,0,4397,42,28,84,145,73,6,2,11,19,15,1,65,2,1
1730,117,0,5,15.0,4,4401,42,28,84,143,75,6,2,11,18,15,1,65,2,0
1731,118,0,6,18.0,0,4401,42,28,84,142,76,6,2,11,18,16,1,65,2,0
1732,119,0,7,21.0,0,4401,44,28,84,140,78,4,2,11,18,16,1,65,2,0
1733,119,0,7,21.0,2,4403,45,28,84,137,81,3,2,11,18,16,1,65,2,0
1734,119,0,7,21.0,0,4403,46,28,84,136,82,2,2,11,17,17,1,65,2,0
1735,121,0,9,27.0,2,4405,46,0,112,134,84,2,0,14,17,17,1,66,2,0
1736,120,0,8,24.0,2,4407,46,0,112,134,84,2,0,14,17,17,1,65,2,0
1737,121,0,9,27.0,5,4412,46,0,112,129,87,4,0,14,17,18,2,64,2,0
1738,121,0,9,27.0,4,4416,48,0,112,129,86,3,0,14,17,17,1,66,2,0
1739,121,0,9,27.0,4,4420,48,0,112,127,87,4,0,14,16,17,1,67,2,0
1740,118,0,6,18.0,5,4425,48,0,112,125,89,4,0,14,16,17,1,64,2,0
1741,119,0,7,21.0,6,4431,48,0,112,123,90,5,0,14,16,18,1,64,2,0
1742,117,0,5,15.0,9,4440,48,0,112,120,93,5,0,14,15,18,1,63,2,0
1743,118,0,6,18.0,9,4449,48,0,112,113,98,7,0,14,15,18,1,64,2,0
1744,120,0,8,24.0,0,4449,48,0,84,135,101,10,0,11,17,20,2,64,2,0
1745,120,0,8,24.0,4,4453,48,0,84,129,106,11,0,11,17,20,3,63,2,0
1746,121,0,9,27.0,6,4459,48,0,84,124,111,11,0,11,16,21,3,64,2,0
1747,122,0,10,30.0,4,4463,48,0,84,120,114,12,0,11,15,22,3,65,2,0
1748,119,0,7,21.0,5,4468,48,0,84,118,116,12,0,11,15,22,3,62,2,0
1749,118,0,6,18.0,6,4474,48,0,84,112,119,15,0,11,14,22,3,62,2,0
1750,118,0,6,18.0,7,4481,48,0,84,111,120,15,0,11,14,22,3,62,2,0
1751,118,0,6,18.0,4,4485,48,0,56,132,119,23,0,7,17,22,3,63,2,0
1752,118,0,6,18.0,16,4501,48,0,56,126,124,24,0,7,16,24,3,62,2,0
1753,116,0,4,12.0,2,4503,48,0,56,123,125,26,0,7,16,22,4,61,2,0
1754,118,0,6,18.0,10,4513,48,0,56,122,123,29,0,7,16,23,4,62,2,0
1755,116,0,4,12.0,9,4522,50,0,56,120,125,27,0,7,15,23,3,62,2,0
1756,115,0,3,9.0,2,4524,51,0,56,117,121,33,0,7,15,22,4,61,2,0
1757,116,0,4,12.0,9,4533,52,0,56,116,121,33,0,7,15,23,5,60,2,0
1758,118,0,6,18.0,3,4536,52,0,28,139,122,37,0,4,18,22,6,62,2,0
1759,117,0,5,15.0,10,4546,53,0,28,138,119,40,0,4,18,22,6,61,2,0
1760,117,0,5,15.0,8,4554,53,0,28,135,117,45,0,4,17,22,6,62,2,0
1761,116,0,4,12.0,8,4562,55,0,28,130,121,44,0,4,17,23,6,60,2,0
1762,117,0,5,15.0,7,4569,58,0,28,127,120,45,0,4,16,23,5,62,2,0
1763,115,0,3,9.0,16,4585,59,0,28,125,115,51,0,4,16,21,5,62,2,0
1764,115,0,3,9.0,4,4589,59,0,28,122,114,55,0,4,16,21,6,61,2,0
1765,115,0,3,9.0,5,4594,60,0,0,142,115,61,0,0,18,22,8,60,2,0
1766,115,0,3,9.0,2,4596,60,0,0,138,115,65,0,0,18,20,8,62,2,0
1767,114,0,2,6.0,16,4612,63,0,0,136,114,65,0,0,17,21,8,61,2,0
1768,115,0,3,9.0,0,4612,63,0,0,136,112,67,0,0,17,21,8,62,2,0
1769,114,0,2,6.0,4,4616,71,0,0,133,111,63,0,0,17,21,7,61,2,0
1770,115,0,3,9.0,12,4628,72,0,0,130,112,64,0,0,17,22,6,62,2,0
1771,115,0,3,9.0,4,4632,74,0,0,128,113,63,0,0,16,21,7,63,2,0
1772,111,1,0,1.0,14,4646,77,0,0,127,112,62,0,0,16,20,7,60,2,0
1773,113,0,1,3.0,4,4650,77,0,0,123,113,65,0,0,16,22,7,60,2,0
1774,111,1,0,1.0,11,4661,84,0,0,120,115,59,0,0,15,20,7,61,2,0
1775,114,0,2,6.0,5,4666,85,0,0,116,117,60,0,0,15,22,7,61,2,0
1776,113,0,1,3.0,10,4676,89,0,0,114,119,56,0,0,15,22,7,60,2,0
1777,112,0,0,0.0,8,4684,93,0,0,111,117,57,0,0,14,23,7,59,2,0
1778,112,0,0,0.0,6,4690,98,0,0,108,120,52,0,0,14,23,6,60,2,0
1779,113,0,1,3.0,14,4704,99,0,0,107,119,53,0,0,14,22,7,60,2,0
1780,107,5,0,5.0,17,4721,103,0,0,105,119,51,0,0,14,21,5,57,2,0
1781,109,3,0,3.0,10,4731,110,0,0,104,118,46,0,0,13,23,6,57,2,0
1782,108,4,0,4.0,7,4738,114,0,0,102,117,45,0,0,13,20,6,58,2,0
1783,107,5,0,5.0,0,4738,121,0,0,100,112,45,0,0,13,21,4,58,2,0
1784,108,4,0,4.0,7,4745,125,0,0,99,109,45,0,0,13,20,5,59,2,0
1785,107,5,0,5.0,4,4749,100,28,0,99,103,48,2,0,13,19,5,58,2,0
1786,108,4,0,4.0,14,4763,102,28,0,99,98,51,2,0,13,19,5,59,2,0
1787,108,4,0,4.0,16,4779,106,28,0,99,94,51,2,0,13,18,6,59,2,0
1788,103,9,0,9.0,7,4786,108,28,0,99,92,51,2,0,13,16,5,57,2,0
1789,106,6,0,6.0,9,4795,109,28,0,99,86,56,2,0,13,17,6,58,2,0
1790,102,10,0,10.0,9,4804,111,28,0,99,85,55,2,0,13,15,6,56,2,0
1791,104,8,0,8.0,7,4811,114,28,0,99,83,54,2,0,13,16,5,57,2,0
1792,104,8,0,8.0,6,4817,87,56,0,99,77,59,4,0,13,14,6,59,1,1
1793,103,9,0,9.0,10,4827,89,56,0,99,74,60,4,0,13,14,6,58,1,0
1794,103,9,0,9.0,9,4836,89,56,0,99,73,61,4,0,13,14,6,58,1,0
1795,103,9,0,9.0,2,4838,94,56,0,99,71,58,4,0,13,14,6,58,1,0
1796,100,12,0,12.0,9,4847,94,56,0,99,68,61,4,0,13,12,6,57,1,0
1797,101,11,0,11.0,7,4854,96,56,0,99,67,60,4,0,13,13,6,57,1,0
1798,99,13,0,13.0,6,4860,98,56,0,99,63,62,4,0,13,11,6,57,1,0
1799,102,10,0,10.0,4,4864,72,84,0,99,62,61,6,0,13,12,6,58,1,2
1800,100,12,0,12.0,11,4875,75,84,0,99,59,61,6,0,13,11,6,57,1,0
1801,99,13,0,13.0,3,4878,82,84,0,99,54,59,6,0,13,10,6,57,1,0
1802,101,11,0,11.0,11,4889,86,84,0,99,51,58,6,0,13,10,6,58,1,0
1803,100,12,0,12.0,6,4895,92,84,0,99,49,54,6,0,13,10,6,57,1,0
1804,96,16,0,16.0,4,4899,97,84,0,99,46,52,6,0,13,8,5,56,1,0
1805,101,11,0,11.0,4,4903,101,56,28,99,43,51,4,4,13,9,5,57,1,0
1806,99,13,0,13.0,2,4905,75,84,28,99,39,53,6,4,13,7,5,57,1,2
1807,100,12,0,12.0,12,4917,81,84,28,99,37,49,6,4,13,7,5,58,1,0
1808,99,13,0,13.0,4,4921,82,84,28,99,37,48,6,4,13,7,5,57,1,0
1809,98,14,0,14.0,11,4932,84,84,28,99,34,49,6,4,13,6,5,57,1,0
1810,99,13,0,13.0,4,4936,90,84,28,99,31,46,6,4,13,6,5,57,1,0
1811,99,13,0,13.0,4,4940,93,84,28,99,29,45,6,4,13,6,5,57,1,0
1812,98,14,0,14.0,5,4945,94,56,56,99,28,45,4,7,13,5,5,56,1,0
1813,98,14,0,14.0,2,4947,68,84,56,99,24,47,6,7,13,5,5,56,1,2
1814,99,13,0,13.0,0,4947,71,84,56,99,21,47,6,7,13,4,5,57,1,0
1815,100,12,0,12.0,2,4949,72,84,56,99,17,50,6,7,13,4,5,58,1,0
1816,99,13,0,13.0,2,4951,76,84,56,99,15,48,6,7,13,3,5,58,1,0
1817,99,13,0,13.0,5,4956,77,84,56,99,12,50,6,7,13,2,5,59,1,0
1818,99,13,0,13.0,0,4956,80,84,56,99,9,50,6,7,13,2,5,59,1,0
1819,102,10,0,10.0,2,4958,85,56,84,99,8,46,4,11,13,2,5,59,1,0
1820,101,11,0,11.0,0,4958,60,84,84,99,6,45,6,11,13,1,5,59,1,2
1821,100,12,0,12.0,4,4962,62,84,84,99,5,44,6,11,13,1,5,58,1,0
1822,100,12,0,12.0,2,4964,65,84,84,99,3,43,6,11,13,1,5,58,1,0
1823,102,10,0,10.0,2,4966,68,84,84,99,1,42,6,11,13,1,5,60,1,0
1824,101,11,0,11.0,2,4968,72,84,84,99,0,39,6,11,13,0,5,59,1,0
1825,100,12,0,12.0,0,4968,74,84,84,99,0,37,6,11,13,0,4,59,1,0
1826,101,11,0,11.0,4,4972,74,56,112,99,0,37,4,14,13,0,4,59,1,0
1827,100,12,0,12.0,0,4972,49,84,112,99,0,34,6,14,13,0,3,59,1,2
1828,99,13,0,13.0,3,4975,52,84,112,99,0,31,6,14,13,0,3,58,1,0
1829,99,13,0,13.0,0,4975,54,84,112,99,0,29,6,14,13,0,3,58,1,0
1830,99,13,0,13.0,0,4975,55,84,112,99,0,28,6,14,13,0,3,58,1,0
1831,100,12,0,12.0,6,4981,59,84,112,99,0,24,6,14,13,0,3,58,1,0
1832,100,12,0,12.0,0,4981,62,84,112,99,0,21,6,14,13,0,3,58,1,0
1833,102,10,0,10.0,0,4981,66,56,140,99,0,17,4,18,13,0,3,58,1,0
1834,101,11,0,11.0,3,4984,40,84,140,99,0,15,6,18,13,0,2,58,1,2
1835,101,11,0,11.0,0,4984,43,84,112,126,0,13,6,14,16,0,2,58,1,0
1836,101,11,0,11.0,3,4987,46,84,112,126,0,10,6,14,16,0,2,58,1,0
1837,100,12,0,12.0,2,4989,47,84,112,126,0,9,6,14,16,0,2,57,1,0
1838,100,12,0,12.0,0,4989,49,84,112,126,0,7,6,14,16,0,2,57,1,0
1839,100,12,0,12.0,0,4989,50,84,112,126,0,6,6,14,16,0,2,57,1,0
1840,102,10,0,10.0,2,4991,52,56,140,126,0,4,4,18,16,0,2,57,1,0
1841,102,10,0,10.0,2,4993,26,84,140,126,0,2,6,18,16,0,2,57,1,2
1842,100,12,0,12.0,0,4993,27,84,112,150,0,5,6,14,19,0,1,57,1,0
1843,101,11,0,11.0,5,4998,27,84,112,149,1,5,6,14,19,1,1,57,1,0
1844,101,11,0,11.0,0,4998,27,84,112,149,1,5,6,14,19,1,1,57,1,0
1845,101,11,0,11.0,0,4998,27,84,112,148,2,5,6,14,19,1,1,57,1,0
1846,100,12,0,12.0,3,5001,27,84,112,148,2,5,6,14,19,1,1,56,1,0
1847,102,10,0,10.0,0,5001,27,56,140,148,2,5,4,18,19,1,1,56,1,0
1848,102,10,0,10.0,0,5001,0,83,140,146,4,5,6,18,19,1,1,56,1,2
1849,102,10,0,10.0,0,5001,0,83,112,170,4,9,6,14,22,1,2,56,1,0
1850,102,10,0,10.0,0,5001,0,83,112,167,7,9,6,14,21,2,2,56,1,0
1851,102,10,0,10.0,0,5001,0,83,112,167,7,9,6,14,21,2,2,56,1,0
1852,103,9,0,9.0,0,5001,0,83,112,165,9,9,6,14,21,3,2,56,1,0
1853,103,9,0,9.0,0,5001,1,83,112,162,12,8,6,14,21,3,1,56,1,0
1854,105,7,0,7.0,0,5001,1,55,140,158,16,8,4,18,20,4,1,56,1,0
1855,105,7,0,7.0,2,5003,1,55,140,156,18,8,4,18,20,4,1,56,1,2
1856,106,6,0,6.0,0,5003,1,55,112,178,21,11,4,14,23,5,2,56,1,0
1857,106,6,0,6.0,3,5006,1,55,112,172,27,11,4,14,22,6,2,56,1,0
1858,106,6,0,6.0,0,5006,1,55,112,167,32,11,4,14,21,7,2,56,1,0
1859,105,7,0,7.0,5,5011,1,55,112,162,37,11,4,14,21,7,2,55,1,0
1860,104,8,0,8.0,0,5011,5,55,112,160,39,7,4,14,20,8,1,55,1,0
1861,107,5,0,5.0,0,5011,5,27,140,156,43,7,2,18,20,8,1,55,2,0
1862,107,5,0,5.0,4,5015,5,27,140,150,49,7,2,18,19,9,1,55,2,1
1863,108,4,0,4.0,0,5015,5,27,112,172,50,12,2,14,22,10,2,55,2,0
1864,107,5,0,5.0,0,5015,5,27,112,167,55,12,2,14,21,10,2,55,2,0
1865,108,4,0,4.0,0,5015,5,27,112,164,58,12,2,14,21,11,2,55,2,0
1866,108,4,0,4.0,2,5017,5,27,112,159,63,12,2,14,20,12,2,55,2,0
1867,107,5,0,5.0,0,5017,9,27,112,157,65,8,2,14,20,12,1,55,2,0
1868,110,2,0,2.0,2,5019,9,0,139,153,69,8,0,18,20,13,1,55,2,0
1869,108,4,0,4.0,2,5021,0,9,139,152,70,8,1,18,19,13,1,54,2,0
1870,109,3,0,3.0,0,5021,0,9,111,174,74,10,1,14,22,14,2,54,2,0
1871,110,2,0,2.0,2,5023,0,9,111,172,76,10,1,14,22,14,2,55,2,0
1872,110,2,0,2.0,0,5023,0,9,111,171,77,10,1,14,22,14,2,55,2,0
1873,110,2,0,2.0,2,5025,0,9,111,170,78,10,1,14,22,15,2,54,2,0
1874,109,3,0,3.0,0,5025,3,9,111,168,80,7,1,14,21,15,1,54,2,0
1875,109,3,0,3.0,0,5025,3,9,111,166,82,7,1,14,21,15,1,54,2,0
1876,110,2,0,2.0,0,5025,3,9,111,158,90,7,1,14,20,17,1,54,2,1
1877,110,2,0,2.0,3,5028,3,9,83,181,92,10,1,11,23,17,2,53,2,0
1878,110,2,0,2.0,0,5028,3,9,83,180,93,10,1,11,23,17,2,53,2,0
1879,111,1,0,1.0,3,5031,3,9,83,180,93,10,1,11,23,17,2,54,2,0
1880,111,1,0,1.0,0,5031,3,9,83,179,94,10,1,11,23,17,2,54,2,0
1881,111,1,0,1.0,0,5031,8,9,83,178,95,5,1,11,23,18,1,54,2,0
1882,110,2,0,2.0,0,5031,8,9,83,176,97,5,1,11,22,18,1,54,2,0
1883,112,0,0,0.0,4,5035,0,17,83,175,97,6,2,11,22,18,2,55,2,1
1884,111,1,0,1.0,4,5039,0,17,55,196,98,12,2,7,25,18,3,54,2,0
1885,111,1,0,1.0,0,5039,0,17,55,196,97,13,2,7,25,18,3,54,2,0
1886,110,2,0,2.0,3,5042,0,17,55,196,97,13,2,7,25,18,3,53,2,0
1887,110,2,0,2.0,0,5042,0,17,55,196,97,13,2,7,25,18,3,53,2,0
1888,110,2,0,2.0,3,5045,2,17,55,196,95,13,2,7,25,18,2,53,2,0
1889,110,2,0,2.0,3,5048,2,8,64,196,95,13,1,8,25,18,2,53,2,0
1890,109,3,0,3.0,0,5048,2,8,64,196,92,16,1,8,25,17,2,53,2,1
1891,110,2,0,2.0,2,5050,2,8,36,220,92,20,1,5,28,17,3,53,2,0
1892,110,2,0,2.0,7,5057,2,8,36,220,90,22,1,5,28,16,4,53,2,0
1893,111,1,0,1.0,0,5057,2,8,36,220,87,25,1,5,28,17,4,53,2,0
1894,112,0,0,0.0,3,5060,2,8,36,220,83,29,1,5,28,16,4,55,2,0
1895,108,4,0,4.0,4,5064,5,8,36,220,81,28,1,5,28,15,3,53,2,0
1896,108,4,0,4.0,2,5066,5,8,36,220,78,31,1,5,28,14,3,54,2,0
1897,110,2,0,2.0,6,5072,5,8,36,220,72,37,1,5,28,14,4,55,2,1
1898,109,3,0,3.0,6,5078,5,8,9,242,67,47,1,2,31,13,5,54,2,0
1899,110,2,0,2.0,2,5080,5,8,9,242,62,52,1,2,31,12,6,55,2,0
1900,110,2,0,2.0,2,5082,5,8,9,242,60,54,1,2,31,11,7,55,2,0
1901,111,1,0,1.0,2,5084,6,8,9,242,56,57,1,2,31,11,7,56,2,0
1902,110,2,0,2.0,9,5093,12,8,9,242,50,57,1,2,31,10,6,57,2,0
1903,107,5,0,5.0,3,5096,13,0,17,242,49,57,0,3,31,9,6,55,2,0
1904,108,4,0,4.0,4,5100,0,13,17,242,44,62,1,3,31,8,7,56,2,0
1905,109,3,0,3.0,3,5103,0,13,17,242,41,65,1,3,31,8,7,57,2,0
1906,108,4,0,4.0,5,5108,2,13,17,242,36,68,1,3,31,7,7,56,2,0
1907,109,3,0,3.0,4,5112,2,13,17,242,34,70,1,3,31,7,7,57,2,0
1908,108,4,0,4.0,10,5122,5,13,17,242,30,71,1,3,31,6,7,57,2,0
1909,109,3,0,3.0,4,5126,9,13,17,242,29,68,1,3,31,6,7,58,2,0
1910,110,2,0,2.0,2,5128,11,13,17,242,25,70,1,3,31,5,8,59,2,0
1911,107,5,0,5.0,9,5137,3,24,17,242,23,69,2,3,31,4,7,57,2,1
1912,107,5,0,5.0,0,5137,7,24,17,242,22,66,2,3,31,4,7,57,2,0
1913,107,5,0,5.0,0,5137,9,24,17,242,21,65,2,3,31,4,7,57,2,0
1914,107,5,0,5.0,4,5141,12,24,17,242,19,64,2,3,31,4,7,57,2,0
1915,108,4,0,4.0,2,5143,18,24,17,242,17,60,2,3,31,4,7,57,2,0
1916,107,5,0,5.0,2,5145,28,24,17,242,9,58,2,3,31,2,6,59,2,0
1917,107,5,0,5.0,11,5156,33,24,17,242,7,55,2,3,31,2,5,59,2,0
1918,106,6,0,6.0,5,5161,7,52,17,242,6,54,4,3,31,1,6,59,1,2
1919,104,8,0,8.0,3,5164,11,52,8,249,6,52,4,1,32,1,6,58,1,0
1920,105,7,0,7.0,2,5166,17,52,8,249,5,47,4,1,32,1,6,58,1,0
1921,104,8,0,8.0,3,5169,18,52,8,249,4,47,4,1,32,1,6,57,1,0
1922,105,7,0,7.0,0,5169,23,52,8,249,2,44,4,1,32,1,6,58,1,0
1923,105,7,0,7.0,0,5169,26,52,8,249,1,42,4,1,32,1,6,58,1,0
1924,108,4,0,4.0,3,5172,31,39,21,249,0,38,3,3,32,0,6,59,2,0
1925,107,5,0,5.0,2,5174,5,67,21,249,0,36,5,3,32,0,6,59,1,2
1926,105,7,0,7.0,3,5177,9,67,21,249,0,32,5,3,32,0,4,59,1,0
1927,105,7,0,7.0,0,5177,10,67,21,249,0,31,5,3,32,0,4,59,1,0
1928,105,7,0,7.0,0,5177,14,67,21,249,0,27,5,3,32,0,4,59,1,0
1929,106,6,0,6.0,0,5177,16,67,21,249,0,25,5,3,32,0,4,59,1,0
1930,105,7,0,7.0,5,5182,17,67,21,249,0,24,5,3,32,0,4,58,1,0
1931,105,7,0,7.0,0,5182,18,56,32,249,0,23,4,4,32,0,4,58,1,0
1932,105,7,0,7.0,0,5182,6,70,32,247,2,21,5,4,31,1,4,58,1,2
1933,105,7,0,7.0,0,5182,8,70,24,255,2,19,5,3,32,1,4,58,1,0
1934,104,8,0,8.0,0,5182,16,70,24,254,3,11,5,3,32,1,2,58,1,0
1935,104,8,0,8.0,0,5182,18,70,24,254,3,9,5,3,32,1,2,58,1,0
1936,104,8,0,8.0,0,5182,19,70,24,253,4,8,5,3,32,1,2,58,1,0
1937,103,9,0,9.0,0,5182,21,70,24,253,4,6,5,3,32,1,1,58,1,0
1938,106,6,0,6.0,0,5182,22,42,52,252,5,5,3,7,32,1,1,58,2,0
1939,107,5,0,5.0,0,5182,1,64,52,250,7,4,5,7,32,2,1,58,1,2
1940,107,5,0,5.0,0,5182,3,64,52,248,9,2,5,7,31,3,1,58,1,0
1941,107,5,0,5.0,0,5182,4,64,52,246,11,1,5,7,31,3,1,58,1,0
1942,106,6,0,6.0,0,5182,5,64,52,246,11,0,5,7,31,3,0,58,1,0
1943,107,5,0,5.0,0,5182,5,64,52,242,15,0,5,7,31,4,0,58,1,0
1944,106,6,0,6.0,0,5182,5,64,52,240,17,0,5,7,30,4,0,58,1,0
1945,109,3,0,3.0,0,5182,5,36,80,237,20,0,3,10,30,5,0,58,2,0
1946,109,3,0,3.0,0,5182,5,36,80,233,24,0,3,10,30,5,0,58,2,2
1947,108,4,0,4.0,4,5186,5,36,80,229,28,0,3,10,29,6,0,57,2,0
1948,108,4,0,4.0,2,5188,5,36,80,227,30,0,3,10,29,7,0,56,2,0
1949,107,5,0,5.0,2,5190,5,36,80,222,35,0,3,10,28,8,0,55,2,0
1950,107,5,0,5.0,0,5190,5,36,80,216,41,0,3,10,27,9,0,55,2,0
1951,107,5,0,5.0,2,5192,5,36,80,214,43,0,3,10,27,9,0,55,2,0
1952,108,4,0,4.0,0,5192,5,22,94,212,45,0,2,12,27,9,0,55,2,0
1953,110,2,0,2.0,5,5197,5,22,94,209,48,0,2,12,27,10,0,56,2,1
1954,111,1,0,1.0,3,5200,5,22,81,217,53,0,2,11,28,11,0,56,2,0
1955,109,3,0,3.0,2,5202,5,22,81,214,56,0,2,11,27,11,0,55,2,0
1956,110,2,0,2.0,0,5202,5,22,81,209,61,0,2,11,27,12,0,55,2,0
1957,109,3,0,3.0,2,5204,5,22,81,203,67,0,2,11,26,13,0,54,2,0
1958,109,3,0,3.0,0,5204,5,22,81,199,71,0,2,11,25,14,0,54,2,0
1959,109,3,0,3.0,6,5210,5,0,103,195,75,0,0,13,25,15,0,53,2,0
1960,108,4,0,4.0,0,5210,5,0,103,191,79,0,0,13,24,15,0,53,2,0
1961,110,2,0,2.0,6,5216,5,0,92,199,82,0,0,12,25,16,0,54,2,0
1962,110,2,0,2.0,3,5219,5,0,92,196,85,0,0,12,25,16,0,54,2,0
1963,109,3,0,3.0,4,5223,5,0,92,191,90,0,0,12,24,17,0,53,2,0
1964,110,2,0,2.0,6,5229,5,0,92,187,94,0,0,12,24,18,0,53,2,0
1965,110,2,0,2.0,0,5229,5,0,92,182,99,0,0,12,23,19,0,53,2,0
1966,108,4,0,4.0,14,5243,5,0,92,179,102,0,0,12,23,19,0,51,2,0
1967,107,5,0,5.0,2,5245,5,0,92,179,102,0,0,12,23,19,0,50,2,0
1968,107,5,0,5.0,7,5252,5,0,64,200,105,4,0,8,25,20,1,50,2,0
1969,108,4,0,4.0,9,5261,5,0,64,196,109,4,0,8,25,21,1,50,2,0
1970,108,4,0,4.0,13,5274,5,0,64,193,112,4,0,8,25,21,1,50,2,0
1971,107,5,0,5.0,2,5276,5,0,64,189,116,4,0,8,24,22,1,49,2,0
1972,108,4,0,4.0,9,5285,5,0,64,187,116,6,0,8,24,21,2,50,2,0
1973,106,6,0,6.0,16,5301,5,0,64,183,120,6,0,8,23,22,2,48,2,0
1974,106,6,0,6.0,9,5310,5,0,64,178,124,7,0,8,23,23,2,47,2,0
1975,104,8,0,8.0,3,5313,5,0,36,199,128,10,0,5,25,23,2,46,2,0
1976,104,8,0,8.0,8,5321,5,0,36,197,129,11,0,5,25,23,2,46,2,0
1977,105,7,0,7.0,8,5329,5,0,36,196,130,11,0,5,25,24,2,46,2,0
1978,105,7,0,7.0,5,5334,5,0,36,190,135,12,0,5,24,25,2,46,2,0
1979,104,8,0,8.0,8,5342,5,0,36,188,135,14,0,5,24,25,2,45,2,0
1980,105,7,0,7.0,5,5347,5,0,36,184,137,16,0,5,23,25,3,46,2,0
1981,103,9,0,9.0,2,5349,5,0,36,182,137,18,0,5,23,24,3,45,2,0
1982,103,9,0,9.0,5,5354,5,0,22,189,142,20,0,3,24,25,4,44,2,0
1983,104,8,0,8.0,7,5361,5,0,22,185,142,24,0,3,24,26,4,44,2,0
1984,104,8,0,8.0,2,5363,5,0,22,181,144,26,0,3,23,26,4,45,2,0
1985,106,6,0,6.0,4,5367,5,0,22,177,145,29,0,3,23,27,4,46,2,0
1986,104,8,0,8.0,0,5367,9,0,22,175,143,29,0,3,22,26,4,46,2,0
1987,104,8,0,8.0,10,5377,9,0,22,172,142,33,0,3,22,26,4,46,2,0
1988,106,6,0,6.0,0,5377,0,9,22,170,142,35,1,3,22,26,5,47,2,0
1989,105,7,0,7.0,5,5382,0,9,0,184,141,44,1,0,23,26,6,47,2,0
1990,105,7,0,7.0,5,5387,2,9,0,179,140,48,1,0,23,25,6,47,2,0
1991,106,6,0,6.0,4,5391,2,9,0,177,140,50,1,0,23,26,7,46,2,0
1992,105,7,0,7.0,5,5396,3,9,0,174,141,51,1,0,22,26,6,47,2,0
1993,103,9,0,9.0,12,5408,6,9,0,167,145,51,1,0,21,27,5,46,2,0
1994,105,7,0,7.0,7,5415,7,9,0,162,145,55,1,0,21,27,6,47,2,0
1995,103,9,0,9.0,12,5427,0,16,0,161,143,58,2,0,21,26,6,46,2,1
1996,104,8,0,8.0,13,5440,1,16,0,158,141,62,2,0,20,25,7,47,2,0
1997,103,9,0,9.0,9,5449,3,16,0,156,137,66,2,0,20,25,6,47,2,0
1998,104,8,0,8.0,5,5454,5,16,0,153,136,68,2,0,20,25,7,47,2,0
1999,102,10,0,10.0,11,5465,7,16,0,147,138,70,2,0,19,25,8,45,2,0
2000,104,8,0,8.0,2,5467,9,16,0,143,138,72,2,0,18,26,8,47,2,0
2001,103,9,0,9.0,4,5471,13,16,0,142,136,71,2,0,18,26,7,47,2,0
2002,103,9,0,9.0,15,5486,2,29,0,141,134,72,3,0,18,25,7,47,2,2
2003,101,11,0,11.0,7,5493,5,29,0,137,133,74,3,0,18,24,7,46,2,0
2004,103,9,0,9.0,2,5495,9,29,0,133,133,74,3,0,17,24,8,48,2,0
2005,102,10,0,10.0,4,5499,13,29,0,130,131,75,3,0,17,24,7,48,2,0
2006,102,10,0,10.0,6,5505,15,29,0,129,129,76,3,0,17,23,8,47,2,0
2007,100,12,0,12.0,2,5507,24,29,0,127,131,67,3,0,16,24,7,46,2,0
2008,103,9,0,9.0,10,5517,30,20,9,125,130,64,2,2,16,24,7,47,2,0
2009,102,10,0,10.0,2,5519,4,48,9,123,128,66,4,2,16,25,6,47,1,2
2010,102,10,0,10.0,6,5525,6,48,9,122,126,67,4,2,16,24,6,48,1,0
2011,99,13,0,13.0,10,5535,9,48,9,121,123,68,4,2,16,22,6,47,1,0
2012,100,12,0,12.0,7,5542,14,48,9,120,122,65,4,2,15,23,6,48,1,0
2013,99,13,0,13.0,4,5546,17,48,9,119,119,66,4,2,15,22,6,47,1,0
2014,98,14,0,14.0,7,5553,22,48,9,119,114,66,4,2,15,21,6,47,1,0
2015,98,14,0,14.0,6,5559,28,41,16,118,111,64,3,2,15,21,6,47,2,0
2016,99,13,0,13.0,9,5568,4,69,16,118,109,62,5,2,15,21,7,47,1,2
2017,98,14,0,14.0,4,5572,8,69,16,118,108,59,5,2,15,21,6,47,1,0
2018,97,15,0,15.0,0,5572,12,69,16,118,102,61,5,2,15,20,5,48,1,0
2019,96,16,0,16.0,6,5578,15,69,16,115,103,60,5,2,15,18,5,48,1,0
2020,98,14,0,14.0,8,5586,18,69,16,115,99,61,5,2,15,19,5,49,1,0
2021,96,16,0,16.0,5,5591,23,69,16,114,98,58,5,2,15,18,5,48,1,0
2022,97,15,0,15.0,1,5592,27,56,29,114,93,59,4,4,15,17,5,49,1,0
2023,98,14,0,14.0,8,5600,5,83,29,114,89,58,6,4,15,17,5,49,1,2
2024,99,13,0,13.0,6,5606,8,83,29,114,85,59,6,4,15,17,6,49,1,0
2025,99,13,0,13.0,8,5614,8,83,29,114,81,63,6,4,15,16,6,50,1,0
2026,97,15,0,15.0,4,5618,11,83,29,113,80,62,6,4,15,16,5,49,1,0
2027,97,15,0,15.0,7,5625,15,83,29,113,77,61,6,4,15,14,6,49,1,0
2028,98,14,0,14.0,6,5631,18,83,29,113,75,60,6,4,15,15,5,50,1,0
2029,99,13,0,13.0,2,5633,22,55,57,113,71,60,4,8,15,14,5,50,1,0
2030,99,13,0,13.0,3,5636,2,77,57,113,66,63,6,8,15,13,5,50,1,2
2031,98,14,0,14.0,2,5638,6,77,57,111,66,61,6,8,14,13,5,50,1,0
2032,99,13,0,13.0,4,5642,11,77,57,110,64,59,6,8,14,13,5,51,1,0
2033,100,12,0,12.0,5,5647,15,77,57,110,57,62,6,8,14,12,5,52,1,0
2034,99,13,0,13.0,2,5649,17,77,57,109,53,65,6,8,14,11,5,52,1,0
2035,99,13,0,13.0,0,5649,18,77,57,108,53,65,6,8,14,10,6,52,1,0
2036,102,10,0,10.0,0,5649,24,49,85,108,50,62,4,11,14,11,6,53,1,0
2037,102,10,0,10.0,0,5649,2,73,85,107,49,62,6,11,14,10,6,53,1,2
2038,103,9,0,9.0,0,5649,6,73,76,114,47,62,6,10,15,9,7,54,1,0
2039,103,9,0,9.0,0,5649,8,73,76,112,43,66,6,10,14,10,6,55,1,0
2040,102,10,0,10.0,0,5649,13,73,76,112,39,65,6,10,14,9,6,55,1,0
2041,104,8,0,8.0,0,5649,17,73,76,112,38,62,6,10,14,9,7,55,1,0
2042,104,8,0,8.0,0,5649,21,73,76,112,37,59,6,10,14,9,7,55,1,0
2043,104,8,0,8.0,0,5649,25,46,103,112,33,59,4,13,14,8,6,56,1,0
2044,107,5,0,5.0,0,5649,2,71,103,112,29,61,6,13,14,8,7,57,1,2
2045,104,8,0,8.0,0,5649,5,71,96,118,26,62,6,12,15,5,7,57,1,0
2046,105,7,0,7.0,0,5649,7,71,96,118,25,61,6,12,15,5,7,58,1,0
2047,105,7,0,7.0,0,5649,11,71,96,118,23,59,6,12,15,6,6,58,1,0
2048,107,5,0,5.0,0,5649,16,71,96,117,22,56,6,12,15,7,6,58,1,0
2049,108,4,0,4.0,0,5649,18,71,96,117,20,56,6,12,15,6,7,59,1,0
2050,109,3,0,3.0,0,5649,21,49,118,117,19,54,4,15,15,6,7,59,1,0
2051,108,4,0,4.0,0,5649,7,70,118,117,18,48,5,15,15,6,6,59,1,2
2052,110,2,0,2.0,0,5649,12,70,105,128,17,46,5,14,16,6,7,60,1,0
2053,108,4,0,4.0,0,5649,13,70,105,127,17,46,5,14,16,4,7,60,1,0
2054,108,4,0,4.0,0,5649,16,70,105,126,18,43,5,14,16,4,6,60,1,0
2055,109,3,0,3.0,0,5649,18,70,105,124,19,42,5,14,16,5,6,60,1,0
2056,109,3,0,3.0,0,5649,22,70,105,121,22,38,5,14,16,6,5,60,1,0
2057,109,3,0,3.0,0,5649,28,46,129,120,23,32,4,17,15,6,4,60,1,0
2058,110,2,0,2.0,0,5649,4,74,129,120,23,28,6,17,15,6,4,60,1,2
2059,112,0,0,0.0,0,5649,5,74,101,144,21,33,6,13,18,6,6,61,1,0
2060,112,0,0,0.0,0,5649,6,74,101,144,21,32,6,13,18,6,6,61,1,0
2061,111,1,0,1.0,0,5649,10,74,101,143,21,29,6,13,18,4,6,62,1,0
2062,110,2,0,2.0,0,5649,14,74,101,143,21,25,6,13,18,4,5,62,1,0
2063,110,2,0,2.0,0,5649,18,74,101,142,22,21,6,13,18,5,3,62,1,0
2064,112,0,0,0.0,0,5649,19,49,126,139,25,20,4,16,18,6,3,62,1,0
2065,112,0,0,0.0,0,5649,7,63,126,139,25,18,5,16,18,6,3,62,1,2
2066,114,0,2,6.0,0,5649,9,63,98,163,24,21,5,13,21,7,4,62,1,0
2067,114,0,2,6.0,0,5649,11,63,98,161,26,19,5,13,21,7,4,62,1,0
2068,113,0,1,3.0,0,5649,12,63,98,160,27,18,5,13,20,7,4,62,1,0
2069,114,0,2,6.0,0,5649,13,63,98,157,30,17,5,13,20,8,4,62,1,0
2070,114,0,2,6.0,0,5649,16,63,98,152,35,14,5,13,19,9,3,62,1,0
2071,115,0,3,9.0,0,5649,17,42,119,148,37,15,3,15,19,8,3,63,2,0
2072,115,0,3,9.0,0,5649,17,42,119,145,39,16,3,15,19,8,3,63,2,2
2073,115,0,3,9.0,0,5649,18,42,92,168,41,17,3,12,21,8,4,63,2,0
2074,116,0,4,12.0,0,5649,18,42,92,165,43,18,3,12,21,9,4,63,2,0
2075,116,0,4,12.0,0,5649,18,42,92,162,45,19,3,12,21,9,4,63,2,0
2076,116,0,4,12.0,0,5649,18,42,92,159,48,19,3,12,20,10,4,63,2,0
2077,115,0,3,9.0,0,5649,24,42,92,157,49,14,3,12,20,10,3,63,2,0
2078,117,0,5,15.0,0,5649,24,14,120,155,50,15,1,15,20,10,3,64,2,0
2079,118,0,6,18.0,0,5649,25,14,120,154,49,16,1,15,20,10,3,65,2,1
2080,120,0,8,24.0,0,5649,25,14,98,173,51,17,1,13,22,11,4,65,2,0
2081,120,0,8,24.0,0,5649,25,14,98,171,53,17,1,13,22,11,4,65,2,0
2082,120,0,8,24.0,0,5649,25,14,98,168,56,17,1,13,21,12,4,65,2,0
2083,120,0,8,24.0,0,5649,25,14,98,167,57,17,1,13,21,12,4,65,2,0
2084,120,0,8,24.0,0,5649,30,14,98,163,61,12,1,13,21,12,3,65,2,0
2085,120,0,8,24.0,0,5649,30,0,112,160,64,12,0,14,20,13,3,65,2,0
2086,120,0,8,24.0,0,5649,30,0,112,158,66,12,0,14,20,13,3,65,2,0
2087,121,0,9,27.0,0,5649,30,0,88,175,68,17,0,11,22,14,4,65,2,0
2088,123,0,11,33.0,0,5649,30,0,88,170,72,18,0,11,22,14,5,66,2,0
2089,122,0,10,30.0,0,5649,32,0,88,168,74,16,0,11,21,15,4,66,2,0
2090,122,0,10,30.0,0,5649,33,0,88,164,78,15,0,11,21,15,4,66,2,0
2091,122,0,10,30.0,0,5649,35,0,88,162,80,13,0,11,21,16,3,66,2,0
2092,121,0,9,27.0,0,5649,36,0,88,158,84,12,0,11,20,16,3,66,2,0
2093,120,0,8,24.0,1,5650,37,0,88,154,87,12,0,11,20,16,3,65,2,0
2094,120,0,8,24.0,0,5650,37,0,63,176,89,13,0,8,22,17,3,65,2,0
2095,119,0,7,21.0,1,5651,38,0,63,176,87,14,0,8,22,17,3,64,2,0
2096,120,0,8,24.0,0,5651,39,0,63,176,84,16,0,8,22,16,4,65,2,0
2097,118,0,6,18.0,0,5651,41,0,63,176,83,15,0,8,22,15,3,65,2,0
2098,118,0,6,18.0,5,5656,42,0,63,176,83,14,0,8,22,15,3,65,2,0
2099,119,0,7,21.0,0,5656,42,0,63,172,86,15,0,8,22,16,3,65,2,0
2100,121,0,9,27.0,6,5662,42,0,63,169,89,15,0,8,22,17,3,66,2,0
2101,122,0,10,30.0,0,5662,42,0,42,186,89,19,0,6,24,17,4,66,2,0
2102,120,0,8,24.0,4,5666,42,0,42,186,89,19,0,6,24,17,4,64,2,0
2103,122,0,10,30.0,7,5673,42,0,42,185,89,20,0,6,24,17,4,66,2,0
2104,119,0,7,21.0,9,5682,42,0,42,184,87,23,0,6,23,16,5,64,2,0
2105,119,0,7,21.0,5,5687,47,0,42,183,88,18,0,6,23,16,4,64,2,0
2106,118,0,6,18.0,8,5695,48,0,42,183,88,17,0,6,23,16,3,64,2,0
2107,117,0,5,15.0,13,5708,48,0,42,183,86,19,0,6,23,16,3,63,2,0
2108,117,0,5,15.0,10,5718,48,0,14,209,86,21,0,2,27,16,3,63,2,0
2109,119,0,7,21.0,10,5728,48,0,14,209,83,24,0,2,27,16,4,64,2,0
2110,117,0,5,15.0,4,5732,48,0,14,209,78,29,0,2,27,15,4,63,2,0
2111,119,0,7,21.0,8,5740,49,0,14,209,74,32,0,2,27,15,5,64,2,0
2112,116,0,4,12.0,12,5752,50,0,14,209,71,34,0,2,27,14,5,62,2,0
2113,115,0,3,9.0,2,5754,52,0,14,209,69,34,0,2,27,13,5,62,2,0
2114,115,0,3,9.0,11,5765,55,0,14,209,66,34,0,2,27,13,4,63,2,0
2115,115,0,3,9.0,7,5772,56,0,0,220,63,39,0,0,28,13,6,62,2,0
2116,114,0,2,6.0,11,5783,56,0,0,220,60,42,0,0,28,11,6,63,2,0
2117,115,0,3,9.0,4,5787,57,0,0,220,58,43,0,0,28,11,6,63,2,0
2118,113,0,1,3.0,8,5795,57,0,0,220,56,45,0,0,28,11,6,61,2,0
2119,114,0,2,6.0,2,5797,61,0,0,220,55,42,0,0,28,11,6,62,2,0
2120,113,0,1,3.0,8,5805,61,0,0,220,53,44,0,0,28,11,6,61,2,0
2121,112,0,0,0.0,4,5809,62,0,0,220,51,45,0,0,28,10,6,61,2,0
2122,112,0,0,0.0,2,5811,65,0,0,220,48,45,0,0,28,10,5,62,2,0
2123,113,0,1,3.0,2,5813,65,0,0,220,47,46,0,0,28,10,6,62,2,0
2124,111,1,0,1.0,3,5816,65,0,0,220,43,50,0,0,28,8,6,62,2,0
2125,112,0,0,0.0,5,5821,67,0,0,220,40,51,0,0,28,8,6,63,2,0
2126,110,2,0,2.0,15,5836,69,0,0,220,38,51,0,0,28,8,6,61,2,0
2127,110,2,0,2.0,4,5840,72,0,0,220,36,50,0,0,28,7,6,61,2,0
2128,110,2,0,2.0,3,5843,49,28,0,220,31,50,2,0,28,7,6,61,2,0
2129,110,2,0,2.0,0,5843,53,28,0,220,29,48,2,0,28,6,6,62,2,0
2130,110,2,0,2.0,2,5845,56,28,0,220,25,49,2,0,28,6,6,62,2,0
2131,112,0,0,0.0,2,5847,58,28,0,220,23,49,2,0,28,6,6,63,2,0
2132,110,2,0,2.0,5,5852,61,28,0,220,19,50,2,0,28,4,6,63,2,0
2133,109,3,0,3.0,2,5854,67,28,0,220,15,48,2,0,28,3,5,64,2,0
2134,108,4,0,4.0,2,5856,70,28,0,220,12,48,2,0,28,3,5,63,2,0
2135,108,4,0,4.0,0,5856,44,56,0,220,12,46,4,0,28,3,5,63,1,1
2136,108,4,0,4.0,0,5856,46,56,0,219,13,44,4,0,28,4,4,63,1,0
2137,108,4,0,4.0,0,5856,47,56,0,218,14,43,4,0,28,4,4,63,1,0
2138,108,4,0,4.0,0,5856,49,56,0,217,15,41,4,0,28,4,4,63,1,0
2139,110,2,0,2.0,0,5856,51,56,0,217,11,43,4,0,28,4,5,64,1,0
2140,107,5,0,5.0,0,5856,54,56,0,217,8,43,4,0,28,2,4,64,1,0
2141,109,3,0,3.0,0,5856,55,56,0,217,7,43,4,0,28,2,5,65,1,0
2142,109,3,0,3.0,0,5856,31,84,0,217,7,39,6,0,28,2,4,65,1,2
2143,109,3,0,3.0,0,5856,34,84,0,217,6,37,6,0,28,2,4,65,1,0
2144,108,4,0,4.0,0,5856,36,84,0,217,5,36,6,0,28,2,3,65,1,0
2145,108,4,0,4.0,0,5856,38,84,0,215,6,35,6,0,27,3,3,65,1,0
2146,109,3,0,3.0,0,5856,43,84,0,212,9,30,6,0,27,3,3,65,1,0
2147,109,3,0,3.0,0,5856,45,84,0,212,9,28,6,0,27,3,3,65,1,0
2148,111,1,0,1.0,0,5856,49,56,28,211,9,25,4,4,27,2,3,66,1,0
2149,112,0,0,0.0,0,5856,23,84,28,211,9,23,6,4,27,2,4,66,1,2
2150,110,2,0,2.0,0,5856,27,84,28,211,9,19,6,4,27,2,2,66,1,0
2151,112,0,0,0.0,0,5856,31,84,28,209,11,15,6,4,27,3,2,66,1,0
2152,112,0,0,0.0,0,5856,34,84,28,209,11,12,6,4,27,3,2,66,1,0
2153,112,0,0,0.0,0,5856,34,84,28,208,12,12,6,4,26,4,2,66,1,0
2154,112,0,0,0.0,0,5856,34,84,28,208,12,12,6,4,26,4,2,66,1,0
2155,113,0,1,3.0,0,5856,34,56,56,206,14,12,4,7,26,4,2,66,1,0
2156,113,0,1,3.0,0,5856,34,56,56,206,14,12,4,7,26,4,2,66,1,2
2157,113,0,1,3.0,0,5856,38,56,56,206,14,8,4,7,26,4,2,66,1,0
2158,112,0,0,0.0,0,5856,41,56,56,203,17,5,4,7,26,4,1,66,1,0
2159,113,0,1,3.0,0,5856,42,56,56,196,24,4,4,7,25,6,1,66,1,0
2160,113,0,1,3.0,0,5856,42,56,56,196,24,4,4,7,25,6,1,66,1,0
2161,114,0,2,6.0,0,5856,43,56,56,192,28,3,4,7,24,7,1,66,1,0
2162,117,0,5,15.0,0,5856,44,28,84,192,28,2,2,11,24,7,1,66,2,0
2163,117,0,5,15.0,0,5856,45,28,84,191,29,1,2,11,24,7,1,66,2,1
2164,118,0,6,18.0,0,5856,45,28,84,188,32,1,2,11,24,8,1,66,2,0
2165,118,0,6,18.0,0,5856,45,28,84,187,33,1,2,11,24,8,1,66,2,0
2166,117,0,5,15.0,0,5856,46,28,84,183,37,0,2,11,23,9,0,66,2,0
2167,117,0,5,15.0,0,5856,46,28,84,180,40,0,2,11,23,9,0,66,2,0
2168,118,0,6,18.0,0,5856,46,28,84,177,43,0,2,11,23,10,0,66,2,0
2169,119,0,7,21.0,0,5856,46,0,112,175,45,0,0,14,22,11,0,66,2,0
2170,119,0,7,21.0,0,5856,46,0,112,171,49,0,0,14,22,11,0,66,2,0
2171,119,0,7,21.0,0,5856,46,0,112,167,53,0,0,14,21,12,0,66,2,0
2172,119,0,7,21.0,0,5856,46,0,112,166,54,0,0,14,21,12,0,66,2,0
2173,119,0,7,21.0,0,5856,46,0,112,166,54,0,0,14,21,12,0,66,2,0
2174,120,0,8,24.0,0,5856,46,0,112,161,59,0,0,14,21,13,0,66,2,0
2175,120,0,8,24.0,0,5856,46,0,112,154,66,0,0,14,20,14,0,66,2,0
2176,122,0,10,30.0,0,5856,46,0,112,151,68,1,0,14,19,15,1,67,2,0
2177,121,0,9,27.0,0,5856,46,0,112,150,68,2,0,14,19,14,1,67,2,0
2178,123,0,11,33.0,0,5856,46,0,84,173,70,5,0,11,22,15,2,67,2,0
2179,123,0,11,33.0,0,5856,46,0,84,171,72,5,0,11,22,15,2,67,2,0
2180,123,0,11,33.0,0,5856,46,0,84,167,76,5,0,11,21,16,2,67,2,0
2181,124,0,12,36.0,0,5856,46,0,84,162,81,5,0,11,21,17,2,67,2,0
2182,121,0,9,27.0,4,5860,46,0,84,158,85,5,0,11,20,18,2,64,2,0
2183,121,0,9,27.0,0,5860,46,0,84,156,87,5,0,11,20,18,2,64,2,0
2184,120,0,8,24.0,2,5862,46,0,84,153,90,5,0,11,20,18,2,63,2,0
2185,119,0,7,21.0,0,5862,46,0,56,168,94,14,0,7,21,18,3,64,2,0
2186,120,0,8,24.0,2,5864,46,0,56,165,94,17,0,7,21,17,3,66,2,0
2187,121,0,9,27.0,0,5864,46,0,56,164,95,17,0,7,21,18,3,66,2,0
2188,120,0,8,24.0,2,5866,46,0,56,160,98,18,0,7,20,19,3,65,2,0
2189,122,0,10,30.0,4,5870,46,0,56,155,103,18,0,7,20,19,3,67,2,0
2190,121,0,9,27.0,4,5874,46,0,56,153,105,18,0,7,20,20,3,65,2,0
2191,119,0,7,21.0,4,5878,46,0,56,151,105,20,0,7,19,20,3,64,2,0
2192,121,0,9,27.0,0,5878,46,0,28,174,107,23,0,4,22,21,4,64,2,0
2193,121,0,9,27.0,9,5887,46,0,28,169,111,24,0,4,22,20,5,64,2,0
2194,122,0,10,30.0,5,5892,47,0,28,164,116,23,0,4,21,21,5,65,2,0
2195,123,0,11,33.0,7,5899,48,0,28,161,117,24,0,4,21,22,5,65,2,0
2196,119,0,7,21.0,8,5907,51,0,28,156,122,21,0,4,20,22,3,64,2,0
2197,121,0,9,27.0,9,5916,51,0,28,154,124,21,0,4,20,23,3,65,2,0
2198,119,0,7,21.0,4,5920,51,0,28,151,124,24,0,4,19,23,3,64,2,0
2199,118,0,6,18.0,11,5931,51,0,0,168,125,34,0,0,21,24,4,63,2,0
2200,117,0,5,15.0,14,5945,51,0,0,166,127,34,0,0,21,24,4,62,2,0
2201,117,0,5,15.0,4,5949,51,0,0,163,126,38,0,0,21,23,5,62,2,0
2202,117,0,5,15.0,4,5953,51,0,0,160,129,38,0,0,20,23,5,63,2,0
2203,119,0,7,21.0,5,5958,60,0,0,155,133,30,0,0,20,24,5,63,2,0
2204,117,0,5,15.0,11,5969,63,0,0,152,133,30,0,0,19,24,4,63,2,0
2205,118,0,6,18.0,7,5976,63,0,0,150,134,31,0,0,19,24,4,64,2,0
2206,116,0,4,12.0,10,5986,64,0,0,148,132,34,0,0,19,24,4,62,2,0
2207,116,0,4,12.0,12,5998,64,0,0,142,135,37,0,0,18,25,5,61,2,0
2208,115,0,3,9.0,8,6006,64,0,0,138,136,40,0,0,18,25,5,60,2,0
2209,114,0,2,6.0,8,6014,66,0,0,135,137,40,0,0,17,25,5,60,2,0
2210,114,0,2,6.0,7,6021,69,0,0,134,134,41,0,0,17,24,5,61,2,0
2211,117,0,5,15.0,6,6027,70,0,0,129,135,44,0,0,17,25,6,62,2,0
2212,114,0,2,6.0,7,6034,70,0,0,127,136,45,0,0,16,24,6,61,2,0
2213,116,0,4,12.0,11,6045,72,0,0,123,140,43,0,0,16,25,5,62,2,0
2214,115,0,3,9.0,10,6055,72,0,0,118,140,48,0,0,15,25,6,61,2,0
2215,114,0,2,6.0,9,6064,72,0,0,116,135,55,0,0,15,25,6,60,2,0
2216,112,0,0,0.0,6,6070,75,0,0,114,134,55,0,0,15,24,6,59,2,0
2217,112,0,0,0.0,0,6070,85,0,0,112,135,46,0,0,14,24,5,60,2,0
2218,113,0,1,3.0,6,6076,85,0,0,111,133,49,0,0,14,24,5,61,2,0
2219,113,0,1,3.0,8,6084,61,28,0,108,134,47,2,0,14,25,5,60,2,0
2220,112,0,0,0.0,7,6091,61,28,0,108,130,51,2,0,14,24,5,60,2,0
2221,114,0,2,6.0,9,6100,62,28,0,106,127,55,2,0,14,23,5,63,2,0
2222,112,0,0,0.0,5,6105,65,28,0,106,123,56,2,0,14,22,6,61,2,0
2223,111,1,0,1.0,7,6112,66,28,0,105,122,57,2,0,14,23,6,59,2,0
2224,109,3,0,3.0,13,6125,70,28,0,104,120,56,2,0,13,22,6,59,2,0
2225,108,4,0,4.0,9,6134,73,28,0,103,115,59,2,0,13,21,5,59,2,0
2226,109,3,0,3.0,5,6139,48,56,0,103,112,59,4,0,13,21,5,61,1,1
2227,109,3,0,3.0,2,6141,50,56,0,102,112,58,4,0,13,21,6,60,1,0
2228,108,4,0,4.0,15,6156,54,56,0,102,108,58,4,0,13,20,6,60,1,0
2229,109,3,0,3.0,4,6160,58,56,0,100,105,59,4,0,13,19,5,62,1,0
2230,108,4,0,4.0,6,6166,59,56,0,100,103,60,4,0,13,18,6,61,1,0
2231,107,5,0,5.0,5,6171,59,56,0,100,101,62,4,0,13,19,6,59,1,0
2232,106,6,0,6.0,10,6181,64,56,0,98,101,59,4,0,13,18,6,59,1,0
2233,106,6,0,6.0,9,6190,43,84,0,97,97,57,6,0,13,18,5,59,1,2
2234,106,6,0,6.0,9,6199,46,84,0,97,92,59,6,0,13,17,5,60,1,0
2235,106,6,0,6.0,8,6207,47,84,0,97,89,61,6,0,13,17,6,59,1,0
2236,106,6,0,6.0,4,6211,50,84,0,97,84,63,6,0,13,16,6,60,1,0
2237,105,7,0,7.0,6,6217,52,84,0,97,82,63,6,0,13,15,5,61,1,0
2238,105,7,0,7.0,4,6221,56,84,0,97,79,62,6,0,13,14,6,61,1,0
2239,105,7,0,7.0,9,6230,61,56,28,97,71,65,4,4,13,14,5,59,1,0
2240,104,8,0,8.0,8,6238,37,84,28,97,69,63,6,4,13,13,5,59,1,2
2241,105,7,0,7.0,4,6242,39,84,28,97,66,64,6,4,13,12,6,60,1,0
2242,105,7,0,7.0,7,6249,42,84,28,97,63,64,6,4,13,12,6,60,1,0
2243,104,8,0,8.0,17,6266,48,84,28,97,58,63,6,4,13,11,6,59,1,0
2244,105,7,0,7.0,10,6276,51,84,28,97,55,63,6,4,13,11,6,60,1,0
2245,105,7,0,7.0,2,6278,52,84,28,97,53,64,6,4,13,10,6,61,1,0
2246,105,7,0,7.0,6,6284,56,56,56,97,51,62,4,7,13,9,7,60,1,0
2247,103,9,0,9.0,4,6288,33,84,56,97,45,63,6,7,13,9,6,58,1,2
2248,102,10,0,10.0,7,6295,35,84,56,97,41,65,6,7,13,8,5,59,1,0
2249,103,9,0,9.0,13,6308,37,84,56,97,38,66,6,7,13,7,6,60,1,0
2250,103,9,0,9.0,8,6316,39,84,56,97,37,65,6,7,13,7,6,60,1,0
2251,103,9,0,9.0,2,6318,44,84,56,97,32,65,6,7,13,6,6,60,1,0
2252,103,9,0,9.0,2,6320,49,84,56,97,30,62,6,7,13,6,6,60,1,0
2253,106,6,0,6.0,8,6328,52,56,84,97,26,63,4,11,13,5,6,62,1,0
2254,106,6,0,6.0,9,6337,29,84,84,97,21,63,6,11,13,4,6,62,1,2
2255,103,9,0,9.0,5,6342,31,84,84,97,19,63,6,11,13,4,6,59,1,0
2256,103,9,0,9.0,2,6344,34,84,84,97,17,62,6,11,13,4,6,59,1,0
2257,103,9,0,9.0,5,6349,42,84,84,97,15,56,6,11,13,3,5,61,1,0
2258,104,8,0,8.0,5,6354,44,84,84,97,14,55,6,11,13,3,5,61,1,0
2259,102,10,0,10.0,5,6359,47,84,84,97,11,55,6,11,13,2,5,60,1,0
2260,103,9,0,9.0,2,6361,50,56,112,97,11,52,4,14,13,2,5,60,1,0
2261,105,7,0,7.0,2,6363,27,84,112,97,9,49,6,14,13,2,5,62,1,2
2262,105,7,0,7.0,3,6366,30,84,112,97,9,46,6,14,13,2,5,61,1,0
2263,103,9,0,9.0,2,6368,32,84,112,97,8,45,6,14,13,2,5,59,1,0
2264,103,9,0,9.0,0,6368,34,84,112,97,7,44,6,14,13,2,5,59,1,0
2265,103,9,0,9.0,3,6371,40,84,112,97,6,39,6,14,13,1,4,61,1,0
2266,104,8,0,8.0,0,6371,44,84,112,97,6,35,6,14,13,1,4,61,1,0
2267,106,6,0,6.0,0,6371,47,56,140,97,5,33,4,18,13,1,4,61,1,0
2268,106,6,0,6.0,0,6371,20,84,140,97,5,32,6,18,13,1,4,61,1,2
2269,106,6,0,6.0,7,6378,25,84,112,121,3,33,6,14,16,1,5,61,1,0
2270,106,6,0,6.0,0,6378,27,84,112,121,3,31,6,14,16,1,5,61,1,0
2271,104,8,0,8.0,2,6380,31,84,112,121,3,27,6,14,16,1,4,59,1,0
2272,104,8,0,8.0,0,6380,36,84,112,121,1,24,6,14,16,1,4,59,1,0
2273,104,8,0,8.0,0,6380,38,84,112,121,0,23,6,14,16,0,4,60,1,0
2274,106,6,0,6.0,0,6380,40,56,140,121,0,21,4,18,16,0,4,60,1,0
2275,105,7,0,7.0,0,6380,14,84,140,121,0,19,6,18,16,0,3,60,1,2
2276,106,6,0,6.0,3,6383,15,84,112,145,0,22,6,14,19,0,3,61,1,0
2277,106,6,0,6.0,0,6383,18,84,112,145,0,19,6,14,19,0,3,61,1,0
2278,106,6,0,6.0,0,6383,18,84,112,145,0,19,6,14,19,0,3,61,1,0
2279,106,6,0,6.0,0,6383,20,84,112,143,2,17,6,14,18,1,3,61,1,0
2280,106,6,0,6.0,0,6383,20,84,112,142,3,17,6,14,18,1,3,61,1,0
2281,108,4,0,4.0,4,6387,21,56,140,138,7,16,4,18,18,2,3,60,1,0
2282,108,4,0,4.0,2,6389,1,77,140,137,8,15,6,18,18,2,3,59,1,2
2283,107,5,0,5.0,0,6389,2,77,112,162,8,17,6,14,21,2,3,59,1,0
2284,107,5,0,5.0,2,6391,2,77,112,162,8,17,6,14,21,2,3,59,1,0
2285,107,5,0,5.0,2,6393,3,77,112,161,9,16,6,14,21,2,3,59,1,0
2286,107,5,0,5.0,0,6393,3,77,112,156,14,16,6,14,20,3,3,59,1,0
2287,106,6,0,6.0,2,6395,9,77,112,152,18,10,6,14,19,4,2,59,1,0
2288,108,4,0,4.0,3,6398,9,49,140,150,20,10,4,18,19,4,2,59,1,0
2289,108,4,0,4.0,5,6403,0,58,140,149,21,10,5,18,19,5,2,58,1,2
2290,108,4,0,4.0,0,6403,2,58,112,168,24,14,5,14,21,5,3,58,1,0
2291,108,4,0,4.0,0,6403,3,58,112,163,29,13,5,14,21,6,2,58,1,0
2292,108,4,0,4.0,0,6403,3,58,112,159,33,13,5,14,20,7,2,58,1,0
2293,108,4,0,4.0,0,6403,3,58,112,157,35,13,5,14,20,7,2,58,1,0
2294,107,5,0,5.0,0,6403,7,58,112,152,40,9,5,14,19,8,1,58,1,0
2295,111,1,0,1.0,0,6403,7,30,140,150,42,9,3,18,19,9,1,58,2,0
2296,111,1,0,1.0,0,6403,0,37,140,145,47,9,3,18,19,10,1,58,2,2
2297,110,2,0,2.0,0,6403,0,37,112,167,49,13,3,14,21,10,2,58,2,0
2298,110,2,0,2.0,2,6405,0,37,112,164,52,13,3,14,21,10,2,58,2,0
2299,111,1,0,1.0,0,6405,0,37,112,161,55,13,3,14,21,11,2,58,2,0
2300,111,1,0,1.0,0,6405,0,37,112,155,61,13,3,14,20,12,2,58,2,0
2301,111,1,0,1.0,0,6405,3,37,112,151,65,10,3,14,19,13,1,58,2,0
2302,113,0,1,3.0,0,6405,3,16,133,149,67,10,2,17,19,13,1,58,2,0
2303,115,0,3,9.0,3,6408,3,16,133,146,70,10,2,17,19,14,1,59,2,2
2304,115,0,3,9.0,3,6411,3,16,105,166,73,15,2,14,21,14,2,59,2,0
2305,114,0,2,6.0,4,6415,3,16,105,162,77,15,2,14,21,15,2,57,2,0
2306,115,0,3,9.0,6,6421,3,16,105,161,78,15,2,14,21,15,2,58,2,0
2307,114,0,2,6.0,2,6423,3,16,105,159,80,15,2,14,20,16,2,57,2,0
2308,113,0,1,3.0,0,6423,9,16,105,158,81,9,2,14,20,16,1,57,2,0
2309,113,0,1,3.0,3,6426,9,7,114,153,86,9,1,15,20,17,1,56,2,0
2310,112,0,0,0.0,0,6426,9,7,114,152,87,9,1,15,19,17,1,56,2,1
2311,114,0,2,6.0,2,6428,9,7,86,175,90,11,1,11,22,18,2,57,2,0
2312,114,0,2,6.0,0,6428,9,7,86,173,92,11,1,11,22,18,2,57,2,0
2313,112,0,0,0.0,2,6430,9,7,86,172,93,11,1,11,22,18,2,55,2,0
2314,114,0,2,6.0,7,6437,9,7,86,171,94,11,1,11,22,19,2,56,2,0
2315,113,0,1,3.0,0,6437,13,7,86,170,95,7,1,11,22,19,1,56,2,0
2316,113,0,1,3.0,0,6437,13,0,93,170,95,7,0,12,22,19,1,56,2,0
2317,112,0,0,0.0,5,6442,13,0,93,169,96,7,0,12,22,19,1,55,2,0
2318,112,0,0,0.0,2,6444,13,0,65,194,97,9,0,9,25,19,2,54,2,0
2319,113,0,1,3.0,5,6449,13,0,65,194,95,11,0,9,25,18,3,55,2,0
2320,113,0,1,3.0,12,6461,13,0,65,194,94,12,0,9,25,18,3,55,2,0
2321,110,2,0,2.0,9,6470,13,0,65,194,90,16,0,9,25,17,3,53,2,0
2322,113,0,1,3.0,5,6475,18,0,65,194,89,12,0,9,25,18,2,55,2,0
2323,112,0,0,0.0,4,6479,18,0,65,194,89,12,0,9,25,18,2,54,2,0
2324,112,0,0,0.0,7,6486,4,14,65,194,89,12,1,9,25,18,2,54,2,0
2325,110,2,0,2.0,7,6493,4,14,37,221,88,14,1,5,28,17,3,53,2,0
2326,109,3,0,3.0,6,6499,4,14,37,221,83,19,1,5,28,16,3,53,2,0
2327,110,2,0,2.0,4,6503,4,14,37,221,79,23,1,5,28,15,4,54,2,0
2328,110,2,0,2.0,5,6508,4,14,37,221,77,25,1,5,28,15,4,54,2,0
2329,107,5,0,5.0,1,6509,6,14,37,221,76,24,1,5,28,14,3,53,2,0
2330,109,3,0,3.0,4,6513,6,14,37,221,73,27,1,5,28,14,3,55,2,0
2331,110,2,0,2.0,4,6517,6,14,37,221,68,32,1,5,28,14,4,55,2,1
2332,109,3,0,3.0,7,6524,6,14,16,238,64,40,1,2,30,13,5,55,2,0
2333,108,4,0,4.0,2,6526,6,14,16,238,62,42,1,2,30,12,5,55,2,0
2334,106,6,0,6.0,9,6535,6,14,16,238,57,47,1,2,30,11,5,54,2,0
2335,108,4,0,4.0,6,6541,6,14,16,238,55,49,1,2,30,11,6,55,2,0
2336,106,6,0,6.0,5,6546,8,14,16,238,50,52,1,2,30,10,5,55,2,0
2337,106,6,0,6.0,4,6550,10,14,16,238,48,52,1,2,30,9,6,55,2,0
2338,107,5,0,5.0,12,6562,1,24,16,238,45,54,2,2,30,9,6,55,2,1
2339,107,5,0,5.0,4,6566,5,24,7,244,42,56,2,1,31,9,6,55,2,0
2340,107,5,0,5.0,10,6576,6,24,7,244,36,61,2,1,31,8,6,56,2,0
2341,106,6,0,6.0,5,6581,6,24,7,244,32,65,2,1,31,7,7,55,2,0
2342,105,7,0,7.0,7,6588,6,24,7,244,30,67,2,1,31,6,7,55,2,0
2343,105,7,0,7.0,10,6598,8,24,7,244,27,68,2,1,31,6,7,55,2,0
2344,104,8,0,8.0,7,6605,13,10,21,244,24,66,1,3,31,5,6,55,2,0
2345,105,7,0,7.0,0,6605,4,23,21,244,20,66,2,3,31,4,6,56,2,1
2346,106,6,0,6.0,0,6605,6,23,14,249,19,67,2,2,32,4,7,56,2,0
2347,106,6,0,6.0,0,6605,7,23,14,249,17,68,2,2,32,4,7,56,2,0
2348,107,5,0,5.0,0,6605,10,23,14,249,16,66,2,2,32,4,7,57,2,0
2349,106,6,0,6.0,8,6613,15,23,14,249,11,66,2,2,32,3,7,56,2,0
2350,103,9,0,9.0,6,6619,23,23,14,249,10,59,2,2,32,2,6,55,2,0
2351,105,7,0,7.0,2,6621,25,23,14,249,7,60,2,2,32,2,7,56,2,0
2352,103,9,0,9.0,0,6621,5,48,14,249,5,57,4,2,32,1,6,56,1,2
2353,103,9,0,9.0,2,6623,7,48,14,249,4,56,4,2,32,1,6,56,1,0
2354,103,9,0,9.0,2,6625,12,48,14,249,3,52,4,2,32,1,6,56,1,0
2355,104,8,0,8.0,2,6627,14,48,14,249,2,51,4,2,32,1,6,57,1,0
2356,105,7,0,7.0,0,6627,17,48,14,249,2,48,4,2,32,1,6,57,1,0
2357,105,7,0,7.0,0,6627,23,48,14,249,1,43,4,2,32,1,6,57,1,0
2358,104,8,0,8.0,3,6630,29,38,24,249,0,38,3,3,32,0,5,56,2,0
2359,103,9,0,9.0,0,6630,5,66,24,249,0,34,5,3,32,0,5,56,1,2
2360,102,10,0,10.0,0,6630,7,66,24,249,0,32,5,3,32,0,4,56,1,0
2361,102,10,0,10.0,0,6630,10,66,24,249,0,29,5,3,32,0,4,56,1,0
2362,102,10,0,10.0,0,6630,13,66,24,249,0,26,5,3,32,0,4,56,1,0
2363,103,9,0,9.0,0,6630,17,66,24,249,0,22,5,3,32,0,4,56,1,0
2364,102,10,0,10.0,0,6630,20,66,24,249,0,19,5,3,32,0,3,56,1,0
2365,103,9,0,9.0,0,6630,22,53,37,249,0,17,4,5,32,0,3,56,1,0
2366,103,9,0,9.0,0,6630,1,75,37,248,1,16,6,5,31,1,2,56,1,2
2367,103,9,0,9.0,0,6630,6,75,37,248,1,11,6,5,31,1,2,56,1,0
2368,102,10,0,10.0,0,6630,7,75,37,248,1,10,6,5,31,1,1,56,1,0
2369,102,10,0,10.0,0,6630,10,75,37,243,6,7,6,5,31,1,1,56,1,0
2370,103,9,0,9.0,0,6630,12,75,37,242,7,5,6,5,31,2,1,56,1,0
2371,103,9,0,9.0,0,6630,13,75,37,242,7,4,6,5,31,2,1,56,1,0
2372,103,9,0,9.0,0,6630,14,50,62,240,9,3,4,8,30,2,1,56,1,0
2373,104,8,0,8.0,0,6630,1,64,62,238,11,2,5,8,30,2,1,56,1,2
2374,106,6,0,6.0,0,6630,1,64,48,249,13,3,5,6,32,3,2,56,1,0
2375,105,7,0,7.0,0,6630,2,64,48,246,16,2,5,6,31,3,2,56,1,0
2376,105,7,0,7.0,0,6630,3,64,48,243,19,1,5,6,31,4,1,56,1,0
2377,105,7,0,7.0,0,6630,3,64,48,241,21,1,5,6,31,4,1,56,1,0
2378,105,7,0,7.0,0,6630,3,64,48,237,25,1,5,6,30,5,1,56,1,0
2379,108,4,0,4.0,0,6630,3,36,76,235,27,1,3,10,30,5,1,56,2,0
2380,108,4,0,4.0,0,6630,3,36,76,233,29,1,3,10,30,5,1,56,2,2
2381,108,4,0,4.0,0,6630,3,36,76,229,33,1,3,10,29,6,1,56,2,0
2382,109,3,0,3.0,0,6630,3,36,76,226,36,1,3,10,29,7,1,56,2,0
2383,109,3,0,3.0,0,6630,3,36,76,222,40,1,3,10,28,8,1,56,2,0
2384,109,3,0,3.0,0,6630,3,36,76,220,42,1,3,10,28,8,1,56,2,0
2385,109,3,0,3.0,0,6630,3,36,76,218,44,1,3,10,28,8,1,56,2,0
2386,110,2,0,2.0,3,6633,3,14,98,214,48,1,1,13,27,9,1,56,2,0
2387,111,1,0,1.0,2,6635,3,14,98,214,48,1,1,13,27,9,1,57,2,1
2388,110,2,0,2.0,2,6637,3,14,88,219,52,2,1,11,28,10,2,55,2,0
2389,109,3,0,3.0,0,6637,3,14,88,216,55,2,1,11,27,10,2,55,2,0
2390,110,2,0,2.0,0,6637,3,14,88,213,58,2,1,11,27,11,2,55,2,0
2391,110,2,0,2.0,0,6637,3,14,88,208,63,2,1,11,26,12,2,55,2,0
2392,109,3,0,3.0,0,6637,4,14,88,205,66,1,1,11,26,12,1,55,2,0
2393,111,1,0,1.0,0,6637,4,0,102,202,69,1,0,13,26,13,1,55,2,0
2394,111,1,0,1.0,0,6637,4,0,102,197,74,1,0,13,25,14,1,55,2,0
2395,112,0,0,0.0,4,6641,4,0,89,200,81,4,0,12,25,15,1,56,2,0
2396,110,2,0,2.0,6,6647,4,0,89,198,83,4,0,12,25,15,1,54,2,0
2397,111,1,0,1.0,0,6647,4,0,89,195,86,4,0,12,25,16,1,54,2,0
2398,111,1,0,1.0,2,6649,4,0,89,193,88,4,0,12,25,17,1,53,2,0
2399,110,2,0,2.0,0,6649,4,0,89,191,90,4,0,12,24,17,1,53,2,0
2400,111,1,0,1.0,0,6649,4,0,89,188,93,4,0,12,24,18,1,53,2,0
2401,110,2,0,2.0,5,6654,4,0,89,184,97,4,0,12,23,18,1,53,2,0
2402,110,2,0,2.0,0,6654,4,0,64,198,100,12,0,8,25,19,2,53,2,0
2403,111,1,0,1.0,2,6656,4,0,64,198,100,12,0,8,25,19,2,54,2,0
2404,111,1,0,1.0,0,6656,4,0,64,197,101,12,0,8,25,19,2,54,2,0
2405,110,2,0,2.0,5,6661,4,0,64,196,102,12,0,8,25,19,2,53,2,0
2406,110,2,0,2.0,0,6661,5,0,64,191,106,12,0,8,24,19,2,54,2,0
2407,110,2,0,2.0,0,6661,5,0,64,188,109,12,0,8,24,19,2,54,2,0
2408,108,4,0,4.0,8,6669,5,0,64,182,115,12,0,8,23,20,2,52,2,0
2409,108,4,0,4.0,15,6684,5,0,36,199,113,25,0,5,25,21,3,51,2,0
2410,109,3,0,3.0,0,6684,5,0,36,198,113,26,0,5,25,22,3,51,2,0
2411,110,2,0,2.0,9,6693,5,0,36,194,117,26,0,5,25,22,3,52,2,0
2412,110,2,0,2.0,0,6693,5,0,36,190,119,28,0,5,24,22,3,53,2,0
2413,107,5,0,5.0,2,6695,8,0,36,187,120,27,0,5,24,22,3,50,2,0
2414,110,2,0,2.0,6,6701,8,0,36,184,121,29,0,5,23,22,4,53,2,0
2415,110,2,0,2.0,2,6703,0,8,36,179,123,32,1,5,23,22,4,53,2,0
2416,108,4,0,4.0,8,6711,0,8,14,192,124,40,1,2,24,22,5,52,2,0
2417,108,4,0,4.0,7,6718,0,8,14,191,123,42,1,2,24,23,5,51,2,0
2418,108,4,0,4.0,7,6725,0,8,14,187,123,46,1,2,24,22,5,52,2,0
2419,109,3,0,3.0,4,6729,0,8,14,182,126,48,1,2,23,23,6,52,2,0
2420,108,4,0,4.0,9,6738,8,8,14,175,131,42,1,2,22,24,4,52,2,0
2421,106,6,0,6.0,7,6745,8,8,14,173,129,46,1,2,22,24,4,50,2,0
2422,109,3,0,3.0,2,6747,0,16,14,168,131,49,2,2,21,24,5,53,2,1
2423,109,3,0,3.0,0,6747,0,16,0,176,131,55,2,0,22,24,6,53,2,0
2424,109,3,0,3.0,11,6758,1,16,0,172,133,56,2,0,22,24,6,52,2,0
2425,110,2,0,2.0,15,6773,1,16,0,171,132,58,2,0,22,25,7,51,2,0
2426,109,3,0,3.0,6,6779,1,16,0,168,131,62,2,0,21,24,7,52,2,0
2427,109,3,0,3.0,2,6781,14,16,0,162,137,49,2,0,21,25,6,52,2,0
2428,109,3,0,3.0,7,6788,15,16,0,157,138,52,2,0,20,25,6,52,2,0
2429,108,4,0,4.0,4,6792,1,30,0,153,139,55,3,0,20,26,6,50,2,2
2430,109,3,0,3.0,7,6799,3,30,0,146,143,56,3,0,19,26,6,52,2,0
2431,110,2,0,2.0,9,6808,5,30,0,138,146,59,3,0,18,27,6,53,2,0
2432,107,5,0,5.0,8,6816,7,30,0,135,146,60,3,0,17,27,6,51,2,0
2433,108,4,0,4.0,4,6820,10,30,0,132,146,60,3,0,17,27,6,52,2,0
2434,107,5,0,5.0,7,6827,18,30,0,132,141,57,3,0,17,25,6,52,2,0
2435,107,5,0,5.0,12,6839,20,22,8,129,137,62,2,1,17,25,6,52,2,0
2436,107,5,0,5.0,7,6846,10,36,8,127,137,60,3,1,16,24,7,53,2,2
2437,106,6,0,6.0,2,6848,12,36,8,125,136,61,3,1,16,25,7,51,2,0
2438,107,5,0,5.0,8,6856,14,36,8,122,137,61,3,1,16,25,7,52,2,0
2439,108,4,0,4.0,10,6866,18,36,8,118,139,59,3,1,15,26,7,52,2,0
2440,107,5,0,5.0,5,6871,21,36,8,115,139,59,3,1,15,26,7,51,2,0
2441,105,7,0,7.0,3,6874,27,36,8,114,136,57,3,1,15,25,5,52,2,0
2442,106,6,0,6.0,3,6877,29,28,16,113,134,58,2,2,15,24,5,53,2,0
2443,103,9,0,9.0,11,6888,3,56,16,111,136,56,4,2,14,24,5,52,1,2
2444,104,8,0,8.0,10,6898,7,56,16,110,136,53,4,2,14,24,6,52,1,0
2445,103,9,0,9.0,6,6904,7,56,16,110,135,54,4,2,14,25,6,50,1,0
2446,102,10,0,10.0,10,6914,11,56,16,109,131,55,4,2,14,24,6,50,1,0
2447,104,8,0,8.0,4,6918,14,56,16,109,128,55,4,2,14,24,6,52,1,0
2448,105,7,0,7.0,7,6925,17,56,16,108,123,58,4,2,14,24,6,52,1,0
2449,105,7,0,7.0,17,6942,22,42,30,106,122,56,3,4,14,24,5,51,2,0
2450,104,8,0,8.0,4,6946,3,64,30,106,121,54,5,4,14,23,5,51,1,2
2451,102,10,0,10.0,8,6954,6,64,30,106,117,55,5,4,14,21,5,51,1,0
2452,101,11,0,11.0,6,6960,11,64,30,104,115,54,5,4,13,20,5,52,1,0
2453,102,10,0,10.0,10,6970,18,64,30,103,113,50,5,4,13,22,5,50,1,0
2454,100,12,0,12.0,7,6977,20,64,30,103,110,51,5,4,13,20,5,50,1,0
2455,104,8,0,8.0,4,6981,23,64,30,101,107,53,5,4,13,21,6,52,1,0
2456,103,9,0,9.0,4,6985,25,50,44,99,105,55,4,6,13,21,5,51,1,0
2457,105,7,0,7.0,11,6996,2,75,44,99,104,54,6,6,13,21,6,51,1,2
2458,103,9,0,9.0,11,7007,5,75,44,99,100,55,6,6,13,20,5,51,1,0
2459,101,11,0,11.0,7,7014,9,75,44,99,95,56,6,6,13,18,5,51,1,0
2460,101,11,0,11.0,3,7017,12,75,44,99,88,60,6,6,13,16,6,52,1,0
2461,100,12,0,12.0,12,7029,12,75,44,98,87,62,6,6,13,17,6,50,1,0
2462,100,12,0,12.0,4,7033,13,75,44,98,82,66,6,6,13,16,6,51,1,0
2463,103,9,0,9.0,8,7041,14,47,72,98,78,69,4,9,13,16,7,52,1,0
2464,103,9,0,9.0,10,7051,5,61,72,98,74,68,5,9,13,16,6,52,1,2
2465,105,7,0,7.0,3,7054,8,61,64,105,73,67,5,8,14,16,8,52,1,0
2466,103,9,0,9.0,4,7058,14,61,64,105,70,64,5,8,14,15,7,52,1,0
2467,102,10,0,10.0,4,7062,17,61,64,105,64,67,5,8,14,13,7,52,1,0
2468,101,11,0,11.0,2,7064,18,61,64,105,59,71,5,8,14,11,7,53,1,0
2469,102,10,0,10.0,7,7071,22,61,64,105,55,71,5,8,14,11,8,53,1,0
2470,105,7,0,7.0,0,7071,26,39,86,105,48,74,3,11,14,10,8,55,2,0
2471,106,6,0,6.0,4,7075,3,65,86,105,40,79,5,11,14,9,9,56,1,2
2472,105,7,0,7.0,0,7075,6,65,78,110,38,81,5,10,14,10,8,56,1,0
2473,106,6,0,6.0,2,7077,11,65,78,110,35,79,5,10,14,10,8,57,1,0
2474,107,5,0,5.0,2,7079,15,65,78,108,37,75,5,10,14,10,8,57,1,0
2475,104,8,0,8.0,2,7081,16,65,78,107,35,77,5,10,14,8,8,56,1,0
2476,103,9,0,9.0,0,7081,20,65,78,106,34,75,5,10,14,7,8,56,1,0
2477,105,7,0,7.0,2,7083,25,40,103,105,33,72,3,13,14,7,8,56,2,0
2478,106,6,0,6.0,0,7083,7,65,103,104,31,68,5,13,13,8,8,57,1,2
2479,105,7,0,7.0,4,7087,9,65,89,118,27,70,5,12,15,7,7,57,1,0
2480,107,5,0,5.0,0,7087,14,65,89,116,26,68,5,12,15,8,7,58,1,0
2481,108,4,0,4.0,0,7087,18,65,89,116,25,65,5,12,15,8,7,58,1,0
2482,108,4,0,4.0,4,7091,22,65,89,115,25,62,5,12,15,8,7,58,1,0
2483,106,6,0,6.0,2,7093,24,65,89,115,23,62,5,12,15,7,7,57,1,0
2484,106,6,0,6.0,0,7093,27,51,103,115,22,60,4,13,15,6,7,58,1,0
2485,107,5,0,5.0,0,7093,6,78,103,114,23,54,6,13,15,6,7,58,1,2
2486,109,3,0,3.0,0,7093,11,78,89,126,22,52,6,12,16,6,8,59,1,0
2487,109,3,0,3.0,0,7093,15,78,89,126,22,48,6,12,16,6,7,59,1,0
2488,109,3,0,3.0,0,7093,22,78,89,125,22,42,6,12,16,7,6,59,1,0
2489,110,2,0,2.0,0,7093,30,78,89,125,20,36,6,12,16,7,6,59,1,0
2490,109,3,0,3.0,0,7093,35,78,89,124,21,31,6,12,16,7,5,59,1,0
2491,109,3,0,3.0,0,7093,38,52,115,124,21,28,4,15,16,7,4,59,1,0
2492,109,3,0,3.0,0,7093,10,80,115,123,20,30,6,15,16,6,5,59,1,2
2493,107,5,0,5.0,0,7093,13,80,87,145,21,32,6,11,19,5,5,59,1,0
2494,107,5,0,5.0,0,7093,15,80,87,145,21,30,6,11,19,5,4,59,1,0
2495,109,3,0,3.0,0,7093,17,80,87,143,21,30,6,11,18,6,5,60,1,0
2496,108,4,0,4.0,0,7093,20,80,87,143,19,29,6,11,18,6,4,60,1,0
2497,108,4,0,4.0,0,7093,24,80,87,143,19,25,6,11,18,6,4,60,1,0
2498,109,3,0,3.0,0,7093,27,55,112,141,21,22,4,14,18,7,3,60,1,0
2499,110,2,0,2.0,0,7093,1,82,112,140,22,21,6,14,18,7,3,60,1,2
2500,111,1,0,1.0,0,7093,2,82,90,160,23,21,6,12,20,7,4,60,1,0
2501,112,0,0,0.0,0,7093,4,82,90,157,25,20,6,12,20,7,5,60,1,0
2502,111,1,0,1.0,0,7093,5,82,90,157,25,19,6,12,20,7,4,60,1,0
2503,111,1,0,1.0,0,7093,5,82,90,153,29,19,6,12,20,7,4,60,1,0
2504,110,2,0,2.0,0,7093,8,82,90,151,31,16,6,12,19,8,3,60,1,0
2505,111,1,0,1.0,0,7093,8,55,117,149,33,16,4,15,19,8,3,60,1,0
2506,112,0,0,0.0,0,7093,1,63,117,149,33,15,5,15,19,8,3,60,1,2
2507,113,0,1,3.0,0,7093,3,63,92,165,36,19,5,12,21,9,4,60,1,0
2508,113,0,1,3.0,0,7093,3,63,92,165,36,19,5,12,21,9,4,60,1,0
2509,113,0,1,3.0,0,7093,3,63,92,162,39,19,5,12,21,9,4,60,1,0
2510,113,0,1,3.0,0,7093,5,63,92,159,42,17,5,12,20,10,4,60,1,0
2511,111,1,0,1.0,0,7093,10,63,92,158,43,12,5,12,20,10,2,60,1,0
2512,115,0,3,9.0,0,7093,10,35,120,155,45,13,3,15,20,10,3,61,2,0
2513,114,0,2,6.0,0,7093,12,35,120,151,49,11,3,15,19,10,3,61,2,2
2514,116,0,4,12.0,0,7093,14,35,106,160,49,14,3,14,20,11,4,61,2,0
2515,116,0,4,12.0,0,7093,14,35,106,157,51,15,3,14,20,11,4,61,2,0
2516,116,0,4,12.0,0,7093,14,35,106,150,57,16,3,14,19,12,4,61,2,0
2517,117,0,5,15.0,0,7093,14,35,106,146,60,17,3,14,19,13,4,61,2,0
2518,118,0,6,18.0,0,7093,15,35,106,145,60,17,3,14,19,13,3,62,2,0
2519,117,0,5,15.0,0,7093,16,8,133,144,61,16,1,17,18,13,2,62,2,0
2520,118,0,6,18.0,0,7093,16,8,133,142,61,18,1,17,18,12,3,63,2,1
2521,120,0,8,24.0,0,7093,16,8,107,163,62,22,1,14,21,13,4,63,2,0
2522,120,0,8,24.0,0,7093,16,8,107,159,65,23,1,14,20,14,4,63,2,0
2523,120,0,8,24.0,0,7093,16,8,107,158,66,23,1,14,20,14,4,63,2,0
2524,120,0,8,24.0,0,7093,16,8,107,155,69,23,1,14,20,14,4,63,2,0
2525,119,0,7,21.0,0,7093,22,8,107,153,70,18,1,14,20,14,3,63,2,0
2526,119,0,7,21.0,0,7093,22,0,115,150,73,18,0,15,19,15,3,63,2,0
2527,119,0,7,21.0,0,7093,22,0,115,147,76,18,0,15,19,15,3,63,2,0
2528,121,0,9,27.0,0,7093,22,0,90,170,75,21,0,12,22,14,5,64,2,0
2529,121,0,9,27.0,4,7097,22,0,90,169,76,21,0,12,22,15,5,63,2,0
2530,121,0,9,27.0,2,7099,23,0,90,167,77,21,0,12,21,15,5,64,2,0
2531,122,0,10,30.0,8,7107,23,0,90,165,79,21,0,12,21,16,5,64,2,0
2532,119,0,7,21.0,2,7109,28,0,90,163,80,17,0,12,21,16,3,63,2,0
2533,120,0,8,24.0,0,7109,29,0,90,162,79,18,0,12,21,15,4,63,2,0
2534,120,0,8,24.0,0,7109,30,0,90,160,81,17,0,12,20,16,4,63,2,0
2535,121,0,9,27.0,2,7111,31,0,63,186,79,19,0,8,24,16,4,64,2,0
2536,119,0,7,21.0,11,7122,32,0,63,186,79,18,0,8,24,16,4,62,2,0
2537,118,0,6,18.0,8,7130,32,0,63,186,79,18,0,8,24,16,4,61,2,0
2538,121,0,9,27.0,4,7134,34,0,63,185,78,18,0,8,24,16,5,63,2,0
2539,119,0,7,21.0,2,7136,38,0,63,185,77,15,0,8,24,15,4,63,2,0
2540,118,0,6,18.0,7,7143,39,0,63,185,76,15,0,8,24,15,3,63,2,0
2541,117,0,5,15.0,10,7153,39,0,63,185,73,18,0,8,24,15,4,61,2,0
2542,117,0,5,15.0,10,7163,39,0,35,207,73,24,0,5,26,15,5,61,2,0
2543,117,0,5,15.0,4,7167,40,0,35,207,69,27,0,5,26,15,4,62,2,0
2544,113,0,1,3.0,11,7178,40,0,35,207,67,29,0,5,26,13,4,60,2,0
2545,114,0,2,6.0,3,7181,40,0,35,207,65,31,0,5,26,13,5,60,2,0
2546,114,0,2,6.0,10,7191,43,0,35,207,65,28,0,5,26,13,4,60,2,0
2547,115,0,3,9.0,4,7195,43,0,35,207,62,31,0,5,26,12,5,61,2,0
2548,114,0,2,6.0,7,7202,44,0,35,207,62,30,0,5,26,12,4,61,2,0
2549,114,0,2,6.0,6,7208,44,0,8,230,59,37,0,1,29,12,6,60,2,0
2550,113,0,1,3.0,14,7222,45,0,8,230,56,39,0,1,29,12,5,60,2,0
2551,114,0,2,6.0,8,7230,47,0,8,230,55,38,0,1,29,12,6,60,2,0
2552,110,2,0,2.0,6,7236,47,0,8,230,52,41,0,1,29,10,6,58,2,0
2553,109,3,0,3.0,6,7242,50,0,8,230,48,42,0,1,29,10,5,58,2,0
2554,108,4,0,4.0,6,7248,50,0,8,230,46,44,0,1,29,9,5,58,2,0
2555,109,3,0,3.0,9,7257,22,28,8,230,43,47,2,1,29,8,6,59,2,0
2556,109,3,0,3.0,2,7259,24,28,0,237,36,53,2,0,30,7,6,60,2,0
2557,110,2,0,2.0,4,7263,25,28,0,237,32,56,2,0,30,7,7,60,2,0
2558,109,3,0,3.0,2,7265,26,28,0,237,31,56,2,0,30,7,6,60,2,0
2559,111,1,0,1.0,10,7275,29,28,0,237,30,54,2,0,30,7,7,60,2,0
2560,108,4,0,4.0,1,7276,35,28,0,237,28,50,2,0,30,6,6,59,2,0
2561,106,6,0,6.0,6,7282,39,28,0,237,27,47,2,0,30,6,5,58,2,0
2562,106,6,0,6.0,4,7286,13,56,0,237,23,49,4,0,30,5,6,59,1,1
2563,107,5,0,5.0,2,7288,15,56,0,237,22,48,4,0,30,4,6,60,1,0
2564,108,4,0,4.0,2,7290,15,56,0,236,20,51,4,0,30,5,6,60,1,0
2565,108,4,0,4.0,2,7292,18,56,0,236,18,50,4,0,30,5,6,60,1,0
2566,109,3,0,3.0,0,7292,18,56,0,236,15,53,4,0,30,5,6,61,1,0
2567,108,4,0,4.0,2,7294,25,56,0,236,12,49,4,0,30,4,6,61,1,0
2568,107,5,0,5.0,2,7296,28,56,0,236,12,46,4,0,30,4,6,60,1,0
2569,108,4,0,4.0,0,7296,1,84,0,236,11,46,6,0,30,4,6,60,1,2
2570,107,5,0,5.0,0,7296,4,84,0,234,11,45,6,0,30,3,6,60,1,0
2571,106,6,0,6.0,0,7296,8,84,0,232,11,43,6,0,29,2,6,61,1,0
2572,107,5,0,5.0,0,7296,10,84,0,230,11,43,6,0,29,3,6,61,1,0
2573,107,5,0,5.0,0,7296,13,84,0,229,11,41,6,0,29,3,6,61,1,0
2574,108,4,0,4.0,0,7296,21,84,0,229,9,35,6,0,29,3,5,62,1,0
2575,109,3,0,3.0,0,7296,25,56,28,228,10,31,4,4,29,3,4,62,1,0
2576,109,3,0,3.0,0,7296,1,81,28,227,11,30,6,4,29,3,3,62,1,2
2577,109,3,0,3.0,0,7296,2,81,28,227,11,29,6,4,29,3,3,62,1,0
2578,109,3,0,3.0,0,7296,4,81,28,227,10,28,6,4,29,2,4,62,1,0
2579,110,2,0,2.0,0,7296,5,81,28,225,12,27,6,4,29,3,4,62,1,0
2580,109,3,0,3.0,0,7296,9,81,28,222,15,23,6,4,28,4,3,62,1,0
2581,109,3,0,3.0,0,7296,10,81,28,221,16,22,6,4,28,4,3,62,1,0
2582,110,2,0,2.0,0,7296,13,53,56,220,17,19,4,7,28,4,3,62,1,0
2583,111,1,0,1.0,0,7296,2,66,56,217,20,17,5,7,28,5,2,62,1,2
2584,110,2,0,2.0,0,7296,5,66,56,216,21,14,5,7,27,5,2,62,1,0
2585,110,2,0,2.0,0,7296,8,66,56,216,21,11,5,7,27,5,2,62,1,0
2586,111,1,0,1.0,0,7296,8,66,56,212,25,11,5,7,27,6,2,62,1,0
2587,111,1,0,1.0,0,7296,9,66,56,211,26,10,5,7,27,6,2,62,1,0
2588,111,1,0,1.0,0,7296,11,66,56,210,27,8,5,7,27,7,1,62,1,0
2589,113,0,1,3.0,0,7296,13,38,84,208,29,6,3,11,26,7,1,62,2,0
2590,114,0,2,6.0,0,7296,15,38,84,208,29,4,3,11,26,7,1,62,2,2
2591,114,0,2,6.0,0,7296,16,38,84,207,30,3,3,11,26,7,1,62,2,0
2592,115,0,3,9.0,0,7296,18,38,84,204,33,1,3,11,26,8,1,62,2,0
2593,115,0,3,9.0,0,7296,18,38,84,201,36,1,3,11,26,8,1,62,2,0
2594,114,0,2,6.0,0,7296,18,38,84,200,37,1,3,11,25,8,1,62,2,0
2595,115,0,3,9.0,0,7296,18,38,84,198,39,1,3,11,25,9,1,62,2,0
2596,115,0,3,9.0,0,7296,19,13,109,198,39,0,1,14,25,9,0,62,2,0
2597,116,0,4,12.0,0,7296,19,13,109,194,43,0,1,14,25,10,0,62,2,1
2598,116,0,4,12.0,0,7296,19,13,109,191,46,0,1,14,24,11,0,62,2,0
2599,116,0,4,12.0,0,7296,19,13,109,186,51,0,1,14,24,11,0,62,2,0
2600,116,0,4,12.0,0,7296,19,13,109,181,56,0,1,14,23,12,0,62,2,0
2601,117,0,5,15.0,0,7296,19,13,109,178,59,0,1,14,23,13,0,62,2,0
2602,117,0,5,15.0,0,7296,19,13,109,177,60,0,1,14,23,13,0,62,2,0
2603,117,0,5,15.0,0,7296,19,0,122,175,62,0,0,16,22,13,0,62,2,0
2604,118,0,6,18.0,0,7296,19,0,122,171,65,1,0,16,22,12,1,63,2,0
2605,118,0,6,18.0,0,7296,19,0,94,190,67,8,0,12,24,13,2,63,2,0
2606,118,0,6,18.0,0,7296,19,0,94,188,69,8,0,12,24,13,2,63,2,0
2607,119,0,7,21.0,0,7296,19,0,94,185,72,8,0,12,24,14,2,63,2,0
2608,118,0,6,18.0,0,7296,19,0,94,181,76,8,0,12,23,14,2,63,2,0
2609,119,0,7,21.0,0,7296,19,0,94,178,79,8,0,12,23,15,2,63,2,0
2610,119,0,7,21.0,0,7296,19,0,94,178,77,10,0,12,23,15,2,63,2,0
2611,119,0,7,21.0,0,7296,19,0,94,176,77,12,0,12,22,16,2,63,2,0
2612,120,0,8,24.0,0,7296,19,0,66,193,80,20,0,9,25,15,3,64,2,0
2613,119,0,7,21.0,0,7296,19,0,66,191,81,21,0,9,24,15,3,64,2,0
2614,119,0,7,21.0,0,7296,19,0,66,189,83,21,0,9,24,15,3,64,2,0
2615,120,0,8,24.0,0,7296,19,0,66,187,84,22,0,9,24,16,3,64,2,0
2616,118,0,6,18.0,2,7298,19,0,66,182,88,23,0,9,23,16,3,63,2,0
2617,119,0,7,21.0,0,7298,19,0,66,181,89,23,0,9,23,17,3,63,2,0
2618,119,0,7,21.0,0,7298,19,0,66,180,90,23,0,9,23,17,3,63,2,0
2619,121,0,9,27.0,10,7308,19,0,38,205,88,28,0,5,26,18,4,64,2,0
2620,120,0,8,24.0,2,7310,19,0,38,203,87,31,0,5,26,16,5,64,2,0
2621,121,0,9,27.0,0,7310,19,0,38,201,88,32,0,5,26,17,5,64,2,0
2622,117,0,5,15.0,4,7314,20,0,38,199,89,32,0,5,25,16,4,63,2,0
2623,119,0,7,21.0,4,7318,27,0,38,194,91,28,0,5,25,17,3,65,2,0
2624,120,0,8,24.0,4,7322,27,0,38,192,92,29,0,5,24,18,3,66,2,0
2625,119,0,7,21.0,7,7329,27,0,38,189,95,29,0,5,24,18,3,65,2,0
2626,119,0,7,21.0,7,7336,27,0,13,209,92,37,0,2,27,17,5,64,2,0
2627,121,0,9,27.0,4,7340,27,0,13,205,95,38,0,2,26,19,6,64,2,0
2628,122,0,10,30.0,7,7347,29,0,13,203,96,37,0,2,26,18,6,65,2,0
2629,119,0,7,21.0,4,7351,31,0,13,200,97,37,0,2,25,18,5,64,2,0
2630,117,0,5,15.0,4,7355,39,0,13,198,99,29,0,2,25,18,4,63,2,0
2631,118,0,6,18.0,9,7364,40,0,13,194,102,29,0,2,25,19,4,63,2,0
2632,119,0,7,21.0,5,7369,40,0,13,191,102,32,0,2,24,19,4,65,2,0
2633,118,0,6,18.0,8,7377,41,0,0,197,102,38,0,0,25,19,5,64,2,0
2634,117,0,5,15.0,4,7381,42,0,0,193,105,38,0,0,25,20,5,62,2,0
2635,117,0,5,15.0,4,7385,42,0,0,192,104,40,0,0,24,20,6,62,2,0
2636,118,0,6,18.0,8,7393,42,0,0,187,109,40,0,0,24,21,6,62,2,0
2637,117,0,5,15.0,0,7393,47,0,0,181,111,39,0,0,23,21,4,63,2,0
2638,115,0,3,9.0,9,7402,50,0,0,179,110,39,0,0,23,20,4,62,2,0
2639,115,0,3,9.0,6,7408,51,0,0,176,108,43,0,0,22,20,5,62,2,0
2640,117,0,5,15.0,7,7415,52,0,0,171,108,47,0,0,22,20,5,64,2,0
2641,117,0,5,15.0,9,7424,55,0,0,171,105,47,0,0,22,20,5,64,2,0
2642,115,0,3,9.0,7,7431,56,0,0,168,107,47,0,0,21,20,6,62,2,0
2643,115,0,3,9.0,6,7437,56,0,0,160,113,49,0,0,20,21,6,62,2,0
2644,116,0,4,12.0,9,7446,64,0,0,158,111,45,0,0,20,21,5,63,2,0
2645,116,0,4,12.0,14,7460,65,0,0,156,111,46,0,0,20,21,5,63,2,0
2646,114,0,2,6.0,5,7465,66,0,0,153,112,47,0,0,20,21,5,61,2,0
2647,114,0,2,6.0,7,7472,68,0,0,151,111,48,0,0,19,21,6,61,2,0
2648,116,0,4,12.0,4,7476,68,0,0,146,112,52,0,0,19,21,6,63,2,0
2649,116,0,4,12.0,4,7480,69,0,0,145,110,54,0,0,19,21,6,63,2,0
2650,114,0,2,6.0,6,7486,72,0,0,144,111,51,0,0,18,21,6,61,2,0
2651,113,0,1,3.0,10,7496,79,0,0,140,113,46,0,0,18,21,5,61,2,0
2652,115,0,3,9.0,6,7502,80,0,0,139,109,50,0,0,18,21,5,63,2,0
2653,115,0,3,9.0,0,7502,82,0,0,135,111,50,0,0,17,21,5,64,2,0
2654,113,0,1,3.0,2,7504,82,0,0,128,116,52,0,0,16,22,5,62,2,0
2655,115,0,3,9.0,2,7506,86,0,0,126,116,50,0,0,16,22,5,63,2,0
2656,115,0,3,9.0,11,7517,89,0,0,124,113,52,0,0,16,21,5,64,2,0
2657,114,0,2,6.0,7,7524,94,0,0,123,113,48,0,0,16,21,5,63,2,0
2658,114,0,2,6.0,13,7537,99,0,0,119,116,44,0,0,15,22,5,62,2,0
2659,113,0,1,3.0,7,7544,102,0,0,114,121,41,0,0,15,23,4,61,2,0
2660,114,0,2,6.0,2,7546,103,0,0,112,121,42,0,0,14,23,5,62,2,0
2661,114,0,2,6.0,8,7554,105,0,0,111,120,42,0,0,14,22,5,63,2,0
2662,111,1,0,1.0,11,7565,109,0,0,110,119,40,0,0,14,22,5,60,2,0
2663,112,0,0,0.0,7,7572,111,0,0,110,114,43,0,0,14,22,5,61,2,0
2664,113,0,1,3.0,6,7578,113,0,0,107,115,43,0,0,14,21,5,62,2,0
