annual_output,mean_daily_loss,mean_idle,mean_shortage,utilization,max_daily_pens,loss_std,loss_p95,loss_cvar95,rental_day_ratio,planned_matings,executed_matings,execution_rate,scheme,N,R,h,seed,phase,q_max,B,engine_version,recomputed
1242.6,23.04328767123288,0.0,7.681095890410959,106.85812133072407,127,6.5036924512988366,33.0,34.19607843137255,0.9989041095890412,0,0,0.0,A,426,9,40,1000,screen,,,v2.2,False
1262.8,26.102465753424656,0.0,8.70082191780822,107.76859099804304,128,6.87337855297642,39.0,40.87096774193548,1.0,0,0,0.0,A,426,9,40,1001,screen,,,v2.2,False
1256.8,23.6186301369863,0.0,7.872876712328767,107.0293542074364,126,5.60655194014416,33.0,34.234177215189874,1.0,0,0,0.0,A,426,9,40,1002,screen,,,v2.2,False
1244.2,21.432328767123288,0.0,7.144109589041096,106.37866927592954,126,6.696092921858889,33.0,34.27007299270073,1.0,0,0,0.0,A,426,9,40,1003,screen,,,v2.2,False
1268.0,28.12767123287671,0.0,9.375890410958904,108.37133072407046,129,7.806923539718499,42.0,43.24468085106383,1.0,0,0,0.0,A,426,9,40,1004,screen,,,v2.2,False
1270.8,26.24219178082192,0.0,8.747397260273972,107.81017612524462,128,6.698837587076173,36.0,37.677725118483416,1.0,0,0,0.0,A,426,9,40,1005,screen,,,v2.2,False
1244.2,22.487671232876718,0.0,7.495890410958904,106.69275929549902,127,6.299365247660424,33.0,34.53543307086614,1.0,0,0,0.0,A,426,9,40,1006,screen,,,v2.2,False
1288.4,28.135890410958904,0.0,9.3786301369863,108.37377690802349,128,7.976125944072281,42.0,43.333333333333336,1.0,0,0,0.0,A,426,9,40,1007,screen,,,v2.2,False
1257.4,26.34246575342466,0.0,8.780821917808218,107.84001956947162,128,6.380349445626446,36.0,38.230366492146594,1.0,0,0,0.0,A,426,9,40,1008,screen,,,v2.2,False
1236.4,19.186849315068493,0.0,6.395616438356164,105.71037181996086,124,5.955577714381735,30.0,30.699029126213592,0.9989041095890412,0,0,0.0,A,426,9,40,1009,screen,,,v2.2,False
1086.4,4.576986301369863,4.553972602739726,0.0076712328767123,95.9408023483366,114,2.111922274455892,8.0,8.689024390243903,0.0065753424657534,0,0,0.0,B,378,8,40,1000,screen,,,v2.2,False
1092.0,4.604383561643836,4.584657534246575,0.0065753424657534,95.9124266144814,113,2.1185227562122817,8.0,8.467455621301776,0.0065753424657534,0,0,0.0,B,378,8,40,1001,screen,,,v2.2,False
1103.4,3.379178082191781,3.2953424657534245,0.027945205479452,97.08268101761252,114,1.7670858852458573,6.0,6.312217194570136,0.0235616438356164,0,0,0.0,B,378,8,40,1002,screen,,,v2.2,False
1088.4,4.298082191780822,4.224109589041096,0.0246575342465753,96.2504892367906,115,2.1372637973103457,8.0,8.496688741721854,0.0175342465753424,0,0,0.0,B,378,8,40,1003,screen,,,v2.2,False
1096.8,3.4597260273972603,3.418630136986301,0.0136986301369863,96.95988258317028,114,1.730988502800549,6.0,6.407894736842105,0.0120547945205479,0,0,0.0,B,378,8,40,1004,screen,,,v2.2,False
1086.4,4.205479452054795,4.179178082191781,0.0087671232876712,96.27641878669276,114,1.99532694270068,7.0,7.521551724137931,0.0082191780821917,0,0,0.0,B,378,8,40,1005,screen,,,v2.2,False
1100.4,3.276712328767123,3.1895890410958905,0.0290410958904109,97.17808219178082,115,1.8786164354672796,6.0,6.459016393442623,0.0252054794520547,0,0,0.0,B,378,8,40,1006,screen,,,v2.2,False
1107.2,3.905205479452055,3.854246575342466,0.016986301369863,96.5738747553816,114,1.9069069615630645,7.0,7.446428571428571,0.0142465753424657,0,0,0.0,B,378,8,40,1007,screen,,,v2.2,False
1090.8,3.976438356164384,3.904109589041096,0.0241095890410958,96.53571428571428,115,2.0054731648057693,7.0,7.417989417989418,0.0180821917808219,0,0,0.0,B,378,8,40,1008,screen,,,v2.2,False
1092.0,4.204383561643835,4.168219178082192,0.0120547945205479,96.28913894324852,113,1.8485361876388395,7.0,7.410526315789474,0.0120547945205479,0,0,0.0,B,378,8,40,1009,screen,,,v2.2,False
1159.6,11.185753424657534,6.42027397260274,1.5884931506849316,95.68590998043052,125,7.1491791022534255,27.0,30.894736842105264,0.28493150684931506,3843,3843,1.0,C,378,8,35,1000,screen,21.0,0.0,v2.2.1,True
1153.0,12.216438356164383,8.512876712328767,1.2345205479452055,93.50146771037181,125,6.707448189233167,24.0,26.441176470588236,0.27013698630136984,3717,3717,1.0,C,378,8,35,1000,screen,21.0,2.0,v2.2.1,True
1095.8,15.238904109589042,11.893698630136987,1.115068493150685,90.37622309197651,126,7.841698517570733,28.0,29.66315789473684,0.2553424657534247,3598,3598,1.0,C,378,8,35,1000,screen,21.0,4.0,v2.2.1,True
1182.2,11.072876712328767,6.539178082191781,1.5112328767123289,95.51076320939335,126,7.2797825735851065,27.0,30.835051546391753,0.2854794520547945,4599,4599,1.0,C,378,8,35,1000,screen,28.0,0.0,v2.2.1,True
1153.0,12.216438356164383,8.512876712328767,1.2345205479452055,93.50146771037181,125,6.707448189233167,24.0,26.441176470588236,0.27013698630136984,4508,4508,1.0,C,378,8,35,1000,screen,28.0,2.0,v2.2.1,True
1126.6,15.39013698630137,11.387397260273973,1.3342465753424657,91.02397260273972,126,8.159667016828733,30.0,31.702970297029704,0.26465753424657534,4424,4424,1.0,C,378,8,35,1000,screen,28.0,4.0,v2.2.1,True
1159.2,10.828493150684931,6.492054794520548,1.4454794520547944,95.49412915851272,125,6.055541464816145,24.0,27.68041237113402,0.2843835616438356,3738,3738,1.0,C,378,8,35,1001,screen,21.0,0.0,v2.2.1,True
1134.6,13.98027397260274,9.75068493150685,1.40986301369863,92.55283757338553,125,7.185255746610284,27.0,30.534653465346533,0.2706849315068493,3682,3682,1.0,C,378,8,35,1001,screen,21.0,2.0,v2.2.1,True
1101.0,14.504657534246576,11.297534246575342,1.0690410958904109,90.86741682974561,124,7.632391815844466,27.0,29.344827586206897,0.24767123287671233,3507,3507,1.0,C,378,8,35,1001,screen,21.0,4.0,v2.2.1,True
1159.4,10.437260273972603,6.074520547945205,1.4542465753424658,95.87475538160469,125,6.249169519445649,24.0,27.72,0.2876712328767123,4529,4529,1.0,C,378,8,35,1001,screen,28.0,0.0,v2.2.1,True
1137.6,12.394520547945206,8.194520547945206,1.4,93.9334637964775,128,6.4967073815317935,24.0,28.27927927927928,0.2778082191780822,4438,4438,1.0,C,378,8,35,1001,screen,28.0,2.0,v2.2.1,True
1132.2,14.163287671232876,10.387397260273973,1.2586301369863013,91.84931506849315,126,7.722622138500882,27.0,29.226277372262775,0.26465753424657534,4403,4403,1.0,C,378,8,35,1001,screen,28.0,4.0,v2.2.1,True
1146.6,12.155068493150685,7.225205479452055,1.6432876712328768,95.01614481409003,126,7.027168283737029,27.0,30.666666666666668,0.2893150684931507,3745,3745,1.0,C,378,8,35,1002,screen,21.0,0.0,v2.2.1,True
1116.2,14.746301369863014,9.910136986301369,1.612054794520548,92.59099804305283,127,7.329028498776683,27.0,29.92753623188406,0.2717808219178082,3682,3682,1.0,C,378,8,35,1002,screen,21.0,2.0,v2.2.1,True
1112.2,14.25917808219178,10.782465753424658,1.158904109589041,91.40753424657534,124,7.083478149982093,26.0,27.384615384615383,0.26301369863013696,3633,3633,1.0,C,378,8,35,1002,screen,21.0,4.0,v2.2.1,True
1146.6,12.155068493150685,7.225205479452055,1.6432876712328768,95.01614481409003,126,7.027168283737029,27.0,30.666666666666668,0.2893150684931507,4578,4578,1.0,C,378,8,35,1002,screen,28.0,0.0,v2.2.1,True
1116.2,14.746301369863014,9.910136986301369,1.612054794520548,92.59099804305283,127,7.329028498776683,27.0,29.92753623188406,0.2717808219178082,4515,4515,1.0,C,378,8,35,1002,screen,28.0,2.0,v2.2.1,True
1117.2,14.390684931506849,10.752876712328767,1.2126027397260275,91.48189823874756,124,7.358476197818217,27.0,28.042735042735043,0.2619178082191781,4473,4473,1.0,C,378,8,35,1002,screen,28.0,4.0,v2.2.1,True
1149.4,12.475068493150685,7.714520547945206,1.5868493150684932,94.5288649706458,126,6.9641593276282245,27.0,30.918367346938776,0.2821917808219178,3787,3787,1.0,C,378,8,35,1003,screen,21.0,0.0,v2.2.1,True
1141.8,13.70958904109589,9.318904109589042,1.4635616438356165,92.98630136986301,125,7.376991338047932,26.799999999999955,31.054347826086957,0.26958904109589044,3801,3801,1.0,C,378,8,35,1003,screen,21.0,2.0,v2.2.1,True
1104.4,14.390684931506849,11.12109589041096,1.08986301369863,91.043542074364,123,7.2688970921532094,26.0,27.463636363636365,0.256986301369863,3682,3682,1.0,C,378,8,35,1003,screen,21.0,4.0,v2.2.1,True
1149.4,12.475068493150685,7.714520547945206,1.5868493150684932,94.5288649706458,126,6.9641593276282245,27.0,30.918367346938776,0.2821917808219178,4620,4620,1.0,C,378,8,35,1003,screen,28.0,0.0,v2.2.1,True
1141.8,13.52,9.12931506849315,1.4635616438356165,93.15557729941291,125,7.322142577813175,26.799999999999955,31.054347826086957,0.26958904109589044,4578,4578,1.0,C,378,8,35,1003,screen,28.0,2.0,v2.2.1,True
1109.4,14.215342465753425,10.82904109589041,1.1287671232876713,91.33904109589041,123,7.149498909373368,26.0,27.62727272727273,0.2547945205479452,4473,4473,1.0,C,378,8,35,1003,screen,28.0,4.0,v2.2.1,True
1164.8,10.151780821917809,5.724931506849315,1.4756164383561643,96.2059686888454,125,6.855532913704229,24.0,28.40366972477064,0.28986301369863016,3836,3836,1.0,C,378,8,35,1004,screen,21.0,0.0,v2.2.1,True
1145.4,10.482191780821918,7.524931506849315,0.9857534246575342,94.16144814090019,123,6.061439418573946,21.799999999999955,24.467391304347824,0.25315068493150683,3773,3773,1.0,C,378,8,35,1004,screen,21.0,2.0,v2.2.1,True
1114.8,14.602739726027398,11.29041095890411,1.104109589041096,90.90508806262231,124,7.737007583648555,27.0,28.77241379310345,0.25753424657534246,3605,3605,1.0,C,378,8,35,1004,screen,21.0,4.0,v2.2.1,True
1160.0,12.043835616438356,6.818082191780822,1.7419178082191782,95.46771037181996,126,7.569361036973395,27.0,30.891304347826086,0.28876712328767123,4634,4634,1.0,C,378,8,35,1004,screen,28.0,0.0,v2.2.1,True
1143.8,13.742465753424657,9.202191780821918,1.5134246575342465,93.13502935420743,125,7.450676957061092,27.0,29.75609756097561,0.27835616438356164,4585,4585,1.0,C,378,8,35,1004,screen,28.0,2.0,v2.2.1,True
1114.8,14.602739726027398,11.29041095890411,1.104109589041096,90.90508806262231,124,7.737007583648555,27.0,28.77241379310345,0.25753424657534246,4396,4396,1.0,C,378,8,35,1004,screen,28.0,4.0,v2.2.1,True
1160.8,10.797808219178082,6.413698630136986,1.4613698630136986,95.57827788649706,126,6.889812242530471,27.0,30.741935483870968,0.2876712328767123,3794,3794,1.0,C,378,8,35,1005,screen,21.0,0.0,v2.2.1,True
1139.6,14.946849315068492,9.665205479452055,1.7605479452054795,92.9422700587084,125,7.8378525265425765,28.0,32.06185567010309,0.28054794520547943,3710,3710,1.0,C,378,8,35,1005,screen,21.0,2.0,v2.2.1,True
1098.4,14.896986301369862,11.896986301369862,1.0,90.27054794520548,123,7.500973380719014,27.0,28.085271317829456,0.24767123287671233,3633,3633,1.0,C,378,8,35,1005,screen,21.0,4.0,v2.2.1,True
1160.8,10.574794520547945,6.25972602739726,1.4383561643835616,95.69520547945206,126,6.731783433470316,27.0,30.741935483870968,0.2827397260273973,4585,4585,1.0,C,378,8,35,1005,screen,28.0,0.0,v2.2.1,True
1128.4,12.88,9.044931506849315,1.2783561643835617,93.06555772994129,125,7.075203797201167,24.0,26.773333333333333,0.27835616438356164,4487,4487,1.0,C,378,8,35,1005,screen,28.0,2.0,v2.2.1,True
1110.2,14.383013698630137,11.355068493150686,1.0093150684931507,90.76272015655577,125,7.539852940211076,27.0,28.763358778625953,0.24602739726027398,4431,4431,1.0,C,378,8,35,1005,screen,28.0,4.0,v2.2.1,True
1160.0,12.677808219178083,7.652602739726027,1.675068493150685,94.66291585127202,128,7.682307340288859,27.0,32.31578947368421,0.27945205479452057,3787,3787,1.0,C,378,8,35,1006,screen,21.0,0.0,v2.2.1,True
1142.4,11.336986301369864,7.513424657534246,1.2745205479452055,94.42954990215264,126,6.593031667642431,24.0,27.72222222222222,0.27616438356164386,3759,3759,1.0,C,378,8,35,1006,screen,21.0,2.0,v2.2.1,True
1113.8,13.493698630136986,10.15013698630137,1.1145205479452054,91.93248532289628,126,7.185060704849474,26.0,29.93617021276596,0.24383561643835616,3640,3640,1.0,C,378,8,35,1006,screen,21.0,4.0,v2.2.1,True
1177.6,10.224109589041095,5.62958904109589,1.5315068493150685,96.34099804305283,128,7.808401176639945,27.0,32.56730769230769,0.3019178082191781,4641,4641,1.0,C,378,8,35,1006,screen,28.0,0.0,v2.2.1,True
1147.6,11.650958904109588,7.863561643835617,1.2624657534246575,94.10616438356165,126,6.280568264999163,24.0,27.365591397849464,0.2608219178082192,4550,4550,1.0,C,378,8,35,1006,screen,28.0,2.0,v2.2.1,True
1133.0,13.841095890410958,10.407123287671233,1.1446575342465752,91.72994129158512,124,7.4479891687632644,27.0,29.14516129032258,0.2608219178082192,4431,4431,1.0,C,378,8,35,1006,screen,28.0,4.0,v2.2.1,True
1153.4,10.924931506849315,6.6378082191780825,1.429041095890411,95.34931506849314,125,6.535694654302281,24.0,28.419642857142858,0.2915068493150685,3773,3773,1.0,C,378,8,35,1007,screen,21.0,0.0,v2.2.1,True
1140.6,13.733150684931507,9.258630136986302,1.4915068493150685,93.06506849315068,126,7.211978506777167,27.0,29.96039603960396,0.27835616438356164,3738,3738,1.0,C,378,8,35,1007,screen,21.0,2.0,v2.2.1,True
1103.4,14.964931506849315,11.823561643835616,1.0471232876712329,90.37818003913894,124,8.012180817753721,28.0,30.256410256410255,0.2328767123287671,3584,3584,1.0,C,378,8,35,1007,screen,21.0,4.0,v2.2.1,True
1170.2,10.455890410958904,5.803835616438356,1.5506849315068494,96.20254403131115,126,6.907387793394442,24.0,28.181818181818183,0.286027397260274,4592,4592,1.0,C,378,8,35,1007,screen,28.0,0.0,v2.2.1,True
1140.6,13.733150684931507,9.258630136986302,1.4915068493150685,93.06506849315068,126,7.211978506777167,27.0,29.96039603960396,0.27835616438356164,4543,4543,1.0,C,378,8,35,1007,screen,28.0,2.0,v2.2.1,True
1113.0,14.363835616438356,11.577534246575343,0.9287671232876712,90.4921722113503,124,8.092137087840383,28.0,29.836734693877553,0.2158904109589041,4424,4424,1.0,C,378,8,35,1007,screen,28.0,4.0,v2.2.1,True
1159.6,11.955068493150685,7.469041095890411,1.4953424657534247,94.66634050880627,125,7.132606574324703,26.799999999999955,29.782608695652176,0.27616438356164386,3843,3843,1.0,C,378,8,35,1008,screen,21.0,0.0,v2.2.1,True
1135.8,12.233424657534247,8.607123287671232,1.2087671232876713,93.39432485322897,124,6.317554260066729,24.0,26.403846153846153,0.2673972602739726,3794,3794,1.0,C,378,8,35,1008,screen,21.0,2.0,v2.2.1,True
1091.2,14.017534246575343,11.053698630136987,0.9879452054794521,91.01272015655579,122,7.079414766368093,25.0,26.78723404255319,0.26246575342465756,3549,3549,1.0,C,378,8,35,1008,screen,21.0,4.0,v2.2.1,True
1170.4,10.522739726027398,6.6876712328767125,1.2783561643835617,95.17025440313111,125,6.4353782613750905,23.59999999999991,28.369565217391305,0.2717808219178082,4599,4599,1.0,C,378,8,35,1008,screen,28.0,0.0,v2.2.1,True
1141.2,10.83945205479452,7.829589041095891,1.0032876712328767,93.90508806262231,123,5.810511093980947,22.0,24.8,0.24493150684931506,4578,4578,1.0,C,378,8,35,1008,screen,28.0,2.0,v2.2.1,True
1105.2,14.677808219178083,11.20109589041096,1.158904109589041,91.03375733855185,125,7.659651320481752,28.0,30.37864077669903,0.26465753424657534,4368,4368,1.0,C,378,8,35,1008,screen,28.0,4.0,v2.2.1,True
1144.0,12.578082191780823,7.789589041095891,1.596164383561644,94.47015655577299,125,7.192265707896063,27.0,30.16216216216216,0.29205479452054794,3773,3773,1.0,C,378,8,35,1009,screen,21.0,0.0,v2.2.1,True
1131.2,12.87945205479452,9.108493150684932,1.256986301369863,92.98972602739725,124,7.079880974414198,27.0,28.5,0.26794520547945205,3717,3717,1.0,C,378,8,35,1009,screen,21.0,2.0,v2.2.1,True
1120.2,14.46027397260274,10.465753424657533,1.3315068493150686,91.84442270058709,125,7.841192744281193,30.0,31.881720430107528,0.27013698630136984,3619,3619,1.0,C,378,8,35,1009,screen,21.0,4.0,v2.2.1,True
1139.2,11.555068493150685,7.202191780821918,1.450958904109589,94.86497064579257,126,6.7157478754459,24.0,29.092436974789916,0.28328767123287674,4543,4543,1.0,C,378,8,35,1009,screen,28.0,0.0,v2.2.1,True
1148.2,13.174246575342465,8.684931506849315,1.4964383561643835,93.58170254403132,125,6.840066333752341,26.0,29.03125,0.27287671232876715,4480,4480,1.0,C,378,8,35,1009,screen,28.0,2.0,v2.2.1,True
1120.2,14.46027397260274,10.465753424657533,1.3315068493150686,91.84442270058709,125,7.841192744281193,30.0,31.881720430107528,0.27013698630136984,4347,4347,1.0,C,378,8,35,1009,screen,28.0,4.0,v2.2.1,True
1214.6,7.811506849315069,4.911780821917808,0.9665753424657534,96.4774951076321,121,4.626579765533553,18.0,19.83870967741936,0.2630136986301369,3920,3920,1.0,C,378,8,40,1000,screen,21.0,0.0,v2.2,False
1181.8,9.462465753424658,6.30958904109589,1.050958904109589,95.30479452054796,122,4.744669152227073,17.0,20.063157894736843,0.2580821917808219,3759,3759,1.0,C,378,8,40,1000,screen,21.0,2.0,v2.2,False
1120.8,11.514520547945205,9.116164383561644,0.7994520547945205,92.5743639921722,123,5.636750164348673,21.0,22.96039603960396,0.2306849315068493,3633,3633,1.0,C,378,8,40,1000,screen,21.0,4.0,v2.2,False
1224.0,7.205479452054795,3.76,1.1484931506849314,97.66829745596868,123,6.194664919744761,21.0,24.88235294117647,0.2750684931506849,4669,4669,1.0,C,378,8,40,1000,screen,28.0,0.0,v2.2,False
1171.2,9.810410958904107,6.435616438356164,1.124931506849315,95.2583170254403,123,5.026486981687391,18.0,20.378205128205128,0.2652054794520548,4452,4452,1.0,C,378,8,40,1000,screen,28.0,2.0,v2.2,False
1116.4,10.96164383561644,9.112328767123287,0.6164383561643836,92.41438356164385,123,5.843880583891079,21.0,22.01834862385321,0.2213698630136986,4312,4312,1.0,C,378,8,40,1000,screen,28.0,4.0,v2.2,False
1220.2,7.770958904109589,3.5134246575342467,1.4191780821917808,98.13013698630137,125,7.1825454251223615,24.0,27.07377049180328,0.2701369863013698,3920,3920,1.0,C,378,8,40,1001,screen,21.0,0.0,v2.2,False
1224.4,8.922191780821917,6.126027397260274,0.932054794520548,95.36252446183954,121,4.385666898070524,16.0,19.8494623655914,0.2394520547945205,3780,3780,1.0,C,378,8,40,1001,screen,21.0,2.0,v2.2,False
1130.4,11.872328767123289,10.113424657534246,0.5863013698630137,91.49363992172212,121,5.943965897749356,20.0,21.06140350877193,0.2252054794520548,3535,3535,1.0,C,378,8,40,1001,screen,21.0,4.0,v2.2,False
1221.8,7.365479452054794,3.1210958904109587,1.4147945205479453,98.47651663405088,124,6.4693620549279,21.0,24.62142857142857,0.3271232876712329,4676,4676,1.0,C,378,8,40,1001,screen,28.0,0.0,v2.2,False
1230.8,7.574794520547945,5.49041095890411,0.6947945205479452,95.71819960861056,123,4.198738881514948,15.0,18.13084112149533,0.2082191780821917,4648,4648,1.0,C,378,8,40,1001,screen,28.0,2.0,v2.2,False
1149.4,10.311232876712328,8.387945205479452,0.6410958904109589,93.08317025440314,120,5.40778048390247,19.0,21.785714285714285,0.2093150684931506,4354,4354,1.0,C,378,8,40,1001,screen,28.0,4.0,v2.2,False
1204.8,7.655342465753424,4.2,1.1517808219178085,97.2783757338552,122,5.700791073671907,20.799999999999955,22.467391304347824,0.273972602739726,3913,3913,1.0,C,378,8,40,1002,screen,21.0,0.0,v2.2,False
1226.8,7.420821917808219,5.8213698630136985,0.5331506849315069,95.2783757338552,120,3.757945439910472,14.0,15.80952380952381,0.2065753424657534,3850,3850,1.0,C,378,8,40,1002,screen,21.0,2.0,v2.2,False
1137.6,10.566575342465754,8.76,0.6021917808219178,92.71624266144816,121,5.40427873735178,19.0,20.267857142857142,0.210958904109589,3654,3654,1.0,C,378,8,40,1002,screen,21.0,4.0,v2.2,False
1238.0,7.702465753424658,4.452602739726028,1.0832876712328767,96.9916829745597,121,4.997117530107652,18.0,20.80327868852459,0.2624657534246575,4620,4620,1.0,C,378,8,40,1002,screen,28.0,0.0,v2.2,False
1220.2,6.638904109589041,4.901369863013699,0.5791780821917808,96.14090019569473,120,3.735280894359792,12.0,13.723926380368098,0.2147945205479452,4599,4599,1.0,C,378,8,40,1002,screen,28.0,2.0,v2.2,False
1145.4,10.744657534246576,8.995616438356164,0.583013698630137,92.48874755381604,120,5.40898630990549,18.799999999999955,20.032608695652176,0.2142465753424657,4396,4396,1.0,C,378,8,40,1002,screen,28.0,4.0,v2.2,False
1213.8,7.355616438356164,4.352328767123288,1.0010958904109588,97.0078277886497,122,5.039221438245892,18.0,21.094736842105263,0.2663013698630137,3899,3899,1.0,C,378,8,40,1003,screen,21.0,0.0,v2.2,False
1164.0,10.265205479452057,6.632328767123288,1.210958904109589,95.15949119373778,121,4.882593082849446,19.0,21.57894736842105,0.256986301369863,3745,3745,1.0,C,378,8,40,1003,screen,21.0,2.0,v2.2,False
1118.0,10.467945205479452,8.276712328767124,0.7304109589041096,93.26223091976516,121,5.094629460431953,19.0,20.8494623655914,0.2263013698630137,3633,3633,1.0,C,378,8,40,1003,screen,21.0,4.0,v2.2,False
1240.4,6.893698630136987,3.331506849315069,1.1873972602739726,98.08561643835615,122,5.486295602465764,18.0,20.53191489361702,0.2871232876712328,4627,4627,1.0,C,378,8,40,1003,screen,28.0,0.0,v2.2,False
1154.6,9.39780821917808,7.083287671232877,0.7715068493150685,94.36448140900195,121,5.187344968771795,18.0,20.319444444444443,0.2389041095890411,4501,4501,1.0,C,378,8,40,1003,screen,28.0,2.0,v2.2,False
1129.0,9.991780821917809,8.075068493150685,0.6389041095890411,93.3605675146771,124,5.484871373790123,19.0,20.925619834710744,0.2180821917808219,4431,4431,1.0,C,378,8,40,1003,screen,28.0,4.0,v2.2,False
1230.4,7.477808219178082,4.282191780821917,1.065205479452055,97.12769080234834,123,5.084448642722301,18.0,21.0,0.2504109589041096,4039,4039,1.0,C,378,8,40,1004,screen,21.0,0.0,v2.2,False
1177.6,9.49917808219178,6.839452054794521,0.8865753424657534,94.68493150684932,120,4.574448052167112,18.0,19.51546391752577,0.2394520547945205,3752,3752,1.0,C,378,8,40,1004,screen,21.0,2.0,v2.2,False
1117.4,11.187397260273972,9.37917808219178,0.6027397260273972,92.16389432485325,122,5.698949105618989,20.0,22.21100917431193,0.2,3647,3647,1.0,C,378,8,40,1004,screen,21.0,4.0,v2.2,False
1226.4,7.6657534246575345,4.256438356164384,1.1364383561643836,97.21428571428572,123,5.373857976853811,20.399999999999864,23.51086956521739,0.2608219178082192,4655,4655,1.0,C,378,8,40,1004,screen,28.0,0.0,v2.2,False
1208.6,7.801095890410959,5.869589041095891,0.6438356164383562,95.33414872798434,121,4.025330827652553,14.0,15.928571428571429,0.2136986301369863,4550,4550,1.0,C,378,8,40,1004,screen,28.0,2.0,v2.2,False
1117.6,11.383013698630135,9.55835616438356,0.6082191780821918,92.00880626223092,122,5.682926560306245,20.0,21.38135593220339,0.2186301369863013,4403,4403,1.0,C,378,8,40,1004,screen,28.0,4.0,v2.2,False
1239.0,6.346849315068493,2.7895890410958906,1.1857534246575343,98.56800391389432,125,6.140150631026041,21.0,25.9468085106383,0.3024657534246575,3990,3990,1.0,C,378,8,40,1005,screen,21.0,0.0,v2.2,False
1180.4,8.826849315068493,6.247671232876712,0.8597260273972602,95.18933463796478,121,4.572712038355858,17.0,18.792079207920796,0.2410958904109589,3731,3731,1.0,C,378,8,40,1005,screen,21.0,2.0,v2.2,False
1144.2,10.964931506849316,8.977534246575342,0.6624657534246575,92.57583170254404,120,6.127561924663937,21.0,23.403361344537814,0.2120547945205479,3626,3626,1.0,C,378,8,40,1005,screen,21.0,4.0,v2.2,False
1235.2,6.490958904109589,2.706849315068493,1.261369863013699,98.70939334637964,124,6.170374396052069,20.399999999999864,25.695652173913043,0.3189041095890411,4648,4648,1.0,C,378,8,40,1005,screen,28.0,0.0,v2.2,False
1186.4,9.167123287671233,6.32,0.949041095890411,95.2045009784736,121,4.464530497632135,18.0,19.322916666666668,0.2608219178082192,4487,4487,1.0,C,378,8,40,1005,screen,28.0,2.0,v2.2,False
1140.8,11.424657534246576,8.853698630136986,0.856986301369863,92.8600782778865,120,5.696157638980283,21.0,22.739837398373982,0.2547945205479452,4319,4319,1.0,C,378,8,40,1005,screen,28.0,4.0,v2.2,False
1235.8,7.313424657534247,4.004383561643835,1.103013698630137,97.40949119373778,126,5.721838028586488,21.0,24.35483870967742,0.2789041095890411,3927,3927,1.0,C,378,8,40,1006,screen,21.0,0.0,v2.2,False
1222.4,7.2526027397260275,5.095890410958904,0.718904109589041,96.09197651663403,120,3.686044548999293,15.0,17.105263157894736,0.2252054794520548,3857,3857,1.0,C,378,8,40,1006,screen,21.0,2.0,v2.2,False
1143.4,10.768767123287672,8.230684931506849,0.846027397260274,93.40655577299414,120,5.063328106735963,20.0,21.221052631578942,0.2427397260273972,3591,3591,1.0,C,378,8,40,1006,screen,21.0,4.0,v2.2,False
1250.6,7.356712328767124,4.254794520547946,1.033972602739726,97.12426614481409,122,4.912433890562971,15.0,18.392857142857142,0.267945205479452,4648,4648,1.0,C,378,8,40,1006,screen,28.0,0.0,v2.2,False
1239.2,7.712328767123288,5.422465753424658,0.7632876712328767,95.84001956947162,122,4.209948834617653,15.0,18.025641025641026,0.2087671232876712,4641,4641,1.0,C,378,8,40,1006,screen,28.0,2.0,v2.2,False
1147.0,9.712876712328766,7.894794520547945,0.606027397260274,93.4921722113503,120,5.4417543548955125,19.0,21.84873949579832,0.2082191780821917,4410,4410,1.0,C,378,8,40,1006,screen,28.0,4.0,v2.2,False
1253.2,6.20054794520548,2.9178082191780823,1.0942465753424655,98.37181996086105,122,5.281058893150576,18.0,20.873949579831933,0.2767123287671232,3997,3997,1.0,C,378,8,40,1007,screen,21.0,0.0,v2.2,False
1166.6,10.225205479452054,6.934246575342466,1.096986301369863,94.78816046966732,123,4.773742632511852,18.0,20.14074074074074,0.269041095890411,3682,3682,1.0,C,378,8,40,1007,screen,21.0,2.0,v2.2,False
1148.0,10.488767123287673,8.121643835616439,0.7890410958904109,93.45303326810176,123,4.792287510848846,18.0,20.301075268817204,0.2191780821917808,3710,3710,1.0,C,378,8,40,1007,screen,21.0,4.0,v2.2,False
1229.8,7.425753424657534,3.5117808219178084,1.3046575342465754,98.0293542074364,123,5.98463811897131,21.0,24.0,0.2854794520547945,4571,4571,1.0,C,378,8,40,1007,screen,28.0,0.0,v2.2,False
1172.6,9.714520547945206,6.40054794520548,1.1046575342465754,95.27152641878668,123,4.922327911101371,18.0,20.761904761904763,0.2663013698630137,4480,4480,1.0,C,378,8,40,1007,screen,28.0,2.0,v2.2,False
1148.0,10.488767123287673,8.121643835616439,0.7890410958904109,93.45303326810176,123,4.792287510848846,18.0,20.301075268817204,0.2191780821917808,4536,4536,1.0,C,378,8,40,1007,screen,28.0,4.0,v2.2,False
1237.0,7.282191780821917,4.196712328767124,1.0284931506849315,97.17123287671232,123,4.8822579368448125,18.0,19.859504132231404,0.2482191780821918,4039,4039,1.0,C,378,8,40,1008,screen,21.0,0.0,v2.2,False
1216.2,8.265205479452055,5.296438356164384,0.9895890410958904,96.1545988258317,121,4.330484084449648,16.0,19.053763440860216,0.2520547945205479,3850,3850,1.0,C,378,8,40,1008,screen,21.0,2.0,v2.2,False
1088.2,11.986301369863014,9.864109589041096,0.7073972602739727,91.8243639921722,122,6.379820912551674,23.0,26.010752688172044,0.2197260273972602,3542,3542,1.0,C,378,8,40,1008,screen,21.0,4.0,v2.2,False
1269.4,5.951780821917808,2.8235616438356166,1.0427397260273972,98.40998043052836,120,5.135326391274179,18.0,19.95967741935484,0.2723287671232877,4781,4781,1.0,C,378,8,40,1008,screen,28.0,0.0,v2.2,False
1185.2,9.207123287671234,6.547397260273972,0.8865753424657534,94.94569471624266,121,4.95205673408744,18.0,19.18897637795276,0.2536986301369863,4515,4515,1.0,C,378,8,40,1008,screen,28.0,2.0,v2.2,False
1122.6,10.943013698630136,9.202191780821918,0.5802739726027397,92.3018590998043,119,5.6375383369304455,19.0,19.80952380952381,0.2202739726027397,4333,4333,1.0,C,378,8,40,1008,screen,28.0,4.0,v2.2,False
1243.4,7.872876712328767,4.555616438356164,1.1057534246575342,96.91976516634053,122,5.292254114922961,21.0,23.77894736842105,0.2476712328767123,3997,3997,1.0,C,378,8,40,1009,screen,21.0,0.0,v2.2,False
1216.6,7.522739726027397,5.532054794520548,0.6635616438356164,95.65313111545989,120,4.213290004880355,15.0,17.29850746268657,0.2213698630136986,3815,3815,1.0,C,378,8,40,1009,screen,21.0,2.0,v2.2,False
1163.4,9.674520547945203,7.494794520547945,0.7265753424657534,93.95694716242662,121,4.664668972800867,18.0,19.916666666666668,0.2323287671232876,3654,3654,1.0,C,378,8,40,1009,screen,21.0,4.0,v2.2,False
1238.8,7.623561643835616,4.176438356164383,1.149041095890411,97.29696673189824,122,5.59538435887366,21.0,23.72448979591837,0.2547945205479452,4669,4669,1.0,C,378,8,40,1009,screen,28.0,0.0,v2.2,False
1167.8,10.227945205479452,6.6838356164383566,1.1813698630136986,95.08708414872798,123,5.760344184905522,21.0,23.17460317460317,0.267945205479452,4466,4466,1.0,C,378,8,40,1009,screen,28.0,2.0,v2.2,False
1193.8,9.406027397260274,7.3183561643835615,0.6958904109589041,94.08708414872798,122,4.864058442058211,18.0,19.26881720430108,0.2268493150684931,4382,4382,1.0,C,378,8,40,1009,screen,28.0,4.0,v2.2,False
1212.4,5.322739726027398,3.72,0.5342465753424658,97.15557729941293,119,3.681606299691272,12.0,14.386206896551723,0.1791780821917808,4165,4165,1.0,C,378,8,45,1000,screen,21.0,0.0,v2.2,False
1188.8,8.066849315068493,6.301369863013699,0.5884931506849315,94.89921722113505,121,4.244181025675865,15.0,16.65359477124183,0.1687671232876712,3913,3913,1.0,C,378,8,45,1000,screen,21.0,2.0,v2.2,False
1172.0,8.416986301369864,7.157808219178082,0.4197260273972603,93.98385518591,120,4.329599865067044,15.0,16.107913669064747,0.1408219178082191,3927,3927,1.0,C,378,8,45,1000,screen,21.0,4.0,v2.2,False
1220.4,4.428493150684932,2.802739726027397,0.5419178082191781,97.98140900195696,122,3.637864224557892,12.0,15.463917525773196,0.2076712328767123,4718,4718,1.0,C,378,8,45,1000,screen,28.0,0.0,v2.2,False
1196.2,6.192328767123287,4.979178082191781,0.4043835616438356,95.91536203522504,119,3.67225645015603,12.0,13.816993464052288,0.1506849315068493,4627,4627,1.0,C,378,8,45,1000,screen,28.0,2.0,v2.2,False
1179.4,7.193424657534247,6.524383561643836,0.2230136986301369,94.37377690802349,118,3.63045725757276,12.0,12.737623762376238,0.0920547945205479,4564,4564,1.0,C,378,8,45,1000,screen,28.0,4.0,v2.2,False
1201.2,5.216986301369863,3.4367123287671237,0.5934246575342466,97.46135029354208,121,3.789273398202537,12.0,15.262135922330096,0.2186301369863013,3997,3997,1.0,C,378,8,45,1001,screen,21.0,0.0,v2.2,False
1206.0,7.066301369863013,5.874520547945205,0.3972602739726027,95.10958904109587,120,4.056818059879999,14.0,15.236842105263158,0.1468493150684931,3934,3934,1.0,C,378,8,45,1001,screen,21.0,2.0,v2.2,False
1153.8,10.10027397260274,9.29972602739726,0.2668493150684931,91.93493150684932,117,5.115049704306835,18.0,19.013422818791945,0.1358904109589041,3878,3878,1.0,C,378,8,45,1001,screen,21.0,4.0,v2.2,False
1213.6,5.032328767123287,3.303013698630137,0.5764383561643835,97.5655577299413,120,3.5712586700411597,12.0,13.903846153846152,0.2158904109589041,4655,4655,1.0,C,378,8,45,1001,screen,28.0,0.0,v2.2,False
1202.4,6.632328767123288,5.5819178082191785,0.3501369863013698,95.32876712328768,119,4.19953870448284,15.0,16.059405940594058,0.1304109589041096,4550,4550,1.0,C,378,8,45,1001,screen,28.0,2.0,v2.2,False
1165.8,9.241643835616438,8.275068493150686,0.3221917808219178,92.89921722113502,117,4.027756974258926,15.0,15.76219512195122,0.1397260273972602,4536,4536,1.0,C,378,8,45,1001,screen,28.0,4.0,v2.2,False
1218.0,4.318904109589041,3.16986301369863,0.383013698630137,97.51174168297456,120,3.1721787617679102,9.0,10.658031088082902,0.1715068493150685,4165,4165,1.0,C,378,8,45,1002,screen,21.0,0.0,v2.2,False
1201.0,7.677260273972602,6.158356164383561,0.5063013698630137,94.95352250489236,120,3.958592302334493,14.0,15.634146341463415,0.1660273972602739,3969,3969,1.0,C,378,8,45,1002,screen,21.0,2.0,v2.2,False
1170.2,10.20164383561644,9.327123287671233,0.2915068493150685,91.93248532289628,119,5.566572531860458,18.0,19.11023622047244,0.1265753424657534,3794,3794,1.0,C,378,8,45,1002,screen,21.0,4.0,v2.2,False
1210.8,4.855890410958904,3.2893150684931505,0.5221917808219179,97.5293542074364,122,3.8462144736685375,12.0,15.25,0.1901369863013698,4592,4592,1.0,C,378,8,45,1002,screen,28.0,0.0,v2.2,False
1203.0,6.931506849315069,5.562191780821918,0.4564383561643835,95.4412915851272,122,3.818557407938461,13.0,14.865384615384617,0.1687671232876712,4620,4620,1.0,C,378,8,45,1002,screen,28.0,2.0,v2.2,False
1176.4,9.52219178082192,8.166027397260274,0.4520547945205479,93.11252446183951,121,4.407140788573155,17.0,18.275229357798164,0.1556164383561643,4571,4571,1.0,C,378,8,45,1002,screen,28.0,4.0,v2.2,False
1216.0,3.9715068493150687,2.3638356164383563,0.5358904109589041,98.3679060665362,119,3.4227469183676704,11.0,12.941747572815531,0.2427397260273972,4088,4088,1.0,C,378,8,45,1003,screen,21.0,0.0,v2.2,False
1181.8,7.791780821917809,6.366575342465754,0.4750684931506849,94.73972602739728,119,4.22560573309718,15.0,16.544642857142858,0.16,3983,3983,1.0,C,378,8,45,1003,screen,21.0,2.0,v2.2,False
1193.2,9.709041095890411,8.331506849315069,0.4591780821917808,92.9711350293542,120,4.628554870308328,16.0,17.173333333333332,0.1550684931506849,3836,3836,1.0,C,378,8,45,1003,screen,21.0,4.0,v2.2,False
1214.2,6.116712328767124,4.175342465753425,0.6471232876712328,96.84980430528375,121,4.430638707989019,14.0,16.752475247524753,0.2284931506849315,4634,4634,1.0,C,378,8,45,1003,screen,28.0,0.0,v2.2,False
1195.0,7.629041095890411,6.014794520547945,0.538082191780822,95.1100782778865,121,4.385598742225036,15.0,16.699115044247787,0.1698630136986301,4599,4599,1.0,C,378,8,45,1003,screen,28.0,2.0,v2.2,False
1182.4,9.238904109589042,7.752876712328767,0.4953424657534246,93.52005870841488,121,4.359266056660426,16.0,16.895833333333332,0.1517808219178082,4557,4557,1.0,C,378,8,45,1003,screen,28.0,4.0,v2.2,False
1216.2,4.938630136986301,3.5627397260273974,0.4586301369863014,97.22847358121332,118,3.211916423830888,11.0,12.989795918367347,0.1835616438356164,4186,4186,1.0,C,378,8,45,1004,screen,21.0,0.0,v2.2,False
1218.4,6.8,5.488219178082192,0.4372602739726027,95.49021526418788,119,3.747952657492757,12.799999999999956,14.51086956521739,0.1545205479452054,3941,3941,1.0,C,378,8,45,1004,screen,21.0,2.0,v2.2,False
1222.0,8.186849315068493,6.978630136986301,0.4027397260273972,94.12866927592954,119,4.251243650828195,15.0,15.901234567901234,0.1315068493150684,3885,3885,1.0,C,378,8,45,1004,screen,21.0,4.0,v2.2,False
1237.2,5.1068493150684935,3.1556164383561645,0.6504109589041096,97.76320939334636,124,4.547276294829033,12.0,18.14754098360656,0.2043835616438356,4641,4641,1.0,C,378,8,45,1004,screen,28.0,0.0,v2.2,False
1222.4,6.962739726027397,5.716712328767123,0.4153424657534246,95.2666340508806,120,4.514078021536951,15.0,16.99264705882353,0.1490410958904109,4564,4564,1.0,C,378,8,45,1004,screen,28.0,2.0,v2.2,False
1211.8,9.283835616438356,7.766575342465753,0.5057534246575343,93.51712328767124,119,4.100102503979463,16.0,16.982758620689655,0.1643835616438356,4557,4557,1.0,C,378,8,45,1004,screen,28.0,4.0,v2.2,False
1215.6,5.708493150684932,3.56,0.7161643835616438,97.46086105675148,120,4.086973741282446,14.0,16.838709677419356,0.2542465753424657,3969,3969,1.0,C,378,8,45,1005,screen,21.0,0.0,v2.2,False
1225.0,5.8591780821917805,4.659178082191781,0.4,96.19716242661448,119,3.666976320192521,12.0,13.570422535211268,0.1534246575342465,4025,4025,1.0,C,378,8,45,1005,screen,21.0,2.0,v2.2,False
1185.4,9.450958904109587,8.17041095890411,0.4268493150684931,93.08610567514675,120,4.625436253839429,16.0,17.04320987654321,0.1468493150684931,3836,3836,1.0,C,378,8,45,1005,screen,21.0,4.0,v2.2,False
1226.0,5.328219178082192,3.3358904109589043,0.6641095890410958,97.61448140900195,123,4.203460139565627,13.0,16.978947368421053,0.2263013698630137,4669,4669,1.0,C,378,8,45,1005,screen,28.0,0.0,v2.2,False
1223.0,6.307945205479452,4.864657534246575,0.4810958904109589,96.08610567514675,119,3.908137512010726,13.0,15.114285714285714,0.1660273972602739,4620,4620,1.0,C,378,8,45,1005,screen,28.0,2.0,v2.2,False
1190.2,8.513972602739726,7.272876712328767,0.4136986301369863,93.87573385518591,119,4.048492632812018,15.0,15.829457364341083,0.1550684931506849,4571,4571,1.0,C,378,8,45,1005,screen,28.0,4.0,v2.2,False
1223.6,4.868493150684931,3.3232876712328765,0.5150684931506849,97.4926614481409,120,3.5756577081905863,12.0,14.336538461538462,0.1978082191780822,3990,3990,1.0,C,378,8,45,1006,screen,21.0,0.0,v2.2,False
1202.2,7.854794520547945,6.099178082191781,0.5852054794520548,95.07681017612524,120,4.324965808856409,15.0,17.120567375886523,0.1506849315068493,3955,3955,1.0,C,378,8,45,1006,screen,21.0,2.0,v2.2,False
1177.0,9.522739726027398,8.603835616438356,0.3063013698630137,92.59148727984343,119,4.869869449451227,17.0,17.682692307692307,0.1260273972602739,3794,3794,1.0,C,378,8,45,1006,screen,21.0,4.0,v2.2,False
1215.4,5.265753424657534,3.4098630136986303,0.6186301369863013,97.5078277886497,120,3.800833068096478,12.0,14.601626016260164,0.2312328767123287,4599,4599,1.0,C,378,8,45,1006,screen,28.0,0.0,v2.2,False
1188.0,7.893150684931506,6.523835616438356,0.4564383561643835,94.58268101761252,120,4.075101197723745,15.0,15.91588785046729,0.1578082191780822,4606,4606,1.0,C,378,8,45,1006,screen,28.0,2.0,v2.2,False
1180.6,9.601095890410958,8.378082191780821,0.4076712328767123,92.8835616438356,119,4.667308724328223,17.0,17.838709677419356,0.1572602739726027,4515,4515,1.0,C,378,8,45,1006,screen,28.0,4.0,v2.2,False
1228.0,4.836164383561644,3.041095890410959,0.5983561643835617,97.81898238747554,121,3.725358597972757,12.0,14.80952380952381,0.2060273972602739,4151,4151,1.0,C,378,8,45,1007,screen,21.0,0.0,v2.2,False
1223.6,7.056986301369863,5.605479452054794,0.4838356164383561,95.42710371819962,119,3.764159920071045,13.0,14.954128440366972,0.1463013698630137,4109,4109,1.0,C,378,8,45,1007,screen,21.0,2.0,v2.2,False
1199.4,8.85095890410959,7.496438356164384,0.4515068493150685,93.70988258317026,119,4.493383343502473,17.0,18.276785714285715,0.1550684931506849,3857,3857,1.0,C,378,8,45,1007,screen,21.0,4.0,v2.2,False
1220.6,4.538630136986302,3.00986301369863,0.5095890410958904,97.76761252446184,122,3.803963089180813,12.0,15.388349514563108,0.1852054794520548,4648,4648,1.0,C,378,8,45,1007,screen,28.0,0.0,v2.2,False
1228.2,7.124383561643835,5.6219178082191785,0.5008219178082192,95.42759295499022,120,3.806069492846755,13.0,15.31304347826087,0.1435616438356164,4662,4662,1.0,C,378,8,45,1007,screen,28.0,2.0,v2.2,False
1203.2,8.62958904109589,7.186301369863013,0.4810958904109589,94.01320939334636,120,4.512993071653459,17.0,18.373831775700936,0.1572602739726027,4564,4564,1.0,C,378,8,45,1007,screen,28.0,4.0,v2.2,False
1213.4,5.524383561643836,3.9446575342465753,0.5265753424657534,96.9481409001957,122,3.890578823371914,12.0,15.632478632478632,0.1813698630136986,4158,4158,1.0,C,378,8,45,1008,screen,21.0,0.0,v2.2,False
1227.8,6.617534246575342,5.039452054794521,0.5260273972602739,95.970156555773,121,3.948478422800768,13.0,16.333333333333332,0.1572602739726027,4025,4025,1.0,C,378,8,45,1008,screen,21.0,2.0,v2.2,False
1212.6,8.72931506849315,7.925479452054795,0.267945205479452,93.16291585127202,119,4.528920326333672,16.0,16.626984126984127,0.1342465753424657,3864,3864,1.0,C,378,8,45,1008,screen,21.0,4.0,v2.2,False
1227.2,5.38027397260274,3.678904109589041,0.5671232876712329,97.2216242661448,122,4.238250649176938,12.0,16.650793650793652,0.1731506849315068,4641,4641,1.0,C,378,8,45,1008,screen,28.0,0.0,v2.2,False
1215.2,6.355068493150685,5.261917808219178,0.3643835616438356,95.62720156555773,119,3.5776103536223154,12.0,13.268456375838928,0.1276712328767123,4690,4690,1.0,C,378,8,45,1008,screen,28.0,2.0,v2.2,False
1196.8,10.522739726027398,9.12054794520548,0.4673972602739726,92.27397260273972,120,6.00891636013678,22.0,25.0625,0.1742465753424657,4410,4410,1.0,C,378,8,45,1008,screen,28.0,4.0,v2.2,False
1224.4,5.412602739726028,3.4547945205479453,0.6526027397260274,97.49804305283756,123,4.765459039358527,14.0,20.387096774193548,0.1972602739726027,4046,4046,1.0,C,378,8,45,1009,screen,21.0,0.0,v2.2,False
1212.4,7.593424657534246,6.122191780821918,0.4904109589041096,94.9716242661448,120,3.9878049501091897,15.0,16.63809523809524,0.1561643835616438,4039,4039,1.0,C,378,8,45,1009,screen,21.0,2.0,v2.2,False
1187.8,8.494794520547945,7.607123287671233,0.2958904109589041,93.47211350293544,120,4.232432768812024,16.0,16.726315789473684,0.1123287671232876,3990,3990,1.0,C,378,8,45,1009,screen,21.0,4.0,v2.2,False
1209.8,5.865753424657535,3.487123287671233,0.7928767123287671,97.59442270058707,121,4.40482376065296,15.0,17.814432989690722,0.2586301369863014,4557,4557,1.0,C,378,8,45,1009,screen,28.0,0.0,v2.2,False
1213.2,7.7315068493150685,6.122191780821918,0.5364383561643835,95.01272015655576,122,4.299915745054059,15.0,17.370689655172413,0.1610958904109589,4592,4592,1.0,C,378,8,45,1009,screen,28.0,2.0,v2.2,False
1187.0,8.45972602739726,7.738082191780822,0.2405479452054794,93.30577299412916,118,4.347771779019884,16.0,16.53846153846154,0.1035616438356164,4515,4515,1.0,C,378,8,45,1009,screen,28.0,4.0,v2.2,False
1181.4,15.733150684931507,8.85041095890411,2.294246575342466,94.14628180039138,128,9.487903320587343,36.0,39.06185567010309,0.30739726027397263,3787,3787,1.0,C,390,8,35,1000,screen,21.0,0.0,v2.2.1,True
1118.8,16.127123287671232,10.985205479452055,1.713972602739726,91.72211350293541,128,7.909871531953394,29.799999999999955,33.07608695652174,0.290958904109589,3682,3682,1.0,C,390,8,35,1000,screen,21.0,2.0,v2.2.1,True
1075.2,16.997808219178083,12.56931506849315,1.4761643835616438,90.0954011741683,124,7.7193789246892655,28.0,30.09259259259259,0.28712328767123285,3542,3542,1.0,C,390,8,35,1000,screen,21.0,4.0,v2.2.1,True
1150.4,14.797260273972602,8.345205479452055,2.1506849315068495,94.46917808219179,127,8.755918621757441,33.0,36.163636363636364,0.30904109589041096,4648,4648,1.0,C,390,8,35,1000,screen,28.0,0.0,v2.2.1,True
1118.8,16.127123287671232,10.985205479452055,1.713972602739726,91.72211350293541,128,7.909871531953394,29.799999999999955,33.07608695652174,0.290958904109589,4445,4445,1.0,C,390,8,35,1000,screen,28.0,2.0,v2.2.1,True
1079.2,17.025205479452055,12.593424657534246,1.4772602739726028,90.07485322896282,125,8.302690609256745,30.0,31.97345132743363,0.2882191780821918,4368,4368,1.0,C,390,8,35,1000,screen,28.0,4.0,v2.2.1,True
1169.2,13.916164383561643,7.963835616438356,1.9841095890410958,94.66095890410958,127,7.84171024015215,27.0,31.229508196721312,0.31232876712328766,3731,3731,1.0,C,390,8,35,1001,screen,21.0,0.0,v2.2.1,True
1096.6,15.932054794520548,10.785205479452054,1.7156164383561643,91.90215264187867,126,7.519257979825626,29.799999999999955,32.84782608695652,0.2980821917808219,3647,3647,1.0,C,390,8,35,1001,screen,21.0,2.0,v2.2.1,True
1090.8,17.688767123287672,12.566575342465754,1.7073972602739727,90.30430528375734,127,8.929033676364726,32.0,35.159574468085104,0.2789041095890411,3472,3472,1.0,C,390,8,35,1001,screen,21.0,4.0,v2.2.1,True
1165.4,14.935890410958905,7.966027397260274,2.3232876712328765,94.96183953033268,128,8.826032417434103,33.0,37.336633663366335,0.31945205479452055,4557,4557,1.0,C,390,8,35,1001,screen,28.0,0.0,v2.2.1,True
1106.0,17.556164383561644,11.447671232876713,2.0361643835616436,91.59686888454011,127,8.236781447465637,32.0,35.56382978723404,0.31232876712328766,4382,4382,1.0,C,390,8,35,1001,screen,28.0,2.0,v2.2.1,True
1081.2,17.987945205479452,12.397260273972602,1.8635616438356164,90.5949119373777,126,7.986410291182215,31.0,33.93684210526316,0.2991780821917808,4312,4312,1.0,C,390,8,35,1001,screen,28.0,4.0,v2.2.1,True
1153.4,15.825753424657535,9.202739726027398,2.2076712328767125,93.75440313111547,129,8.557551220339185,33.0,38.11224489795919,0.31726027397260276,3738,3738,1.0,C,390,8,35,1002,screen,21.0,0.0,v2.2.1,True
1133.2,16.097534246575343,10.143561643835616,1.9846575342465753,92.71526418786692,127,8.120887586259064,30.0,33.86507936507937,0.30082191780821915,3668,3668,1.0,C,390,8,35,1002,screen,21.0,2.0,v2.2.1,True
1100.6,16.98958904109589,12.095890410958905,1.6312328767123287,90.65655577299412,126,8.295092153388843,31.0,33.50515463917526,0.2854794520547945,3591,3591,1.0,C,390,8,35,1002,screen,21.0,4.0,v2.2.1,True
1153.4,15.825753424657535,9.202739726027398,2.2076712328767125,93.75440313111547,129,8.557551220339185,33.0,38.11224489795919,0.31726027397260276,4564,4564,1.0,C,390,8,35,1002,screen,28.0,0.0,v2.2.1,True
1120.6,14.03890410958904,9.100821917808219,1.646027397260274,93.34393346379647,127,7.563120273541205,27.0,31.387755102040817,0.29698630136986304,4515,4515,1.0,C,390,8,35,1002,screen,28.0,2.0,v2.2.1,True
1113.0,16.792876712328766,11.506301369863014,1.7621917808219179,91.29990215264188,126,8.263005014069218,31.0,34.202127659574465,0.28493150684931506,4382,4382,1.0,C,390,8,35,1002,screen,28.0,4.0,v2.2.1,True
1175.6,13.886027397260275,7.437260273972603,2.1495890410958904,95.27886497064578,128,8.697470572086988,33.0,36.87378640776699,0.3019178082191781,3850,3850,1.0,C,390,8,35,1003,screen,21.0,0.0,v2.2.1,True
1109.8,16.405479452054795,10.737534246575342,1.8893150684931508,92.09980430528375,127,8.215436142517085,30.799999999999955,34.95652173913044,0.290958904109589,3605,3605,1.0,C,390,8,35,1003,screen,21.0,2.0,v2.2.1,True
1084.0,16.461369863013697,12.386301369863014,1.3583561643835615,90.15362035225048,124,7.980840769892377,30.0,31.36,0.2778082191780822,3514,3514,1.0,C,390,8,35,1003,screen,21.0,4.0,v2.2.1,True
1169.6,14.836712328767124,7.906301369863014,2.31013698630137,95.00342465753425,127,9.065228423943571,33.0,36.225563909774436,0.3117808219178082,4634,4634,1.0,C,390,8,35,1003,screen,28.0,0.0,v2.2.1,True
1113.2,16.257534246575343,10.568219178082192,1.8964383561643836,92.2573385518591,126,8.118805293833748,30.0,33.96521739130435,0.28986301369863016,4403,4403,1.0,C,390,8,35,1003,screen,28.0,2.0,v2.2.1,True
1112.8,17.172602739726027,12.181917808219177,1.6635616438356164,90.60861056751467,127,8.752212443880772,33.0,35.0,0.2778082191780822,4340,4340,1.0,C,390,8,35,1003,screen,28.0,4.0,v2.2.1,True
1165.6,15.354520547945205,8.455342465753425,2.29972602739726,94.50391389432485,129,9.115054818546586,33.0,38.28440366972477,0.31068493150684934,3745,3745,1.0,C,390,8,35,1004,screen,21.0,0.0,v2.2.1,True
1134.2,16.397260273972602,10.532054794520548,1.955068493150685,92.34197651663406,126,8.004966464877988,30.0,34.43859649122807,0.2991780821917808,3654,3654,1.0,C,390,8,35,1004,screen,21.0,2.0,v2.2.1,True
1101.4,16.96109589041096,12.202191780821918,1.5863013698630137,90.5215264187867,126,8.135780223862819,30.0,31.746913580246915,0.2926027397260274,3521,3521,1.0,C,390,8,35,1004,screen,21.0,4.0,v2.2.1,True
1161.4,14.196712328767124,8.017534246575343,2.0597260273972604,94.68052837573386,129,8.530465921297314,33.0,37.67368421052632,0.30684931506849317,4613,4613,1.0,C,390,8,35,1004,screen,28.0,0.0,v2.2.1,True
1105.6,16.140821917808218,10.629041095890411,1.8372602739726027,92.15019569471625,126,7.564300705115714,30.0,32.8125,0.3167123287671233,4284,4284,1.0,C,390,8,35,1004,screen,28.0,2.0,v2.2.1,True
1108.2,17.045479452054796,12.033424657534246,1.6706849315068493,90.74755381604696,126,8.208201704533236,31.0,33.61904761904762,0.2893150684931507,4333,4333,1.0,C,390,8,35,1004,screen,28.0,4.0,v2.2.1,True
1183.0,15.174246575342465,8.028493150684932,2.381917808219178,94.95841487279844,129,9.791370551393385,33.0,37.74590163934426,0.3128767123287671,3752,3752,1.0,C,390,8,35,1005,screen,21.0,0.0,v2.2.1,True
1134.0,16.524931506849317,10.54958904109589,1.9917808219178081,92.35909980430527,126,8.103467270697024,31.0,35.09574468085106,0.2997260273972603,3647,3647,1.0,C,390,8,35,1005,screen,21.0,2.0,v2.2.1,True
1080.2,16.145205479452056,12.443287671232877,1.233972602739726,89.99168297455968,127,8.453060555594577,29.0,31.26595744680851,0.26575342465753427,3598,3598,1.0,C,390,8,35,1005,screen,21.0,4.0,v2.2.1,True
1167.6,13.943561643835617,7.7873972602739725,2.052054794520548,94.87915851272017,127,8.420460762741035,33.0,36.18181818181818,0.3084931506849315,4571,4571,1.0,C,390,8,35,1005,screen,28.0,0.0,v2.2.1,True
1146.4,16.981369863013697,10.575342465753424,2.135342465753425,92.46428571428572,127,8.725384127149143,33.0,36.476190476190474,0.303013698630137,4417,4417,1.0,C,390,8,35,1005,screen,28.0,2.0,v2.2.1,True
1085.6,15.302465753424658,11.635068493150685,1.2224657534246575,90.70303326810176,125,7.802560832158489,27.0,29.598540145985403,0.27287671232876715,4375,4375,1.0,C,390,8,35,1005,screen,28.0,4.0,v2.2.1,True
1168.6,16.87123287671233,9.238904109589042,2.544109589041096,94.0225048923679,129,9.783868854501089,36.0,40.94117647058823,0.31726027397260276,3682,3682,1.0,C,390,8,35,1006,screen,21.0,0.0,v2.2.1,True
1131.0,14.83068493150685,9.863013698630137,1.655890410958904,92.67221135029354,129,7.604919692725533,28.0,31.96875,0.29534246575342465,3696,3696,1.0,C,390,8,35,1006,screen,21.0,2.0,v2.2.1,True
1083.0,16.792328767123287,13.021369863013698,1.256986301369863,89.49608610567515,128,9.16121127346794,30.799999999999955,33.55434782608695,0.2652054794520548,3542,3542,1.0,C,390,8,35,1006,screen,21.0,4.0,v2.2.1,True
1160.6,14.976986301369863,8.283287671232877,2.231232876712329,94.59637964774952,130,8.60477967394881,33.0,37.077669902912625,0.31068493150684934,4564,4564,1.0,C,390,8,35,1006,screen,28.0,0.0,v2.2.1,True
1140.0,15.141917808219178,9.605479452054794,1.8454794520547946,93.07142857142857,129,7.845067846854454,29.0,33.26168224299065,0.3046575342465753,4543,4543,1.0,C,390,8,35,1006,screen,28.0,2.0,v2.2.1,True
1105.0,15.894246575342466,11.30958904109589,1.5282191780821919,91.26663405088064,128,7.815182507502353,28.0,31.99047619047619,0.290958904109589,4249,4249,1.0,C,390,8,35,1006,screen,28.0,4.0,v2.2.1,True
1171.2,13.818630136986302,7.433972602739726,2.1282191780821917,95.26272015655577,127,8.25255697268179,30.0,34.56521739130435,0.31123287671232874,3787,3787,1.0,C,390,8,35,1007,screen,21.0,0.0,v2.2.1,True
1137.8,16.114520547945204,10.410410958904109,1.9013698630136986,92.40264187866927,127,7.624013640742791,29.0,33.32258064516129,0.3013698630136986,3640,3640,1.0,C,390,8,35,1007,screen,21.0,2.0,v2.2.1,True
1077.8,17.133698630136987,13.04054794520548,1.3643835616438356,89.57485322896282,126,8.739510552702198,31.0,32.67619047619048,0.29534246575342465,3486,3486,1.0,C,390,8,35,1007,screen,21.0,4.0,v2.2.1,True
1133.8,15.996164383561643,9.072328767123288,2.3079452054794523,93.96037181996086,128,8.268817360610807,33.0,36.267857142857146,0.32493150684931504,4452,4452,1.0,C,390,8,35,1007,screen,28.0,0.0,v2.2.1,True
1130.0,15.134246575342466,9.921643835616438,1.7375342465753425,92.69275929549902,126,7.548458567706243,28.799999999999955,32.76086956521739,0.29534246575342465,4487,4487,1.0,C,390,8,35,1007,screen,28.0,2.0,v2.2.1,True
1059.4,16.815890410958904,12.482739726027397,1.4443835616438356,90.14432485322897,125,8.17825459579229,29.0,31.149532710280372,0.29753424657534244,4200,4200,1.0,C,390,8,35,1007,screen,28.0,4.0,v2.2.1,True
1151.0,15.55013698630137,8.695342465753425,2.2849315068493152,94.27641878669276,127,8.774079101030305,33.0,36.876106194690266,0.31123287671232874,3787,3787,1.0,C,390,8,35,1008,screen,21.0,0.0,v2.2.1,True
1146.4,16.567123287671233,10.335342465753424,2.0772602739726027,92.62671232876713,128,9.193462452337153,32.799999999999955,36.880434782608695,0.3156164383561644,3605,3605,1.0,C,390,8,35,1008,screen,21.0,2.0,v2.2.1,True
1065.2,16.953972602739725,13.183013698630138,1.256986301369863,89.35176125244618,125,8.622381807628893,30.0,31.54237288135593,0.2723287671232877,3514,3514,1.0,C,390,8,35,1008,screen,21.0,4.0,v2.2.1,True
1182.0,14.725479452054795,7.68,2.3484931506849316,95.23972602739727,128,9.393022594879476,33.0,36.83898305084746,0.30904109589041096,4641,4641,1.0,C,390,8,35,1008,screen,28.0,0.0,v2.2.1,True
1170.6,15.494794520547945,9.098630136986301,2.132054794520548,93.779843444227,129,9.41502277263207,33.0,37.16981132075472,0.3084931506849315,4473,4473,1.0,C,390,8,35,1008,screen,28.0,2.0,v2.2.1,True
1070.6,16.797260273972604,12.791232876712328,1.3353424657534247,89.77152641878669,124,8.23586595955891,29.0,30.31858407079646,0.273972602739726,4291,4291,1.0,C,390,8,35,1008,screen,28.0,4.0,v2.2.1,True
1144.4,15.753972602739726,9.01095890410959,2.247671232876712,93.96135029354208,126,8.393898345824688,33.0,36.34375,0.30684931506849317,3766,3766,1.0,C,390,8,35,1009,screen,21.0,0.0,v2.2.1,True
1111.8,17.664657534246576,11.871780821917808,1.9309589041095891,91.12426614481409,126,8.119946823071993,31.0,34.549019607843135,0.3013698630136986,3626,3626,1.0,C,390,8,35,1009,screen,21.0,2.0,v2.2.1,True
1071.8,17.572602739726026,12.784109589041096,1.596164383561644,90.01076320939335,126,8.332016238141042,31.0,33.10576923076923,0.2915068493150685,3507,3507,1.0,C,390,8,35,1009,screen,21.0,4.0,v2.2.1,True
1161.4,15.248219178082191,8.349041095890412,2.29972602739726,94.59882583170256,129,9.12061468502186,33.0,37.69565217391305,0.3019178082191781,4662,4662,1.0,C,390,8,35,1009,screen,28.0,0.0,v2.2.1,True
1126.4,16.252054794520546,10.713972602739727,1.8460273972602739,92.08219178082192,127,8.33423420989697,32.0,35.61224489795919,0.2964383561643836,4508,4508,1.0,C,390,8,35,1009,screen,28.0,2.0,v2.2.1,True
1074.4,16.623561643835618,12.410410958904109,1.4043835616438356,90.17318982387475,125,8.179603526016788,28.0,30.454545454545453,0.2882191780821918,4312,4312,1.0,C,390,8,35,1009,screen,28.0,4.0,v2.2.1,True
1187.2,10.42082191780822,5.247671232876712,1.7243835616438357,96.85420743639922,125,6.998465087322128,27.0,28.43617021276596,0.2991780821917808,3780,3780,1.0,C,390,8,40,1000,screen,21.0,0.0,v2.2,False
1140.6,12.647671232876712,8.32931506849315,1.4394520547945209,93.84833659491194,122,6.113709276693086,23.0,24.631067961165048,0.2832876712328767,3668,3668,1.0,C,390,8,40,1000,screen,21.0,2.0,v2.2,False
1088.2,13.047123287671234,10.627397260273971,0.8065753424657535,91.23140900195696,123,6.94653562041475,24.0,26.1875,0.2580821917808219,3465,3465,1.0,C,390,8,40,1000,screen,21.0,4.0,v2.2,False
1187.2,10.42082191780822,5.247671232876712,1.7243835616438357,96.85420743639922,125,6.998465087322128,27.0,28.43617021276596,0.2991780821917808,4627,4627,1.0,C,390,8,40,1000,screen,28.0,0.0,v2.2,False
1134.6,12.56,8.452054794520548,1.3693150684931508,93.6761252446184,123,6.189429302263601,22.0,24.0,0.2920547945205479,4417,4417,1.0,C,390,8,40,1000,screen,28.0,2.0,v2.2,False
1089.4,13.453150684931506,10.443287671232875,1.0032876712328769,91.57142857142856,125,6.909036336930268,24.0,26.535087719298247,0.2684931506849315,4319,4319,1.0,C,390,8,40,1000,screen,28.0,4.0,v2.2,False
1200.0,11.556712328767125,6.176438356164383,1.7934246575342463,96.08659491193735,126,7.419760108149386,24.0,26.92814371257485,0.3013698630136986,3668,3668,1.0,C,390,8,40,1001,screen,21.0,0.0,v2.2,False
1168.4,11.490410958904109,7.563287671232877,1.309041095890411,94.41585127201566,123,5.528439341487922,21.0,23.228571428571428,0.2904109589041095,3598,3598,1.0,C,390,8,40,1001,screen,21.0,2.0,v2.2,False
1084.0,14.477260273972602,11.60219178082192,0.9583561643835616,90.49657534246576,122,6.748997094978758,24.0,25.7,0.2717808219178082,3416,3416,1.0,C,390,8,40,1001,screen,21.0,4.0,v2.2,False
1172.0,12.31013698630137,6.716164383561644,1.8646575342465757,95.66829745596868,126,7.489043988428057,27.0,29.49532710280374,0.3041095890410959,4417,4417,1.0,C,390,8,40,1001,screen,28.0,0.0,v2.2,False
1126.6,13.466301369863016,9.143013698630137,1.441095890410959,93.12328767123287,124,6.472791295641582,24.0,26.20909090909091,0.273972602739726,4452,4452,1.0,C,390,8,40,1001,screen,28.0,2.0,v2.2,False
1087.8,13.964931506849316,11.091506849315069,0.9578082191780822,90.95205479452056,122,7.190078889611491,25.0,27.642201834862384,0.256986301369863,4249,4249,1.0,C,390,8,40,1001,screen,28.0,4.0,v2.2,False
1193.2,9.435616438356163,4.872328767123288,1.5210958904109588,97.0078277886497,124,6.193989593924251,21.0,23.46575342465753,0.2865753424657534,3773,3773,1.0,C,390,8,40,1002,screen,21.0,0.0,v2.2,False
1127.6,12.573698630136986,8.151780821917809,1.473972602739726,94.03767123287672,123,5.942724503571951,22.0,24.81,0.2778082191780822,3675,3675,1.0,C,390,8,40,1002,screen,21.0,2.0,v2.2,False
1061.6,14.512876712328769,11.258082191780822,1.084931506849315,90.91682974559686,123,6.833384710330244,25.799999999999955,27.25,0.2706849315068493,3472,3472,1.0,C,390,8,40,1002,screen,21.0,4.0,v2.2,False
1193.2,9.435616438356163,4.872328767123288,1.5210958904109588,97.0078277886497,124,6.193989593924251,21.0,23.46575342465753,0.2865753424657534,4564,4564,1.0,C,390,8,40,1002,screen,28.0,0.0,v2.2,False
1165.2,11.606575342465751,6.837808219178082,1.5895890410958904,95.31409001956946,126,6.051565745262804,24.0,27.19626168224299,0.2843835616438356,4487,4487,1.0,C,390,8,40,1002,screen,28.0,2.0,v2.2,False
1145.2,11.697534246575342,9.637808219178082,0.6865753424657535,92.0078277886497,120,6.658041524580824,24.0,26.1965811965812,0.2427397260273972,4361,4361,1.0,C,390,8,40,1002,screen,28.0,4.0,v2.2,False
1206.8,10.289315068493153,4.517808219178082,1.923835616438356,97.6839530332681,126,7.74869972269243,27.0,30.08653846153846,0.3095890410958904,3822,3822,1.0,C,390,8,40,1003,screen,21.0,0.0,v2.2,False
1113.4,13.57972602739726,9.233424657534249,1.448767123287671,93.04941291585126,123,6.445054963111598,24.0,25.27433628318584,0.2876712328767123,3591,3591,1.0,C,390,8,40,1003,screen,21.0,2.0,v2.2,False
1085.6,13.045479452054794,10.07013698630137,0.9917808219178084,91.89432485322897,124,5.894039938891634,21.0,22.950704225352112,0.2635616438356164,3493,3493,1.0,C,390,8,40,1003,screen,21.0,4.0,v2.2,False
1171.2,11.127671232876711,6.15013698630137,1.6591780821917808,95.99021526418788,124,6.308639500557412,24.0,26.94117647058824,0.2898630136986301,4620,4620,1.0,C,390,8,40,1003,screen,28.0,0.0,v2.2,False
1123.0,14.03945205479452,9.55835616438356,1.4936986301369863,92.79941291585126,126,6.6774512325249775,24.0,27.204545454545453,0.2750684931506849,4459,4459,1.0,C,390,8,40,1003,screen,28.0,2.0,v2.2,False
1096.6,14.135342465753425,11.515068493150684,0.8734246575342466,90.4985322896282,122,6.951254557149297,23.0,24.366197183098592,0.2624657534246575,4179,4179,1.0,C,390,8,40,1003,screen,28.0,4.0,v2.2,False
1212.8,9.663561643835616,5.054246575342466,1.5364383561643835,96.85909980430527,124,6.397788939665833,24.0,26.485714285714284,0.2926027397260274,3766,3766,1.0,C,390,8,40,1004,screen,21.0,0.0,v2.2,False
1144.4,11.47835616438356,7.658082191780822,1.2734246575342465,94.29941291585128,123,5.389713392585708,21.0,22.962406015037597,0.2816438356164383,3626,3626,1.0,C,390,8,40,1004,screen,21.0,2.0,v2.2,False
1070.6,14.743013698630136,11.558904109589042,1.0613698630136987,90.62720156555774,123,7.348859912199471,26.0,28.0,0.2493150684931507,3465,3465,1.0,C,390,8,40,1004,screen,21.0,4.0,v2.2,False
1212.8,9.667397260273972,5.058082191780822,1.5364383561643835,96.85567514677103,124,6.393489275736825,24.0,26.485714285714284,0.2926027397260274,4599,4599,1.0,C,390,8,40,1004,screen,28.0,0.0,v2.2,False
1136.2,12.2,8.11013698630137,1.3632876712328768,93.97602739726028,123,5.869935293585202,23.799999999999955,25.52173913043478,0.2756164383561644,4459,4459,1.0,C,390,8,40,1004,screen,28.0,2.0,v2.2,False
1116.4,12.875616438356165,10.044931506849316,0.9435616438356164,91.87377690802349,123,6.298964554437735,23.0,25.166666666666668,0.2641095890410959,4249,4249,1.0,C,390,8,40,1004,screen,28.0,4.0,v2.2,False
1202.2,9.913972602739726,5.1945205479452055,1.573150684931507,96.76663405088064,123,6.557333751706292,22.0,25.00990099009901,0.3106849315068493,3794,3794,1.0,C,390,8,40,1005,screen,21.0,0.0,v2.2,False
1124.2,13.11835616438356,8.842739726027398,1.4252054794520548,93.37720156555773,125,6.341801028002939,24.0,27.11290322580645,0.2778082191780822,3717,3717,1.0,C,390,8,40,1005,screen,21.0,2.0,v2.2,False
1093.6,12.79068493150685,9.452054794520548,1.112876712328767,92.55430528375734,122,6.043611679227566,23.0,25.047169811320757,0.2712328767123287,3563,3563,1.0,C,390,8,40,1005,screen,21.0,4.0,v2.2,False
1218.0,10.616438356164384,5.591232876712329,1.675068493150685,96.50342465753424,125,7.82425893474353,24.0,27.395973154362416,0.2958904109589041,4634,4634,1.0,C,390,8,40,1005,screen,28.0,0.0,v2.2,False
1125.4,12.97972602739726,8.524931506849315,1.484931506849315,93.71428571428572,124,6.122302926730451,22.0,25.07,0.2865753424657534,4424,4424,1.0,C,390,8,40,1005,screen,28.0,2.0,v2.2,False
1094.0,12.946301369863011,9.87068493150685,1.0252054794520549,92.1022504892368,122,6.607442704008714,24.0,26.557692307692307,0.269041095890411,4340,4340,1.0,C,390,8,40,1005,screen,28.0,4.0,v2.2,False
1203.0,10.41917808219178,5.173698630136986,1.7484931506849315,96.9417808219178,123,7.22562177737631,27.0,28.529411764705884,0.3068493150684931,3801,3801,1.0,C,390,8,40,1006,screen,21.0,0.0,v2.2,False
1136.8,11.586849315068491,7.815890410958904,1.256986301369863,94.14383561643837,124,5.7603113295892925,21.0,23.46808510638298,0.2734246575342465,3675,3675,1.0,C,390,8,40,1006,screen,21.0,2.0,v2.2,False
1068.0,14.598356164383562,11.927123287671233,0.8904109589041096,90.14579256360078,121,7.287508654131554,25.0,27.07758620689655,0.2526027397260273,3451,3451,1.0,C,390,8,40,1006,screen,21.0,4.0,v2.2,False
1203.6,10.837808219178084,5.50027397260274,1.7791780821917809,96.67759295499022,124,7.002348886645482,24.0,26.385964912280706,0.3046575342465753,4613,4613,1.0,C,390,8,40,1006,screen,28.0,0.0,v2.2,False
1147.4,11.76054794520548,7.728219178082192,1.344109589041096,94.29990215264186,124,5.699644083804495,21.0,23.62121212121212,0.2706849315068493,4466,4466,1.0,C,390,8,40,1006,screen,28.0,2.0,v2.2,False
1087.0,14.214794520547946,11.512328767123288,0.9008219178082192,90.52544031311156,121,7.186495946190958,24.0,26.02054794520548,0.2454794520547945,4179,4179,1.0,C,390,8,40,1006,screen,28.0,4.0,v2.2,False
1200.2,10.488767123287673,4.863561643835617,1.875068493150685,97.3317025440313,127,7.661135246870946,27.0,31.205357142857142,0.2991780821917808,3843,3843,1.0,C,390,8,40,1007,screen,21.0,0.0,v2.2,False
1130.2,11.95890410958904,7.944657534246575,1.338082191780822,94.10127201565555,122,5.964437638388503,21.0,22.502958579881657,0.2728767123287671,3647,3647,1.0,C,390,8,40,1007,screen,21.0,2.0,v2.2,False
1069.8,13.432876712328769,10.526575342465753,0.9687671232876712,91.46624266144812,121,6.899101589317701,25.0,26.425531914893615,0.2789041095890411,3493,3493,1.0,C,390,8,40,1007,screen,21.0,4.0,v2.2,False
1200.2,10.488767123287673,4.863561643835617,1.875068493150685,97.3317025440313,127,7.661135246870946,27.0,31.205357142857142,0.2991780821917808,4613,4613,1.0,C,390,8,40,1007,screen,28.0,0.0,v2.2,False
1125.8,12.208219178082192,7.929315068493151,1.4263013698630136,94.19373776908024,123,6.159203493247554,24.0,25.849056603773583,0.286027397260274,4508,4508,1.0,C,390,8,40,1007,screen,28.0,2.0,v2.2,False
1095.0,13.32876712328767,10.558904109589042,0.9232876712328768,91.396771037182,122,6.359339197214937,23.0,24.21505376344086,0.2635616438356164,4291,4291,1.0,C,390,8,40,1007,screen,28.0,4.0,v2.2,False
1154.0,10.98958904109589,6.751780821917809,1.4126027397260277,95.23287671232876,123,6.258187715492079,22.0,24.41346153846154,0.2832876712328767,3794,3794,1.0,C,390,8,40,1008,screen,21.0,0.0,v2.2,False
1126.0,12.815890410958904,8.653698630136986,1.3873972602739726,93.51223091976516,124,5.878248410364143,22.0,24.15740740740741,0.2997260273972603,3570,3570,1.0,C,390,8,40,1008,screen,21.0,2.0,v2.2,False
1086.8,13.122191780821918,10.567671232876712,0.8515068493150685,91.3248532289628,121,6.226171736445174,22.0,23.59349593495935,0.2421917808219178,3598,3598,1.0,C,390,8,40,1008,screen,21.0,4.0,v2.2,False
1155.6,11.036712328767123,6.718356164383562,1.4394520547945209,95.2866927592955,123,6.325532199455207,22.0,24.37735849056604,0.2832876712328767,4641,4641,1.0,C,390,8,40,1008,screen,28.0,0.0,v2.2,False
1115.8,12.688767123287672,8.431232876712329,1.4191780821917808,93.73923679060664,123,5.740802126908925,22.0,24.883495145631063,0.2871232876712328,4417,4417,1.0,C,390,8,40,1008,screen,28.0,2.0,v2.2,False
1087.0,13.012054794520548,10.493698630136986,0.8394520547945206,91.38013698630137,121,6.316563734284379,23.0,24.221052631578942,0.2383561643835616,4347,4347,1.0,C,390,8,40,1008,screen,28.0,4.0,v2.2,False
1183.4,10.623561643835616,5.062465753424657,1.8536986301369864,97.13502935420745,127,8.069136118722708,27.0,31.229508196721312,0.2926027397260274,3857,3857,1.0,C,390,8,40,1009,screen,21.0,0.0,v2.2,False
1109.2,12.308493150684932,8.54082191780822,1.2558904109589042,93.49559686888452,123,5.796310379116618,21.0,22.727848101265824,0.2723287671232877,3640,3640,1.0,C,390,8,40,1009,screen,21.0,2.0,v2.2,False
1080.6,13.664657534246576,10.875068493150684,0.92986301369863,91.12035225048923,124,6.394160679517043,23.0,24.15625,0.2663013698630137,3528,3528,1.0,C,390,8,40,1009,screen,21.0,4.0,v2.2,False
1224.6,9.50082191780822,3.712876712328767,1.9293150684931504,98.40753424657537,125,8.310789092068976,27.0,29.794117647058822,0.313972602739726,4704,4704,1.0,C,390,8,40,1009,screen,28.0,0.0,v2.2,False
1122.0,12.00054794520548,8.139178082191782,1.2871232876712329,93.8820939334638,124,5.746709558714711,21.0,23.741666666666667,0.2695890410958904,4487,4487,1.0,C,390,8,40,1009,screen,28.0,2.0,v2.2,False
1123.2,11.7786301369863,8.893698630136987,0.9616438356164384,92.91780821917808,123,5.643685658807459,20.0,21.55639097744361,0.2580821917808219,4354,4354,1.0,C,390,8,40,1009,screen,28.0,4.0,v2.2,False
1234.4,7.130410958904109,4.378630136986302,0.9172602739726028,96.90949119373776,123,5.243780892041494,18.0,21.3046875,0.2005479452054794,4137,4137,1.0,C,390,8,45,1000,screen,21.0,0.0,v2.2,False
1220.8,10.36,7.264657534246576,1.0317808219178082,94.43493150684932,123,5.186567502321776,19.0,22.27659574468085,0.2268493150684931,3871,3871,1.0,C,390,8,45,1000,screen,21.0,2.0,v2.2,False
1220.2,10.764931506849315,8.918904109589041,0.6153424657534247,92.58610567514675,121,4.927998887512866,18.0,19.48837209302325,0.2131506849315068,3752,3752,1.0,C,390,8,45,1000,screen,21.0,4.0,v2.2,False
1247.8,6.485479452054794,3.248767123287671,1.078904109589041,98.06262230919764,123,6.0506753105360405,21.0,23.951219512195124,0.2575342465753424,4718,4718,1.0,C,390,8,45,1000,screen,28.0,0.0,v2.2,False
1240.0,9.37041095890411,5.970958904109589,1.133150684931507,95.68052837573386,122,5.793296289970729,18.0,20.32673267326733,0.2317808219178082,4585,4585,1.0,C,390,8,45,1000,screen,28.0,2.0,v2.2,False
1200.8,10.791780821917808,9.055890410958904,0.5786301369863014,92.43101761252446,120,4.90048314349248,18.0,18.962406015037597,0.1956164383561643,4480,4480,1.0,C,390,8,45,1000,screen,28.0,4.0,v2.2,False
1246.8,6.636712328767123,3.570958904109589,1.021917808219178,97.72407045009784,124,5.556041256906745,18.0,21.991304347826087,0.2684931506849315,4004,4004,1.0,C,390,8,45,1001,screen,21.0,0.0,v2.2,False
1259.6,7.655890410958904,5.804931506849315,0.616986301369863,95.3679060665362,121,4.310578276252846,15.0,17.309734513274336,0.1863013698630137,3892,3892,1.0,C,390,8,45,1001,screen,21.0,2.0,v2.2,False
1188.4,11.75123287671233,9.896986301369862,0.6180821917808219,91.71526418786694,122,6.010912031155252,22.0,23.2,0.1747945205479452,3752,3752,1.0,C,390,8,45,1001,screen,21.0,4.0,v2.2,False
1247.0,5.558356164383562,3.2586301369863016,0.7665753424657534,97.77495107632096,122,4.501098493390274,15.0,18.504950495049503,0.2487671232876712,4809,4809,1.0,C,390,8,45,1001,screen,28.0,0.0,v2.2,False
1252.6,8.553972602739726,5.47013698630137,1.027945205479452,96.03375733855188,122,4.859705748947588,18.0,20.2734375,0.2235616438356164,4634,4634,1.0,C,390,8,45,1001,screen,28.0,2.0,v2.2,False
1188.4,11.75123287671233,9.896986301369862,0.6180821917808219,91.71526418786694,122,6.010912031155252,22.0,23.2,0.1747945205479452,4564,4564,1.0,C,390,8,45,1001,screen,28.0,4.0,v2.2,False
1245.6,6.382465753424658,3.941369863013698,0.8136986301369863,97.20743639921724,121,4.720884851926363,15.0,17.045801526717558,0.2526027397260273,4081,4081,1.0,C,390,8,45,1002,screen,21.0,0.0,v2.2,False
1237.8,9.257534246575345,7.04986301369863,0.7358904109589041,94.36252446183954,121,4.86433036763527,18.0,19.33783783783784,0.2060273972602739,3892,3892,1.0,C,390,8,45,1002,screen,21.0,2.0,v2.2,False
1209.0,10.053698630136989,8.524931506849315,0.5095890410958904,92.84344422700588,121,5.149345126043589,18.0,19.272058823529413,0.1720547945205479,3794,3794,1.0,C,390,8,45,1002,screen,21.0,4.0,v2.2,False
1249.8,7.760547945205479,3.97972602739726,1.2602739726027397,97.57191780821918,124,6.400313496812963,21.0,23.84210526315789,0.2515068493150685,4725,4725,1.0,C,390,8,45,1002,screen,28.0,0.0,v2.2,False
1237.8,9.257534246575345,7.04986301369863,0.7358904109589041,94.36252446183954,121,4.86433036763527,18.0,19.33783783783784,0.2060273972602739,4585,4585,1.0,C,390,8,45,1002,screen,28.0,2.0,v2.2,False
1216.0,9.866301369863011,8.373698630136987,0.4975342465753424,92.96771037181996,121,4.886394552053379,17.0,18.1294964028777,0.1715068493150685,4634,4634,1.0,C,390,8,45,1002,screen,28.0,4.0,v2.2,False
1227.0,7.816438356164384,4.41041095890411,1.1353424657534246,97.07583170254404,122,6.058989390923,21.0,23.92105263157895,0.2547945205479452,4004,4004,1.0,C,390,8,45,1003,screen,21.0,0.0,v2.2,False
1216.8,10.26849315068493,7.615342465753424,0.8843835616438356,93.99021526418788,123,4.798942132387346,18.0,20.26086956521739,0.2131506849315068,3927,3927,1.0,C,390,8,45,1003,screen,21.0,2.0,v2.2,False
1187.2,10.553424657534247,9.19068493150685,0.4542465753424657,92.19960861056752,121,5.273290084957906,17.0,18.43502824858757,0.1665753424657534,3801,3801,1.0,C,390,8,45,1003,screen,21.0,4.0,v2.2,False
1248.6,7.058630136986301,3.951780821917808,1.0356164383561643,97.39628180039138,124,5.734185277603535,21.0,24.48,0.2350684931506849,4725,4725,1.0,C,390,8,45,1003,screen,28.0,0.0,v2.2,False
1219.6,10.24876712328767,7.62027397260274,0.8761643835616438,93.97847358121332,123,4.848531368233384,18.0,20.28368794326241,0.2158904109589041,4613,4613,1.0,C,390,8,45,1003,screen,28.0,2.0,v2.2,False
1183.4,12.485479452054795,10.302465753424658,0.7276712328767123,91.45107632093934,121,5.52505582677397,20.0,20.703389830508478,0.216986301369863,4459,4459,1.0,C,390,8,45,1003,screen,28.0,4.0,v2.2,False
1252.0,7.828493150684931,4.309041095890411,1.1731506849315068,97.20009784735812,124,6.219633173915692,21.0,25.44,0.227945205479452,3983,3983,1.0,C,390,8,45,1004,screen,21.0,0.0,v2.2,False
1238.8,10.352876712328769,7.285479452054794,1.0224657534246575,94.40802348336597,121,5.068540494040274,18.0,19.627777777777776,0.2295890410958904,3857,3857,1.0,C,390,8,45,1004,screen,21.0,2.0,v2.2,False
1215.2,9.80986301369863,7.972054794520548,0.6126027397260274,93.42906066536204,119,4.84230616374238,19.0,20.058823529411764,0.1923287671232876,3794,3794,1.0,C,390,8,45,1004,screen,21.0,4.0,v2.2,False
1254.2,8.012054794520548,4.241095890410959,1.256986301369863,97.33561643835615,124,6.550149606338542,24.0,27.31914893617021,0.2246575342465753,4683,4683,1.0,C,390,8,45,1004,screen,28.0,0.0,v2.2,False
1232.8,9.12,6.277808219178082,0.9473972602739726,95.24070450097848,124,5.06421050808272,18.0,20.87603305785124,0.210958904109589,4711,4711,1.0,C,390,8,45,1004,screen,28.0,2.0,v2.2,False
1215.2,9.80986301369863,7.972054794520548,0.6126027397260274,93.42906066536204,119,4.84230616374238,19.0,20.058823529411764,0.1923287671232876,4522,4522,1.0,C,390,8,45,1004,screen,28.0,4.0,v2.2,False
1239.2,7.149041095890411,4.063561643835617,1.0284931506849315,97.29011741682974,122,5.558276822908923,21.0,22.871559633027523,0.2372602739726027,4130,4130,1.0,C,390,8,45,1005,screen,21.0,0.0,v2.2,False
1221.6,9.328219178082191,6.938082191780822,0.7967123287671233,94.51663405088064,120,3.9491280344699367,15.0,15.98870056497175,0.2153424657534246,4018,4018,1.0,C,390,8,45,1005,screen,21.0,2.0,v2.2,False
1165.4,11.797808219178082,10.147397260273973,0.5501369863013699,91.43101761252446,120,5.725845108890649,21.0,21.761904761904763,0.1983561643835616,3759,3759,1.0,C,390,8,45,1005,screen,21.0,4.0,v2.2,False
1230.8,7.42027397260274,4.370958904109589,1.0164383561643835,97.00489236790608,124,5.577241203537976,21.0,23.6875,0.2235616438356164,4711,4711,1.0,C,390,8,45,1005,screen,28.0,0.0,v2.2,False
1212.6,9.636712328767125,7.290958904109589,0.7819178082191781,94.18835616438356,123,4.830012864683829,18.0,19.932773109243698,0.210958904109589,4669,4669,1.0,C,390,8,45,1005,screen,28.0,2.0,v2.2,False
1204.0,10.85041095890411,8.777534246575343,0.690958904109589,92.779843444227,121,4.687502174957438,17.0,18.23391812865497,0.2142465753424657,4592,4592,1.0,C,390,8,45,1005,screen,28.0,4.0,v2.2,False
1237.2,7.820821917808219,4.224109589041096,1.1989041095890411,97.29892367906066,126,6.575739934313847,21.0,24.84,0.2312328767123287,4074,4074,1.0,C,390,8,45,1006,screen,21.0,0.0,v2.2,False
1221.2,9.353424657534246,6.412602739726028,0.9802739726027396,95.14970645792565,122,5.699676867182103,19.0,22.309278350515463,0.216986301369863,3843,3843,1.0,C,390,8,45,1006,screen,21.0,2.0,v2.2,False
1213.0,9.772054794520548,8.332054794520548,0.48,92.98923679060664,121,4.59172923954327,17.0,18.2265625,0.1857534246575342,3836,3836,1.0,C,390,8,45,1006,screen,21.0,4.0,v2.2,False
1240.2,6.635616438356164,4.013698630136986,0.873972602739726,97.19667318982388,122,4.765365551983171,18.0,20.103092783505154,0.2295890410958904,4767,4767,1.0,C,390,8,45,1006,screen,28.0,0.0,v2.2,False
1244.6,7.936438356164383,5.187945205479452,0.916164383561644,96.18590998043052,122,5.522612350705015,18.0,21.38931297709924,0.2032876712328767,4690,4690,1.0,C,390,8,45,1006,screen,28.0,2.0,v2.2,False
1195.4,11.656986301369862,8.852602739726027,0.9347945205479452,92.93052837573386,121,4.846507685537548,19.0,21.22340425531915,0.2180821917808219,4473,4473,1.0,C,390,8,45,1006,screen,28.0,4.0,v2.2,False
1253.6,6.980821917808219,4.3161643835616434,0.8882191780821918,96.93933463796478,124,5.335679759013599,18.0,22.147058823529413,0.2295890410958904,4102,4102,1.0,C,390,8,45,1007,screen,21.0,0.0,v2.2,False
1218.8,9.561643835616438,6.444931506849315,1.038904109589041,95.17318982387476,123,5.824334305595837,21.0,24.027027027027028,0.2147945205479452,3857,3857,1.0,C,390,8,45,1007,screen,21.0,2.0,v2.2,False
1198.6,11.112328767123287,9.343561643835615,0.5895890410958904,92.18395303326812,118,4.979451889507829,19.0,19.78095238095238,0.2104109589041096,3703,3703,1.0,C,390,8,45,1007,screen,21.0,4.0,v2.2,False
1245.6,7.946301369863014,4.617534246575342,1.1095890410958904,96.8679060665362,125,5.771258259147266,18.0,21.83225806451613,0.2564383561643835,4697,4697,1.0,C,390,8,45,1007,screen,28.0,0.0,v2.2,False
1244.8,9.574246575342466,6.329315068493151,1.0816438356164384,95.31457925636008,125,6.187945872161363,21.0,25.6171875,0.2147945205479452,4627,4627,1.0,C,390,8,45,1007,screen,28.0,2.0,v2.2,False
1198.2,10.644931506849314,9.303561643835616,0.4471232876712329,92.09246575342466,118,5.242994261374099,19.0,19.818897637795278,0.1978082191780822,4431,4431,1.0,C,390,8,45,1007,screen,28.0,4.0,v2.2,False
1229.4,7.37972602739726,4.412602739726028,0.989041095890411,96.94324853228964,123,5.317024639908027,18.0,21.515625,0.2257534246575342,4067,4067,1.0,C,390,8,45,1008,screen,21.0,0.0,v2.2,False
1219.4,9.461917808219178,6.601643835616438,0.9534246575342464,94.95694716242662,125,4.81167276369741,18.0,20.205882352941178,0.2098630136986301,4011,4011,1.0,C,390,8,45,1008,screen,21.0,2.0,v2.2,False
1177.4,12.226849315068494,9.675616438356164,0.8504109589041096,92.12035225048923,121,5.835936968302972,22.0,23.244274809160306,0.2136986301369863,3703,3703,1.0,C,390,8,45,1008,screen,21.0,4.0,v2.2,False
1216.2,8.054246575342466,4.704109589041096,1.1167123287671232,96.79696673189824,124,5.771490616934265,21.0,24.39130434782609,0.2295890410958904,4732,4732,1.0,C,390,8,45,1008,screen,28.0,0.0,v2.2,False
1213.6,8.615890410958905,5.962739726027397,0.8843835616438356,95.46575342465754,121,4.784600387198145,18.0,19.867346938775512,0.2104109589041096,4704,4704,1.0,C,390,8,45,1008,screen,28.0,2.0,v2.2,False
1207.0,10.634520547945206,8.472876712328768,0.7205479452054795,93.07827788649706,120,4.478336328921032,18.0,18.80188679245283,0.2202739726027397,4578,4578,1.0,C,390,8,45,1008,screen,28.0,4.0,v2.2,False
1239.4,7.835616438356165,4.396712328767124,1.1463013698630138,97.09784735812131,126,5.978336481801765,21.0,24.8,0.2487671232876712,3997,3997,1.0,C,390,8,45,1009,screen,21.0,0.0,v2.2,False
1230.4,8.128767123287671,6.205479452054795,0.6410958904109589,95.03180039138942,120,4.191596891271693,15.0,16.613445378151262,0.1797260273972602,3955,3955,1.0,C,390,8,45,1009,screen,21.0,2.0,v2.2,False
1209.4,10.558904109589042,8.226301369863014,0.7775342465753424,93.34931506849315,120,4.519203530795194,17.0,18.294117647058822,0.2016438356164383,3766,3766,1.0,C,390,8,45,1009,screen,21.0,4.0,v2.2,False
1234.0,6.54958904109589,3.7813698630136985,0.9227397260273972,97.44765166340508,121,4.717325417688615,15.0,18.0,0.2783561643835616,4746,4746,1.0,C,390,8,45,1009,screen,28.0,0.0,v2.2,False
1241.4,8.473424657534247,5.688767123287671,0.9282191780821918,95.7495107632094,123,5.102188271930057,21.0,23.516129032258064,0.2005479452054794,4739,4739,1.0,C,390,8,45,1009,screen,28.0,2.0,v2.2,False
1209.4,10.553972602739726,8.221369863013699,0.7775342465753424,93.35371819960862,120,4.512952466662401,17.0,18.294117647058822,0.2016438356164383,4550,4550,1.0,C,390,8,45,1009,screen,28.0,4.0,v2.2,False
1133.8,19.762739726027398,10.762739726027398,3.0,93.06898238747554,130,10.361668836933427,39.0,43.75423728813559,0.3375342465753425,3612,3612,1.0,C,402,9,35,1000,screen,21.0,0.0,v2.2.1,True
1107.2,19.03232876712329,11.441095890410958,2.5304109589041097,92.0440313111546,130,9.46435755489725,36.0,40.625,0.32273972602739726,3556,3556,1.0,C,402,9,35,1000,screen,21.0,2.0,v2.2.1,True
1056.2,19.89917808219178,13.777534246575343,2.0405479452054793,89.52054794520548,128,9.069101460330288,33.0,36.26315789473684,0.3013698630136986,3416,3416,1.0,C,402,9,35,1000,screen,21.0,4.0,v2.2.1,True
1114.8,19.012054794520548,10.944109589041096,2.689315068493151,92.62964774951075,130,9.415009211992741,36.0,40.53543307086614,0.32821917808219175,4424,4424,1.0,C,402,9,35,1000,screen,28.0,0.0,v2.2.1,True
1084.2,19.795616438356163,12.235616438356164,2.52,91.32534246575342,129,9.667463431268052,36.0,40.39090909090909,0.32164383561643833,4256,4256,1.0,C,402,9,35,1000,screen,28.0,2.0,v2.2.1,True
1066.2,20.805479452054794,13.432876712328767,2.4575342465753423,90.20058708414872,129,9.406626339020352,36.0,40.11504424778761,0.3178082191780822,4214,4214,1.0,C,402,9,35,1000,screen,28.0,4.0,v2.2.1,True
1149.0,19.166027397260272,10.30904109589041,2.9523287671232876,93.43150684931507,131,10.352045884821123,39.0,42.97674418604651,0.3265753424657534,3675,3675,1.0,C,402,9,35,1001,screen,21.0,0.0,v2.2.1,True
1084.6,19.225205479452054,12.395068493150685,2.276712328767123,90.96575342465754,128,8.58690227330472,33.0,37.3109243697479,0.32,3486,3486,1.0,C,402,9,35,1001,screen,21.0,2.0,v2.2.1,True
1053.2,19.99890410958904,13.938082191780822,2.0202739726027397,89.35909980430529,128,9.055990487552783,34.0,37.34905660377358,0.30082191780821915,3416,3416,1.0,C,402,9,35,1001,screen,21.0,4.0,v2.2.1,True
1119.0,19.23123287671233,10.691506849315068,2.8465753424657536,92.99559686888453,131,9.62237716958005,39.0,42.88392857142857,0.3408219178082192,4445,4445,1.0,C,402,9,35,1001,screen,28.0,0.0,v2.2.1,True
1095.0,18.84986301369863,12.09041095890411,2.253150684931507,91.21673189823875,127,8.543068855782769,33.0,37.336363636363636,0.31397260273972605,4403,4403,1.0,C,402,9,35,1001,screen,28.0,2.0,v2.2.1,True
1053.2,19.99890410958904,13.938082191780822,2.0202739726027397,89.35909980430529,128,9.055990487552783,34.0,37.34905660377358,0.30082191780821915,4172,4172,1.0,C,402,9,35,1001,screen,28.0,4.0,v2.2.1,True
1126.2,18.90684931506849,10.58904109589041,2.7726027397260276,93.02103718199609,129,9.626642158373485,36.0,40.69465648854962,0.3320547945205479,3619,3619,1.0,C,402,9,35,1002,screen,21.0,0.0,v2.2.1,True
1076.4,20.218082191780823,12.80109589041096,2.4723287671232876,90.77788649706457,130,9.082564850227698,33.0,38.06106870229008,0.32,3479,3479,1.0,C,402,9,35,1002,screen,21.0,2.0,v2.2.1,True
1058.0,19.637260273972604,13.803287671232876,1.9446575342465753,89.4119373776908,128,8.853518798837277,33.0,36.308510638297875,0.3052054794520548,3423,3423,1.0,C,402,9,35,1002,screen,21.0,4.0,v2.2.1,True
1117.4,19.283287671232877,11.139726027397261,2.7145205479452055,92.4774951076321,130,9.677262991665225,39.0,42.8936170212766,0.3254794520547945,4431,4431,1.0,C,402,9,35,1002,screen,28.0,0.0,v2.2.1,True
1081.4,19.804931506849314,12.743013698630136,2.353972602739726,90.72407045009786,128,8.677347362290757,33.0,36.044444444444444,0.31068493150684934,4305,4305,1.0,C,402,9,35,1002,screen,28.0,2.0,v2.2.1,True
1062.0,19.306849315068494,13.29041095890411,2.0054794520547947,89.92416829745596,128,8.39323311080964,32.0,35.72164948453608,0.3156164383561644,4228,4228,1.0,C,402,9,35,1002,screen,28.0,4.0,v2.2.1,True
1108.8,20.74684931506849,11.988493150684931,2.9194520547945206,91.90264187866927,129,10.019800692231376,39.0,43.0546875,0.3315068493150685,3570,3570,1.0,C,402,9,35,1003,screen,21.0,0.0,v2.2.1,True
1070.4,19.930958904109588,12.495890410958904,2.4783561643835617,91.05577299412916,130,8.695926300431868,36.0,39.275510204081634,0.3287671232876712,3507,3507,1.0,C,402,9,35,1003,screen,21.0,2.0,v2.2.1,True
1063.0,19.884383561643837,13.69041095890411,2.0646575342465754,89.61986301369863,128,8.879326377276788,33.0,35.52173913043478,0.31397260273972605,3472,3472,1.0,C,402,9,35,1003,screen,21.0,4.0,v2.2.1,True
1109.0,20.07013698630137,11.16876712328767,2.967123287671233,92.6771037181996,130,10.070448736543335,39.0,43.693548387096776,0.3326027397260274,4424,4424,1.0,C,402,9,35,1003,screen,28.0,0.0,v2.2.1,True
1070.4,19.930958904109588,12.495890410958904,2.4783561643835617,91.05577299412916,130,8.695926300431868,36.0,39.275510204081634,0.3287671232876712,4284,4284,1.0,C,402,9,35,1003,screen,28.0,2.0,v2.2.1,True
1064.6,19.122739726027397,13.252602739726028,1.9567123287671233,89.91438356164385,128,8.686312909599234,32.0,35.34905660377358,0.3167123287671233,4165,4165,1.0,C,402,9,35,1003,screen,28.0,4.0,v2.2.1,True
1122.4,18.97205479452055,10.848219178082191,2.707945205479452,92.73189823874756,130,10.146286774185592,39.0,44.56701030927835,0.32273972602739726,3577,3577,1.0,C,402,9,35,1004,screen,21.0,0.0,v2.2.1,True
1078.2,20.24876712328767,12.675616438356164,2.5243835616438357,90.93639921722114,129,9.358510636902851,36.0,39.95652173913044,0.3221917808219178,3472,3472,1.0,C,402,9,35,1004,screen,21.0,2.0,v2.2.1,True
1049.6,19.5413698630137,13.299726027397261,2.0805479452054794,89.98287671232877,127,8.565892898511066,31.0,35.352380952380955,0.32493150684931504,3409,3409,1.0,C,402,9,35,1004,screen,21.0,4.0,v2.2.1,True
1126.6,19.11945205479452,10.341369863013698,2.926027397260274,93.37915851272015,132,10.298557412924916,39.0,43.76146788990825,0.3375342465753425,4417,4417,1.0,C,402,9,35,1004,screen,28.0,0.0,v2.2.1,True
1107.4,20.211506849315068,12.181369863013698,2.6767123287671235,91.51369863013699,129,9.433642855219132,39.0,42.287234042553195,0.3271232876712329,4319,4319,1.0,C,402,9,35,1004,screen,28.0,2.0,v2.2.1,True
1046.6,20.724383561643837,14.185205479452055,2.17972602739726,89.28082191780821,128,9.01352434537843,34.0,36.86538461538461,0.31616438356164384,4172,4172,1.0,C,402,9,35,1004,screen,28.0,4.0,v2.2.1,True
1111.8,19.414794520547947,10.904657534246576,2.836712328767123,92.79647749510764,129,9.537466531750882,39.0,42.19444444444444,0.3320547945205479,3633,3633,1.0,C,402,9,35,1005,screen,21.0,0.0,v2.2.1,True
1075.4,21.24164383561644,13.083287671232876,2.7194520547945205,90.74657534246576,130,9.472965777920678,36.0,39.9375,0.3238356164383562,3493,3493,1.0,C,402,9,35,1005,screen,21.0,2.0,v2.2.1,True
1034.8,20.765479452054795,14.03890410958904,2.242191780821918,89.46722113502935,128,9.085414171126091,34.0,37.94949494949495,0.31452054794520545,3409,3409,1.0,C,402,9,35,1005,screen,21.0,4.0,v2.2.1,True
1115.0,19.475616438356166,10.914520547945205,2.853698630136986,92.80283757338552,129,9.44841618966643,39.0,42.1747572815534,0.3336986301369863,4452,4452,1.0,C,402,9,35,1005,screen,28.0,0.0,v2.2.1,True
1081.4,21.49150684931507,12.87945205479452,2.8706849315068492,91.06360078277886,130,9.690272476959649,39.0,43.41346153846154,0.3336986301369863,4214,4214,1.0,C,402,9,35,1005,screen,28.0,2.0,v2.2.1,True
1061.2,21.026301369863013,13.872328767123287,2.3846575342465752,89.74315068493152,130,9.403851439371826,36.0,39.700934579439256,0.3167123287671233,4165,4165,1.0,C,402,9,35,1005,screen,28.0,4.0,v2.2.1,True
1149.0,18.88986301369863,10.256438356164384,2.8778082191780823,93.4119373776908,131,10.189080371062879,39.0,43.232142857142854,0.3326027397260274,3633,3633,1.0,C,402,9,35,1006,screen,21.0,0.0,v2.2.1,True
1082.4,19.720547945205478,12.484383561643835,2.412054794520548,91.0068493150685,128,9.362798476610854,36.0,40.25892857142857,0.3271232876712329,3458,3458,1.0,C,402,9,35,1006,screen,21.0,2.0,v2.2.1,True
1052.4,19.705205479452054,13.49972602739726,2.0684931506849313,89.793542074364,127,8.82453842252296,33.0,35.99152542372882,0.32767123287671235,3353,3353,1.0,C,402,9,35,1006,screen,21.0,4.0,v2.2.1,True
1119.6,19.57917808219178,10.641643835616438,2.979178082191781,93.15851272015657,131,10.27427615068682,39.0,44.0,0.3336986301369863,4368,4368,1.0,C,402,9,35,1006,screen,28.0,0.0,v2.2.1,True
1085.2,18.599452054794522,11.696986301369863,2.300821917808219,91.61056751467711,130,8.710631971832713,33.0,37.99090909090909,0.32602739726027397,4305,4305,1.0,C,402,9,35,1006,screen,28.0,2.0,v2.2.1,True
1050.2,19.733698630136985,13.623561643835616,2.0367123287671234,89.6545988258317,128,8.484266189304089,32.0,35.676767676767675,0.3189041095890411,4165,4165,1.0,C,402,9,35,1006,screen,28.0,4.0,v2.2.1,True
1110.2,17.593972602739726,10.001095890410959,2.530958904109589,93.33023483365949,128,9.295293732873068,33.0,38.184,0.3238356164383562,3703,3703,1.0,C,402,9,35,1007,screen,21.0,0.0,v2.2.1,True
1075.6,18.85698630136986,11.966027397260273,2.296986301369863,91.366927592955,129,8.378507167748298,33.0,37.127272727272725,0.3320547945205479,3521,3521,1.0,C,402,9,35,1007,screen,21.0,2.0,v2.2.1,True
1054.4,19.82191780821918,13.373150684931506,2.1495890410958904,89.97896281800391,129,8.805560546569051,33.0,36.39622641509434,0.3150684931506849,3444,3444,1.0,C,402,9,35,1007,screen,21.0,4.0,v2.2.1,True
1131.4,17.17150684931507,9.06082191780822,2.7035616438356165,94.32387475538161,130,9.71330584828271,36.0,40.822429906542055,0.3293150684931507,4557,4557,1.0,C,402,9,35,1007,screen,28.0,0.0,v2.2.1,True
1091.0,18.53095890410959,11.52,2.336986301369863,91.80088062622309,130,8.80952499932719,33.0,36.8,0.3167123287671233,4347,4347,1.0,C,402,9,35,1007,screen,28.0,2.0,v2.2.1,True
1041.8,20.31013698630137,13.87945205479452,2.1435616438356164,89.52152641878669,129,9.075356502644077,33.0,36.0514705882353,0.31397260273972605,4214,4214,1.0,C,402,9,35,1007,screen,28.0,4.0,v2.2.1,True
1125.8,18.54849315068493,10.09917808219178,2.8164383561643835,93.49755381604696,130,9.838553058847465,39.0,43.484848484848484,0.33315068493150685,3647,3647,1.0,C,402,9,35,1008,screen,21.0,0.0,v2.2.1,True
1063.4,19.806575342465752,12.549041095890411,2.419178082191781,90.9554794520548,127,8.475284018680927,33.0,36.604838709677416,0.3271232876712329,3528,3528,1.0,C,402,9,35,1008,screen,21.0,2.0,v2.2.1,True
1036.2,19.95013698630137,14.198356164383561,1.9172602739726028,89.03473581213308,129,9.370026823207496,33.0,36.93913043478261,0.31616438356164384,3381,3381,1.0,C,402,9,35,1008,screen,21.0,4.0,v2.2.1,True
1125.8,18.425753424657533,9.945205479452055,2.8268493150684932,93.64432485322897,130,9.81786406600505,39.0,43.484848484848484,0.33534246575342463,4452,4452,1.0,C,402,9,35,1008,screen,28.0,0.0,v2.2.1,True
1083.2,19.90082191780822,12.212602739726027,2.5627397260273974,91.38405088062622,129,8.996741880017437,36.0,39.38532110091743,0.32,4396,4396,1.0,C,402,9,35,1008,screen,28.0,2.0,v2.2.1,True
1057.0,20.607123287671232,14.095890410958905,2.1704109589041094,89.3522504892368,129,9.355295297752342,36.0,38.806451612903224,0.3101369863013699,4207,4207,1.0,C,402,9,35,1008,screen,28.0,4.0,v2.2.1,True
1126.2,19.884383561643837,10.943561643835617,2.9802739726027396,92.8899217221135,132,10.495837858541824,42.0,46.096774193548384,0.32821917808219175,3584,3584,1.0,C,402,9,35,1009,screen,21.0,0.0,v2.2.1,True
1070.4,19.610958904109587,12.848219178082191,2.254246575342466,90.54109589041096,130,8.458612501504772,33.0,37.56122448979592,0.31726027397260276,3486,3486,1.0,C,402,9,35,1009,screen,21.0,2.0,v2.2.1,True
1037.2,21.354520547945206,14.88931506849315,2.1550684931506847,88.63013698630137,127,9.382807427540136,34.0,36.706422018348626,0.31616438356164384,3325,3325,1.0,C,402,9,35,1009,screen,21.0,4.0,v2.2.1,True
1140.2,18.766575342465753,9.963835616438356,2.9342465753424656,93.72358121330724,133,10.261775464730087,39.0,43.54054054054054,0.3293150684931507,4459,4459,1.0,C,402,9,35,1009,screen,28.0,0.0,v2.2.1,True
1070.4,19.610958904109587,12.848219178082191,2.254246575342466,90.54109589041096,130,8.458612501504772,33.0,37.56122448979592,0.31726027397260276,4228,4228,1.0,C,402,9,35,1009,screen,28.0,2.0,v2.2.1,True
1064.2,20.30301369863014,13.607671232876712,2.231780821917808,89.84295499021526,129,8.94002413211601,33.0,36.75968992248062,0.31616438356164384,4109,4109,1.0,C,402,9,35,1009,screen,28.0,4.0,v2.2.1,True
1126.8,15.627397260273971,8.524383561643836,2.367671232876712,94.50293542074364,128,8.277950729308342,30.0,33.51351351351352,0.3221917808219178,3668,3668,1.0,C,402,9,40,1000,screen,21.0,0.0,v2.2,False
1083.0,16.904109589041095,11.262465753424658,1.8805479452054796,91.62328767123287,125,7.259605674510645,27.0,29.289473684210527,0.3095890410958904,3493,3493,1.0,C,402,9,40,1000,screen,21.0,2.0,v2.2,False
1070.8,18.193424657534248,12.45972602739726,1.9112328767123288,90.5817025440313,127,7.836693979647392,30.0,32.57664233576642,0.3068493150684931,3423,3423,1.0,C,402,9,40,1000,screen,21.0,4.0,v2.2,False
1131.8,14.923835616438357,8.223561643835616,2.2334246575342465,94.65166340508809,128,8.041095555713856,30.0,33.34959349593496,0.3183561643835616,4487,4487,1.0,C,402,9,40,1000,screen,28.0,0.0,v2.2,False
1081.2,16.84109589041096,10.90027397260274,1.98027397260274,92.03571428571428,125,7.040060719817454,27.0,29.103896103896105,0.303013698630137,4326,4326,1.0,C,402,9,40,1000,screen,28.0,2.0,v2.2,False
1070.8,18.193424657534248,12.45972602739726,1.9112328767123288,90.5817025440313,127,7.836693979647392,30.0,32.57664233576642,0.3068493150684931,4200,4200,1.0,C,402,9,40,1000,screen,28.0,4.0,v2.2,False
1129.6,16.476712328767125,9.436164383561644,2.3468493150684933,93.67025440313112,129,8.31972332489704,30.0,34.584,0.3227397260273972,3626,3626,1.0,C,402,9,40,1001,screen,21.0,0.0,v2.2,False
1094.4,15.894794520547944,10.736438356164385,1.7194520547945205,91.9491193737769,125,7.139117306393252,27.0,29.96694214876033,0.3035616438356164,3493,3493,1.0,C,402,9,40,1001,screen,21.0,2.0,v2.2,False
1057.0,17.891506849315068,13.433424657534246,1.486027397260274,89.33268101761253,125,8.147035515772934,30.0,31.6,0.284931506849315,3423,3423,1.0,C,402,9,40,1001,screen,21.0,4.0,v2.2,False
1129.6,16.52931506849315,9.436164383561644,2.364383561643836,93.68590998043052,129,8.3575748826301,30.0,34.54761904761905,0.3227397260273972,4459,4459,1.0,C,402,9,40,1001,screen,28.0,0.0,v2.2,False
1067.6,17.193972602739727,11.052602739726028,2.047123287671233,91.95939334637964,126,7.705564949724609,29.799999999999955,33.07608695652174,0.3221917808219178,4214,4214,1.0,C,402,9,40,1001,screen,28.0,2.0,v2.2,False
1042.2,17.64,13.352876712328769,1.429041095890411,89.35371819960861,125,8.005428530997719,29.0,30.928571428571427,0.290958904109589,4116,4116,1.0,C,402,9,40,1001,screen,28.0,4.0,v2.2,False
1119.0,16.24164383561644,9.08109589041096,2.3868493150684933,94.02299412915852,128,8.010014122565043,30.0,34.72641509433962,0.3282191780821917,3535,3535,1.0,C,402,9,40,1002,screen,21.0,0.0,v2.2,False
1083.8,15.453698630136984,9.828493150684931,1.875068493150685,92.89872798434445,126,6.846945852554307,27.0,30.303030303030305,0.3112328767123287,3521,3521,1.0,C,402,9,40,1002,screen,21.0,2.0,v2.2,False
1039.2,16.983561643835618,12.814794520547943,1.3895890410958904,89.79892367906066,126,7.694535072580872,28.0,29.329787234042552,0.2926027397260274,3360,3360,1.0,C,402,9,40,1002,screen,21.0,4.0,v2.2,False
1127.8,16.05972602739726,9.436712328767124,2.2076712328767125,93.54549902152642,126,7.083558685644387,27.0,30.257142857142856,0.330958904109589,4235,4235,1.0,C,402,9,40,1002,screen,28.0,0.0,v2.2,False
1077.8,16.184109589041096,10.71835616438356,1.821917808219178,92.05675146771036,128,6.8438144044106535,27.0,29.08910891089109,0.3232876712328767,4179,4179,1.0,C,402,9,40,1002,screen,28.0,2.0,v2.2,False
1041.0,16.745205479452054,12.753972602739726,1.3304109589041095,89.80039138943249,126,7.706674331238927,28.0,29.291666666666668,0.2936986301369863,4151,4151,1.0,C,402,9,40,1002,screen,28.0,4.0,v2.2,False
1101.2,15.63013698630137,8.287123287671234,2.4476712328767123,94.78620352250488,128,8.260935816380902,30.0,32.449367088607595,0.3260273972602739,3654,3654,1.0,C,402,9,40,1003,screen,21.0,0.0,v2.2,False
1096.8,17.06958904109589,10.990684931506848,2.0263013698630137,91.99608610567516,126,7.427727886272585,28.799999999999955,32.0,0.3041095890410959,3577,3577,1.0,C,402,9,40,1003,screen,21.0,2.0,v2.2,False
1072.8,16.622465753424656,11.792876712328766,1.60986301369863,90.90802348336597,125,6.678342800207071,26.0,27.590476190476192,0.3024657534246575,3430,3430,1.0,C,402,9,40,1003,screen,21.0,4.0,v2.2,False
1098.8,16.472876712328766,9.432328767123288,2.3468493150684933,93.67367906066536,128,8.485892168630283,33.0,34.86734693877551,0.3178082191780822,4501,4501,1.0,C,402,9,40,1003,screen,28.0,0.0,v2.2,False
1090.2,17.007123287671234,11.376986301369865,1.8767123287671232,91.51761252446184,125,7.4313712179060545,29.0,31.78494623655914,0.3046575342465753,4242,4242,1.0,C,402,9,40,1003,screen,28.0,2.0,v2.2,False
1055.4,17.60109589041096,12.91123287671233,1.5632876712328767,89.86790606653621,124,7.490476329344553,28.0,29.74137931034483,0.2887671232876712,4242,4242,1.0,C,402,9,40,1003,screen,28.0,4.0,v2.2,False
1124.6,15.148493150684931,8.492602739726028,2.218630136986301,94.3982387475538,125,7.716991049182337,30.0,32.333333333333336,0.3232876712328767,3570,3570,1.0,C,402,9,40,1004,screen,21.0,0.0,v2.2,False
1058.4,17.356164383561644,11.704657534246577,1.883835616438356,91.23140900195696,125,7.623561596808387,30.0,32.361111111111114,0.3024657534246575,3472,3472,1.0,C,402,9,40,1004,screen,21.0,2.0,v2.2,False
1052.8,18.008219178082193,13.311780821917807,1.5654794520547946,89.51223091976516,124,8.073839493231269,30.0,31.414414414414413,0.2986301369863013,3444,3444,1.0,C,402,9,40,1004,screen,21.0,4.0,v2.2,False
1105.0,15.544657534246577,8.933150684931507,2.203835616438356,93.9916829745597,125,7.181948100256649,27.0,29.115384615384617,0.3243835616438356,4368,4368,1.0,C,402,9,40,1004,screen,28.0,0.0,v2.2,False
1087.0,16.936986301369863,11.234520547945204,1.900821917808219,91.66634050880626,124,7.219755177022969,29.0,30.696969696969692,0.3024657534246575,4270,4270,1.0,C,402,9,40,1004,screen,28.0,2.0,v2.2,False
1045.8,17.26958904109589,12.947945205479453,1.4405479452054797,89.72553816046967,123,7.515166032755354,28.0,29.86238532110092,0.2904109589041095,4137,4137,1.0,C,402,9,40,1004,screen,28.0,4.0,v2.2,False
1108.8,15.61917808219178,8.843287671232877,2.2586301369863016,94.12084148727983,126,7.873880064026708,30.0,33.75,0.3194520547945205,3640,3640,1.0,C,402,9,40,1005,screen,21.0,0.0,v2.2,False
1095.2,16.84054794520548,11.20054794520548,1.88,91.67808219178085,125,7.773401266077231,30.0,31.609929078014183,0.3013698630136986,3556,3556,1.0,C,402,9,40,1005,screen,21.0,2.0,v2.2,False
1046.4,17.316712328767125,12.745205479452055,1.5238356164383562,89.98091976516635,124,7.300975521891367,28.0,29.618181818181817,0.296986301369863,3437,3437,1.0,C,402,9,40,1005,screen,21.0,4.0,v2.2,False
1117.2,16.0827397260274,9.860821917808218,2.073972602739726,93.04745596868884,127,8.275562017187257,30.0,33.33606557377049,0.3035616438356164,4445,4445,1.0,C,402,9,40,1005,screen,28.0,0.0,v2.2,False
1106.8,16.573150684931505,10.808219178082192,1.9216438356164385,92.06555772994128,125,7.91527519108697,30.0,31.631205673758867,0.3002739726027397,4340,4340,1.0,C,402,9,40,1005,screen,28.0,2.0,v2.2,False
1046.4,17.316712328767125,12.745205479452055,1.5238356164383562,89.98091976516635,124,7.300975521891367,28.0,29.618181818181817,0.296986301369863,4200,4200,1.0,C,402,9,40,1005,screen,28.0,4.0,v2.2,False
1141.2,14.612054794520548,7.755616438356163,2.2854794520547945,95.11594911937378,127,8.217150669701443,30.0,32.603305785123965,0.313972602739726,3626,3626,1.0,C,402,9,40,1006,screen,21.0,0.0,v2.2,False
1084.0,15.9413698630137,10.464109589041096,1.8257534246575344,92.2871819960861,125,6.796651917607168,26.0,28.718446601941743,0.3101369863013699,3458,3458,1.0,C,402,9,40,1006,screen,21.0,2.0,v2.2,False
1040.4,17.226301369863013,13.20054794520548,1.341917808219178,89.4119373776908,124,7.654388201279106,28.0,29.52586206896552,0.296986301369863,3402,3402,1.0,C,402,9,40,1006,screen,21.0,4.0,v2.2,False
1153.4,13.631232876712328,7.138082191780822,2.164383561643836,95.5591976516634,127,8.417844054982622,30.0,33.40625,0.3117808219178082,4452,4452,1.0,C,402,9,40,1006,screen,28.0,0.0,v2.2,False
1079.0,15.374246575342466,10.225753424657537,1.7161643835616438,92.40215264187869,126,6.831757530745958,27.0,28.632478632478637,0.3002739726027397,4291,4291,1.0,C,402,9,40,1006,screen,28.0,2.0,v2.2,False
1040.4,17.226301369863013,13.20054794520548,1.341917808219178,89.4119373776908,124,7.654388201279106,28.0,29.52586206896552,0.296986301369863,4109,4109,1.0,C,402,9,40,1006,screen,28.0,4.0,v2.2,False
1135.8,15.135342465753425,8.500821917808219,2.2115068493150685,94.38454011741683,128,8.029126337457287,30.0,32.8,0.3134246575342466,3626,3626,1.0,C,402,9,40,1007,screen,21.0,0.0,v2.2,False
1107.2,16.26027397260274,10.635068493150683,1.875068493150685,92.17857142857142,126,7.098051138781512,28.0,30.528846153846157,0.3041095890410959,3577,3577,1.0,C,402,9,40,1007,screen,21.0,2.0,v2.2,False
1045.6,18.004383561643834,12.908493150684931,1.6986301369863013,89.99119373776908,126,7.688278734324053,29.0,30.965217391304343,0.3024657534246575,3430,3430,1.0,C,402,9,40,1007,screen,21.0,4.0,v2.2,False
1142.6,13.261369863013698,7.387945205479452,1.957808219178082,95.15166340508809,128,7.712569719300961,27.0,31.24576271186441,0.3057534246575342,4487,4487,1.0,C,402,9,40,1007,screen,28.0,0.0,v2.2,False
1105.6,16.257534246575343,10.74904109589041,1.836164383561644,92.04207436399216,126,7.15151494900553,28.0,30.62857142857143,0.3019178082191781,4368,4368,1.0,C,402,9,40,1007,screen,28.0,2.0,v2.2,False
1038.8,17.447123287671232,13.30958904109589,1.3791780821917807,89.34784735812133,124,7.553796368835428,27.0,28.31205673758865,0.2964383561643836,4207,4207,1.0,C,402,9,40,1007,screen,28.0,4.0,v2.2,False
1111.6,15.888219178082192,8.836164383561643,2.350684931506849,94.20939334637966,127,8.38921602809045,33.0,36.8936170212766,0.3205479452054794,3605,3605,1.0,C,402,9,40,1008,screen,21.0,0.0,v2.2,False
1066.0,15.844931506849315,10.576438356164385,1.7561643835616438,92.1247553816047,123,6.483832610118016,25.799999999999955,27.92391304347826,0.3052054794520548,3563,3563,1.0,C,402,9,40,1008,screen,21.0,2.0,v2.2,False
1057.4,18.24383561643836,13.213698630136989,1.6767123287671233,89.69911937377691,124,7.673736722091838,30.0,31.52777777777778,0.2958904109589041,3458,3458,1.0,C,402,9,40,1008,screen,21.0,4.0,v2.2,False
1116.8,15.184657534246575,8.638904109589042,2.181917808219178,94.2348336594912,126,7.397500259799081,30.0,32.76699029126213,0.3194520547945205,4347,4347,1.0,C,402,9,40,1008,screen,28.0,0.0,v2.2,False
1082.6,15.967123287671232,10.254794520547945,1.904109589041096,92.5440313111546,130,7.235164320160671,27.0,30.277310924369747,0.3068493150684931,4312,4312,1.0,C,402,9,40,1008,screen,28.0,2.0,v2.2,False
1045.2,17.973150684931507,13.411506849315067,1.5205479452054795,89.383072407045,125,7.953320653715171,30.0,31.94495412844037,0.2964383561643836,4193,4193,1.0,C,402,9,40,1008,screen,28.0,4.0,v2.2,False
1096.0,17.058630136986302,10.111780821917808,2.3156164383561646,93.03913894324852,126,7.518206212756754,30.0,32.76724137931034,0.3260273972602739,3584,3584,1.0,C,402,9,40,1009,screen,21.0,0.0,v2.2,False
1078.4,16.417534246575343,11.301917808219178,1.7052054794520548,91.43150684931508,124,6.729494475100709,26.0,28.7843137254902,0.3112328767123287,3472,3472,1.0,C,402,9,40,1009,screen,21.0,2.0,v2.2,False
1061.6,18.19506849315069,12.716164383561644,1.8263013698630135,90.27690802348336,126,7.220696816029063,28.0,30.233009708737864,0.3063013698630137,3395,3395,1.0,C,402,9,40,1009,screen,21.0,4.0,v2.2,False
1128.0,14.3786301369863,8.14027397260274,2.0794520547945203,94.5885518590998,127,7.770677232875796,27.0,31.60169491525424,0.3101369863013699,4515,4515,1.0,C,402,9,40,1009,screen,28.0,0.0,v2.2,False
1098.4,15.764383561643836,10.083287671232876,1.8936986301369865,92.68786692759296,125,6.409828533313822,25.0,28.541666666666668,0.3271232876712329,4186,4186,1.0,C,402,9,40,1009,screen,28.0,2.0,v2.2,False
1048.2,17.643287671232876,12.775890410958905,1.6224657534246576,90.04158512720156,126,7.354986235107808,28.0,30.22641509433962,0.3073972602739726,4130,4130,1.0,C,402,9,40,1009,screen,28.0,4.0,v2.2,False
1221.4,12.26027397260274,6.801095890410959,1.81972602739726,95.55234833659492,125,7.863465162046719,27.0,30.214285714285715,0.2871232876712328,3738,3738,1.0,C,402,9,45,1000,screen,21.0,0.0,v2.2,False
1181.0,13.388493150684932,8.746301369863014,1.5473972602739725,93.57240704500978,124,6.063152585430531,24.0,26.526315789473685,0.2712328767123287,3654,3654,1.0,C,402,9,45,1000,screen,21.0,2.0,v2.2,False
1107.2,16.626849315068494,12.117808219178082,1.503013698630137,90.5225048923679,124,7.066681318653671,26.0,27.495495495495497,0.2717808219178082,3451,3451,1.0,C,402,9,45,1000,screen,21.0,4.0,v2.2,False
1226.4,12.169863013698633,7.026301369863014,1.7145205479452057,95.2573385518591,126,7.185639250585698,27.0,28.959183673469383,0.2663013698630137,4704,4704,1.0,C,402,9,45,1000,screen,28.0,0.0,v2.2,False
1181.0,13.388493150684932,8.746301369863014,1.5473972602739725,93.57240704500978,124,6.063152585430531,24.0,26.526315789473685,0.2712328767123287,4473,4473,1.0,C,402,9,45,1000,screen,28.0,2.0,v2.2,False
1145.2,14.492602739726028,11.03068493150685,1.153972602739726,91.18150684931508,125,6.533405645564043,23.0,25.16197183098592,0.2630136986301369,4242,4242,1.0,C,402,9,45,1000,screen,28.0,4.0,v2.2,False
1235.0,11.458082191780822,7.256438356164383,1.4005479452054794,94.77152641878668,122,5.653996572429791,21.0,23.03921568627451,0.2646575342465753,3759,3759,1.0,C,402,9,45,1001,screen,21.0,0.0,v2.2,False
1206.8,12.730958904109588,8.585205479452055,1.381917808219178,93.56849315068494,123,5.710433127464537,23.0,24.638297872340427,0.2712328767123287,3626,3626,1.0,C,402,9,45,1001,screen,21.0,2.0,v2.2,False
1166.0,13.501917808219178,10.05972602739726,1.1473972602739726,92.04256360078278,123,6.121227950910891,22.0,25.37894736842105,0.2416438356164383,3563,3563,1.0,C,402,9,45,1001,screen,21.0,4.0,v2.2,False
1242.2,11.552328767123289,7.077808219178082,1.4915068493150685,95.01223091976516,122,5.970287018631129,24.0,25.598130841121492,0.2597260273972602,4627,4627,1.0,C,402,9,45,1001,screen,28.0,0.0,v2.2,False
1188.8,13.56,8.631780821917808,1.6427397260273973,93.75978473581212,123,6.113764309743034,24.0,26.37391304347826,0.2767123287671232,4361,4361,1.0,C,402,9,45,1001,screen,28.0,2.0,v2.2,False
1125.6,14.763835616438357,10.77917808219178,1.3282191780821917,91.56164383561644,124,6.43673722915374,24.0,25.35251798561151,0.2597260273972602,4235,4235,1.0,C,402,9,45,1001,screen,28.0,4.0,v2.2,False
1233.0,11.617534246575342,6.87013698630137,1.5824657534246576,95.27886497064578,123,6.574682256018457,24.0,25.99137931034483,0.2695890410958904,3843,3843,1.0,C,402,9,45,1002,screen,21.0,0.0,v2.2,False
1164.8,13.683287671232875,9.055890410958904,1.5424657534246575,93.29158512720156,123,6.331094087374372,24.0,26.125,0.2728767123287671,3591,3591,1.0,C,402,9,45,1002,screen,21.0,2.0,v2.2,False
1151.6,15.005479452054796,11.134246575342466,1.2904109589041095,91.21086105675148,124,6.4189423456156245,24.0,25.162337662337663,0.2646575342465753,3514,3514,1.0,C,402,9,45,1002,screen,21.0,4.0,v2.2,False
1233.0,11.606575342465751,6.8591780821917805,1.5824657534246576,95.28864970645792,123,6.58270265810538,24.0,25.99137931034483,0.2695890410958904,4683,4683,1.0,C,402,9,45,1002,screen,28.0,0.0,v2.2,False
1195.6,12.22082191780822,8.37917808219178,1.2805479452054795,93.6619373776908,125,5.267619179864918,20.0,22.20183486238532,0.2602739726027397,4501,4501,1.0,C,402,9,45,1002,screen,28.0,2.0,v2.2,False
1147.4,14.021369863013698,10.656438356164385,1.1216438356164384,91.48679060665364,124,6.089886216606881,22.0,24.62037037037037,0.2531506849315068,4298,4298,1.0,C,402,9,45,1002,screen,28.0,4.0,v2.2,False
1202.0,13.255890410958903,7.826301369863014,1.8098630136986305,94.62818003913894,126,7.119034097348581,27.0,29.916666666666668,0.2821917808219178,3682,3682,1.0,C,402,9,45,1003,screen,21.0,0.0,v2.2,False
1152.8,15.570958904109588,10.966575342465754,1.5347945205479452,91.57876712328766,126,6.857456117102117,26.0,27.39855072463768,0.2794520547945205,3486,3486,1.0,C,402,9,45,1003,screen,21.0,2.0,v2.2,False
1111.0,15.51945205479452,11.543013698630135,1.3254794520547946,90.87720156555773,122,6.754366661489222,25.0,28.056603773584907,0.2652054794520548,3437,3437,1.0,C,402,9,45,1003,screen,21.0,4.0,v2.2,False
1222.2,12.69972602739726,7.506849315068493,1.730958904109589,94.84295499021526,124,6.910274334081555,24.0,25.595744680851062,0.273972602739726,4578,4578,1.0,C,402,9,45,1003,screen,28.0,0.0,v2.2,False
1173.6,13.732054794520549,9.487671232876712,1.4147945205479453,92.79207436399216,122,5.52426737593824,21.0,22.40119760479042,0.2767123287671232,4361,4361,1.0,C,402,9,45,1003,screen,28.0,2.0,v2.2,False
1144.4,14.47945205479452,10.728219178082192,1.2504109589041097,91.5376712328767,122,6.050657834145577,23.0,24.55963302752293,0.2608219178082192,4270,4270,1.0,C,402,9,45,1003,screen,28.0,4.0,v2.2,False
1240.8,12.256986301369864,7.189041095890411,1.6893150684931506,95.08953033268102,124,6.612325405807726,27.0,28.94117647058824,0.273972602739726,3787,3787,1.0,C,402,9,45,1004,screen,21.0,0.0,v2.2,False
1170.8,14.68,9.71890410958904,1.6536986301369865,92.79892367906066,124,6.477234085897218,27.0,28.357894736842105,0.2712328767123287,3584,3584,1.0,C,402,9,45,1004,screen,21.0,2.0,v2.2,False
1090.4,16.6,12.855342465753424,1.2482191780821918,89.63649706457926,122,7.627785657390206,28.0,29.32673267326733,0.2635616438356164,3395,3395,1.0,C,402,9,45,1004,screen,21.0,4.0,v2.2,False
1250.8,11.21041095890411,6.027397260273973,1.7276712328767123,96.1609589041096,124,7.139631874746581,27.0,29.23008849557522,0.2723287671232877,4620,4620,1.0,C,402,9,45,1004,screen,28.0,0.0,v2.2,False
1174.6,14.274520547945205,9.602739726027398,1.5572602739726027,92.8165362035225,124,6.389558763108342,24.0,26.976190476190474,0.2673972602739726,4480,4480,1.0,C,402,9,45,1004,screen,28.0,2.0,v2.2,False
1127.8,15.304657534246576,11.76054794520548,1.1813698630136986,90.55430528375734,122,6.859356620822554,24.0,25.64197530864197,0.2558904109589041,4151,4151,1.0,C,402,9,45,1004,screen,28.0,4.0,v2.2,False
1210.4,11.403287671232876,7.022465753424657,1.4602739726027398,95.03375733855188,124,6.498025183896655,24.0,26.287128712871286,0.2717808219178082,3836,3836,1.0,C,402,9,45,1005,screen,21.0,0.0,v2.2,False
1167.6,13.63835616438356,9.56,1.3594520547945206,92.67808219178082,122,6.236534400723748,24.0,25.77358490566038,0.2652054794520548,3584,3584,1.0,C,402,9,45,1005,screen,21.0,2.0,v2.2,False
1118.2,14.827945205479452,11.673424657534246,1.0515068493150683,90.51614481409,123,6.736665467410634,25.0,26.48780487804878,0.2471232876712328,3556,3556,1.0,C,402,9,45,1005,screen,21.0,4.0,v2.2,False
1234.2,11.713972602739728,7.007671232876712,1.5687671232876712,95.14383561643837,125,7.0014367924974295,24.0,27.22222222222222,0.2608219178082192,4662,4662,1.0,C,402,9,45,1005,screen,28.0,0.0,v2.2,False
1167.6,13.63835616438356,9.56,1.3594520547945206,92.67808219178082,122,6.236534400723748,24.0,25.77358490566038,0.2652054794520548,4375,4375,1.0,C,402,9,45,1005,screen,28.0,2.0,v2.2,False
1137.6,15.14082191780822,11.49150684931507,1.2164383561643837,90.82583170254404,124,6.447102945159497,24.0,24.88,0.2586301369863014,4298,4298,1.0,C,402,9,45,1005,screen,28.0,4.0,v2.2,False
1239.4,12.647671232876712,6.94027397260274,1.9024657534246576,95.50195694716244,124,7.409706938158673,27.0,29.416666666666668,0.2761643835616438,3836,3836,1.0,C,402,9,45,1006,screen,21.0,0.0,v2.2,False
1183.2,14.212054794520547,10.232328767123288,1.3265753424657534,92.04843444227004,121,6.0394778912378095,24.0,24.989473684210527,0.2575342465753424,3619,3619,1.0,C,402,9,45,1006,screen,21.0,2.0,v2.2,False
1098.2,15.84,12.254794520547945,1.195068493150685,90.1252446183953,125,7.121797525905942,27.0,28.71875,0.2542465753424657,3423,3423,1.0,C,402,9,45,1006,screen,21.0,4.0,v2.2,False
1261.4,10.083287671232876,5.192876712328767,1.63013698630137,96.81898238747554,124,7.261837744738314,27.0,28.73076923076923,0.2547945205479452,4781,4781,1.0,C,402,9,45,1006,screen,28.0,0.0,v2.2,False
1201.2,12.73972602739726,9.19068493150685,1.183013698630137,92.85029354207435,123,5.760924493637205,21.0,24.15254237288136,0.2526027397260273,4431,4431,1.0,C,402,9,45,1006,screen,28.0,2.0,v2.2,False
1168.6,13.815342465753425,10.310684931506849,1.1682191780821918,91.83708414872798,123,6.430923885691078,24.0,26.31192660550459,0.2597260273972602,4319,4319,1.0,C,402,9,45,1006,screen,28.0,4.0,v2.2,False
1233.4,11.031232876712329,6.367671232876712,1.5545205479452056,95.70254403131116,123,6.330066955160369,24.0,26.433070866141733,0.2641095890410959,3836,3836,1.0,C,402,9,45,1007,screen,21.0,0.0,v2.2,False
1192.6,12.485479452054795,8.343013698630138,1.3808219178082193,93.78375733855188,123,5.466999542183276,21.0,23.27083333333333,0.2635616438356164,3668,3668,1.0,C,402,9,45,1007,screen,21.0,2.0,v2.2,False
1084.6,16.816438356164383,12.026301369863011,1.5967123287671232,90.68786692759296,123,6.7590706942481225,26.0,27.486486486486488,0.2767123287671232,3479,3479,1.0,C,402,9,45,1007,screen,21.0,4.0,v2.2,False
1228.2,12.133150684931508,7.568219178082192,1.5216438356164383,94.60127201565555,125,6.320941436912897,24.0,27.195121951219512,0.2608219178082192,4669,4669,1.0,C,402,9,45,1007,screen,28.0,0.0,v2.2,False
1190.6,13.021369863013698,9.04986301369863,1.3238356164383562,93.1017612524462,123,5.692416015729238,21.0,22.86144578313253,0.2641095890410959,4431,4431,1.0,C,402,9,45,1007,screen,28.0,2.0,v2.2,False
1083.4,16.443287671232877,12.297534246575342,1.381917808219178,90.25391389432484,122,6.960271828178416,26.0,27.39423076923077,0.2695890410958904,4165,4165,1.0,C,402,9,45,1007,screen,28.0,4.0,v2.2,False
1233.0,11.19013698630137,6.697534246575343,1.4975342465753425,95.35714285714285,124,6.673010515074485,24.0,25.844594594594597,0.2471232876712328,3899,3899,1.0,C,402,9,45,1008,screen,21.0,0.0,v2.2,False
1193.8,12.25095890410959,8.978082191780821,1.090958904109589,92.95792563600784,123,5.467460603480635,21.0,22.734513274336283,0.2438356164383561,3717,3717,1.0,C,402,9,45,1008,screen,21.0,2.0,v2.2,False
1157.2,13.59013698630137,10.644383561643837,0.981917808219178,91.37279843444227,123,5.794612519105599,22.0,22.788617886178866,0.2361643835616438,3528,3528,1.0,C,402,9,45,1008,screen,21.0,4.0,v2.2,False
1243.6,10.695342465753424,6.1468493150684935,1.5161643835616438,95.86545988258317,124,7.11745947596283,27.0,28.298969072164947,0.2608219178082192,4788,4788,1.0,C,402,9,45,1008,screen,28.0,0.0,v2.2,False
1192.4,13.69917808219178,9.19835616438356,1.5002739726027396,93.12671232876713,124,6.229257191464652,24.0,25.71851851851852,0.2663013698630137,4522,4522,1.0,C,402,9,45,1008,screen,28.0,2.0,v2.2,False
1166.0,13.646027397260276,10.394520547945206,1.0838356164383562,91.68688845401174,123,5.799431578441193,22.0,23.15322580645161,0.2427397260273972,4424,4424,1.0,C,402,9,45,1008,screen,28.0,4.0,v2.2,False
1244.2,11.231780821917807,6.735890410958904,1.498630136986301,95.3238747553816,123,6.590337021518534,24.0,25.464,0.2668493150684931,3913,3913,1.0,C,402,9,45,1009,screen,21.0,0.0,v2.2,False
1128.4,15.127123287671234,10.32876712328767,1.5994520547945206,92.2059686888454,125,7.099485224931754,27.0,28.51,0.2734246575342465,3458,3458,1.0,C,402,9,45,1009,screen,21.0,2.0,v2.2,False
1134.6,14.564931506849316,10.38958904109589,1.3917808219178085,91.96624266144812,123,6.167372927333139,24.0,26.145631067961165,0.2684931506849315,3444,3444,1.0,C,402,9,45,1009,screen,21.0,4.0,v2.2,False
1246.0,11.47945205479452,6.579178082191781,1.6334246575342466,95.58414872798434,123,6.69214482293759,24.0,26.254901960784316,0.2624657534246575,4746,4746,1.0,C,402,9,45,1009,screen,28.0,0.0,v2.2,False
1120.6,14.967123287671232,11.031780821917808,1.3117808219178082,91.32142857142856,125,6.75268089213122,24.0,26.78030303030303,0.2602739726027397,4368,4368,1.0,C,402,9,45,1009,screen,28.0,2.0,v2.2,False
1098.6,15.970958904109589,12.116164383561644,1.284931506849315,90.32925636007828,125,7.367002831122758,27.0,28.73333333333333,0.2619178082191781,4158,4158,1.0,C,402,9,45,1009,screen,28.0,4.0,v2.2,False
1105.6,21.151780821917807,11.426849315068493,3.2416438356164385,92.69178082191782,131,10.71866497747285,42.0,46.53913043478261,0.34356164383561644,3626,3626,1.0,C,414,9,35,1000,screen,21.0,0.0,v2.2.1,True
1079.4,22.70958904109589,13.453150684931506,3.0854794520547943,90.7431506849315,132,10.019500782897136,42.0,45.875,0.33643835616438356,3563,3563,1.0,C,414,9,35,1000,screen,21.0,2.0,v2.2.1,True
1035.2,22.98958904109589,14.737534246575342,2.750684931506849,89.29745596868884,132,9.847655405786085,39.0,42.28448275862069,0.3320547945205479,3395,3395,1.0,C,414,9,35,1000,screen,21.0,4.0,v2.2.1,True
1110.0,20.738082191780823,10.986849315068493,3.2504109589041095,93.09246575342466,131,10.583440476932212,42.0,46.31428571428572,0.3506849315068493,4382,4382,1.0,C,414,9,35,1000,screen,28.0,0.0,v2.2.1,True
1089.0,23.127123287671232,13.239452054794521,3.2958904109589042,91.12181996086105,131,10.687766293934441,42.0,46.785714285714285,0.33643835616438356,4291,4291,1.0,C,414,9,35,1000,screen,28.0,2.0,v2.2.1,True
1035.2,22.808767123287673,14.607671232876712,2.733698630136986,89.39823874755382,132,9.849811305021664,39.0,42.28448275862069,0.3315068493150685,4151,4151,1.0,C,414,9,35,1000,screen,28.0,4.0,v2.2.1,True
1103.4,21.783013698630135,11.614246575342467,3.38958904109589,92.65655577299412,133,11.278085639564143,45.0,49.554545454545455,0.3463013698630137,3556,3556,1.0,C,414,9,35,1001,screen,21.0,0.0,v2.2.1,True
1083.4,22.407671232876712,13.455342465753425,2.984109589041096,90.65068493150685,132,10.434494199054333,42.0,46.613207547169814,0.33643835616438356,3479,3479,1.0,C,414,9,35,1001,screen,21.0,2.0,v2.2.1,True
1047.2,21.83068493150685,14.265753424657534,2.5216438356164383,89.51418786692759,129,9.548545219744543,36.0,39.71900826446281,0.3271232876712329,3388,3388,1.0,C,414,9,35,1001,screen,21.0,4.0,v2.2.1,True
1103.4,21.783013698630135,11.614246575342467,3.38958904109589,92.65655577299412,133,11.278085639564143,45.0,49.554545454545455,0.3463013698630137,4347,4347,1.0,C,414,9,35,1001,screen,28.0,0.0,v2.2.1,True
1072.8,21.903561643835616,13.232328767123288,2.8904109589041096,90.76614481409003,131,9.952271704914425,39.0,43.411764705882355,0.32986301369863014,4242,4242,1.0,C,414,9,35,1001,screen,28.0,2.0,v2.2.1,True
1047.2,21.83068493150685,14.265753424657534,2.5216438356164383,89.51418786692759,129,9.548545219744543,36.0,39.71900826446281,0.3271232876712329,4130,4130,1.0,C,414,9,35,1001,screen,28.0,4.0,v2.2.1,True
1114.2,20.904109589041095,11.027945205479453,3.292054794520548,93.09295499021528,134,11.392619840497133,45.0,51.78787878787879,0.34794520547945207,3535,3535,1.0,C,414,9,35,1002,screen,21.0,0.0,v2.2.1,True
1087.6,22.38191780821918,13.233972602739726,3.0493150684931507,90.90655577299414,131,10.41509119544658,42.0,45.54054054054054,0.33808219178082194,3465,3465,1.0,C,414,9,35,1002,screen,21.0,2.0,v2.2.1,True
1022.8,23.2,15.296438356164384,2.6345205479452054,88.69471624266146,131,10.092065234715557,37.0,42.62105263157895,0.32986301369863014,3339,3339,1.0,C,414,9,35,1002,screen,21.0,4.0,v2.2.1,True
1114.2,20.870136986301368,10.975890410958904,3.298082191780822,93.14481409001958,134,11.414014509760863,45.0,51.78787878787879,0.3473972602739726,4354,4354,1.0,C,414,9,35,1002,screen,28.0,0.0,v2.2.1,True
1081.6,22.73041095890411,12.85917808219178,3.2904109589041095,91.456457925636,133,11.098328520028424,45.0,49.47222222222222,0.3419178082191781,4291,4291,1.0,C,414,9,35,1002,screen,28.0,2.0,v2.2.1,True
1024.4,23.705753424657534,14.84054794520548,2.955068493150685,89.38796477495107,131,10.035818242724874,39.0,43.25892857142857,0.3391780821917808,4060,4060,1.0,C,414,9,35,1002,screen,28.0,4.0,v2.2.1,True
1125.6,20.44876712328767,10.482191780821918,3.322191780821918,93.60714285714286,132,10.910306664638826,42.0,47.205128205128204,0.34684931506849315,3710,3710,1.0,C,414,9,35,1003,screen,21.0,0.0,v2.2.1,True
1060.8,21.699178082191782,13.289315068493151,2.803287671232877,90.63747553816047,130,9.869650693238182,39.0,42.74285714285714,0.3326027397260274,3563,3563,1.0,C,414,9,35,1003,screen,21.0,2.0,v2.2.1,True
1065.8,22.577534246575343,13.95068493150685,2.875616438356164,90.11154598825833,130,10.19194295282155,39.0,43.61538461538461,0.3336986301369863,3451,3451,1.0,C,414,9,35,1003,screen,21.0,4.0,v2.2.1,True
1109.4,21.635616438356163,10.944109589041096,3.563835616438356,93.41046966731898,132,11.511499897783063,45.0,48.88235294117647,0.3506849315068493,4473,4473,1.0,C,414,9,35,1003,screen,28.0,0.0,v2.2.1,True
1074.6,22.356712328767124,12.796164383561644,3.186849315068493,91.42025440313112,130,10.555221858565437,42.0,45.81578947368421,0.3402739726027397,4284,4284,1.0,C,414,9,35,1003,screen,28.0,2.0,v2.2.1,True
1065.8,22.577534246575343,13.95068493150685,2.875616438356164,90.11154598825833,130,10.19194295282155,39.0,43.61538461538461,0.3336986301369863,4186,4186,1.0,C,414,9,35,1003,screen,28.0,4.0,v2.2.1,True
1112.4,23.075616438356164,12.081643835616438,3.6646575342465755,92.4848336594912,133,11.634359204837445,47.399999999999864,51.03260869565217,0.34356164383561644,3563,3563,1.0,C,414,9,35,1004,screen,21.0,0.0,v2.2.1,True
1054.0,22.583013698630136,14.128767123287671,2.818082191780822,89.90117416829744,130,9.963631053161212,39.0,42.58064516129032,0.33315068493150685,3451,3451,1.0,C,414,9,35,1004,screen,21.0,2.0,v2.2.1,True
1037.6,23.28931506849315,15.089863013698631,2.733150684931507,88.96722113502936,130,10.146764069232331,39.0,42.9622641509434,0.32164383561643833,3437,3437,1.0,C,414,9,35,1004,screen,21.0,4.0,v2.2.1,True
1112.4,23.075616438356164,12.081643835616438,3.6646575342465755,92.4848336594912,133,11.634359204837445,47.399999999999864,51.03260869565217,0.34356164383561644,4389,4389,1.0,C,414,9,35,1004,screen,28.0,0.0,v2.2.1,True
1070.0,21.156164383561645,12.573698630136986,2.8608219178082193,91.32778864970646,129,9.843303370560774,39.0,43.134453781512605,0.3402739726027397,4235,4235,1.0,C,414,9,35,1004,screen,28.0,2.0,v2.2.1,True
1037.0,22.153972602739724,14.314520547945206,2.6131506849315067,89.55234833659492,129,9.345340032188846,36.0,39.775862068965516,0.33534246575342463,4130,4130,1.0,C,414,9,35,1004,screen,28.0,4.0,v2.2.1,True
1112.2,22.67287671232877,11.774246575342465,3.632876712328767,92.73091976516635,133,11.657853204437652,45.0,49.53488372093023,0.35013698630136986,3584,3584,1.0,C,414,9,35,1005,screen,21.0,0.0,v2.2.1,True
1076.0,21.69150684931507,12.90027397260274,2.9304109589041096,91.09833659491194,131,10.386693324710292,39.0,44.712,0.33424657534246577,3535,3535,1.0,C,414,9,35,1005,screen,21.0,2.0,v2.2.1,True
1031.6,23.87890410958904,15.496986301369864,2.793972602739726,88.65802348336595,131,10.400748481422111,39.0,43.392,0.32602739726027397,3353,3353,1.0,C,414,9,35,1005,screen,21.0,4.0,v2.2.1,True
1112.2,22.67287671232877,11.774246575342465,3.632876712328767,92.73091976516635,133,11.657853204437652,45.0,49.53488372093023,0.35013698630136986,4368,4368,1.0,C,414,9,35,1005,screen,28.0,0.0,v2.2.1,True
1089.0,22.703013698630137,13.172054794520548,3.176986301369863,91.07583170254404,131,10.188654504183742,42.0,46.09090909090909,0.3441095890410959,4333,4333,1.0,C,414,9,35,1005,screen,28.0,2.0,v2.2.1,True
1029.2,21.9013698630137,14.583013698630136,2.4394520547945207,89.15753424657534,131,9.647863780896122,36.0,40.25438596491228,0.3293150684931507,4186,4186,1.0,C,414,9,35,1005,screen,28.0,4.0,v2.2.1,True
1071.2,21.556164383561644,12.623561643835616,2.9775342465753423,91.38747553816047,131,10.25503976311836,42.0,46.17272727272727,0.34849315068493153,3465,3465,1.0,C,414,9,35,1006,screen,21.0,0.0,v2.2.1,True
1066.4,20.353972602739727,11.996712328767122,2.785753424657534,91.77592954990216,131,9.01945186229068,36.0,41.0,0.3473972602739726,3423,3423,1.0,C,414,9,35,1006,screen,21.0,2.0,v2.2.1,True
1046.2,22.72,13.958356164383561,2.9205479452054797,90.14481409001957,131,10.475847325776682,42.0,45.74226804123711,0.33315068493150685,3367,3367,1.0,C,414,9,35,1006,screen,21.0,4.0,v2.2.1,True
1063.0,21.606027397260274,12.584657534246576,3.007123287671233,91.44863013698631,131,10.275581409326072,42.0,45.95049504950495,0.34904109589041094,4249,4249,1.0,C,414,9,35,1006,screen,28.0,0.0,v2.2.1,True
1066.4,20.353972602739727,11.996712328767122,2.785753424657534,91.77592954990216,131,9.01945186229068,36.0,41.0,0.3473972602739726,4221,4221,1.0,C,414,9,35,1006,screen,28.0,2.0,v2.2.1,True
1041.4,22.38082191780822,13.785205479452054,2.865205479452055,90.25,129,9.940456742279672,39.0,43.36842105263158,0.33534246575342463,4151,4151,1.0,C,414,9,35,1006,screen,28.0,4.0,v2.2.1,True
1112.0,21.626301369863015,11.67945205479452,3.3156164383561646,92.53228962818004,133,11.25183068765257,45.0,50.202127659574465,0.33808219178082194,3612,3612,1.0,C,414,9,35,1007,screen,21.0,0.0,v2.2.1,True
1070.0,22.36876712328767,13.695890410958905,2.890958904109589,90.3527397260274,130,9.958268728944097,39.0,43.413223140495866,0.3336986301369863,3507,3507,1.0,C,414,9,35,1007,screen,21.0,2.0,v2.2.1,True
1048.8,22.45205479452055,14.405479452054795,2.682191780821918,89.53277886497064,130,9.627721043787876,36.0,40.857142857142854,0.3326027397260274,3416,3416,1.0,C,414,9,35,1007,screen,21.0,4.0,v2.2.1,True
1082.8,21.642191780821918,11.912328767123288,3.243287671232877,92.25978473581213,130,10.122748591815972,42.0,45.09473684210526,0.34794520547945207,4347,4347,1.0,C,414,9,35,1007,screen,28.0,0.0,v2.2.1,True
1067.4,22.112876712328767,12.762739726027398,3.1167123287671235,91.38747553816047,131,10.45286903968373,42.0,46.11864406779661,0.3375342465753425,4249,4249,1.0,C,414,9,35,1007,screen,28.0,2.0,v2.2.1,True
1048.8,22.45205479452055,14.405479452054795,2.682191780821918,89.53277886497064,130,9.627721043787876,36.0,40.857142857142854,0.3326027397260274,4151,4151,1.0,C,414,9,35,1007,screen,28.0,4.0,v2.2.1,True
1090.0,21.746301369863012,11.998356164383562,3.249315068493151,92.18835616438356,131,10.29583082709168,42.0,46.23853211009175,0.3457534246575342,3584,3584,1.0,C,414,9,35,1008,screen,21.0,0.0,v2.2.1,True
1094.4,21.265753424657536,12.326575342465754,2.9797260273972603,91.6545988258317,130,10.062417853784808,39.0,43.60344827586207,0.3315068493150685,3577,3577,1.0,C,414,9,35,1008,screen,21.0,2.0,v2.2.1,True
1054.0,21.744109589041095,14.093698630136986,2.5501369863013696,89.69324853228963,129,9.958507646700241,39.0,42.806451612903224,0.32273972602739726,3430,3430,1.0,C,414,9,35,1008,screen,21.0,4.0,v2.2.1,True
1090.0,21.746301369863012,11.998356164383562,3.249315068493151,92.18835616438356,131,10.29583082709168,42.0,46.23853211009175,0.3457534246575342,4389,4389,1.0,C,414,9,35,1008,screen,28.0,0.0,v2.2.1,True
1094.2,21.08,12.40876712328767,2.8904109589041096,91.50146771037183,130,9.830479811958995,39.0,42.19834710743802,0.3287671232876712,4319,4319,1.0,C,414,9,35,1008,screen,28.0,2.0,v2.2.1,True
1067.6,21.484931506849314,13.56,2.6416438356164385,90.25146771037181,129,9.756122560797039,36.0,40.982608695652175,0.3293150684931507,4249,4249,1.0,C,414,9,35,1008,screen,28.0,4.0,v2.2.1,True
1089.2,20.410958904109588,11.73150684931507,2.893150684931507,92.10861056751469,131,9.94259236791253,39.0,44.112,0.3402739726027397,3570,3570,1.0,C,414,9,35,1009,screen,21.0,0.0,v2.2.1,True
1065.8,22.265753424657536,13.46958904109589,2.932054794520548,90.59148727984343,131,9.800927206994187,39.0,43.44230769230769,0.33808219178082194,3409,3409,1.0,C,414,9,35,1009,screen,21.0,2.0,v2.2.1,True
1070.2,23.314520547945204,14.408219178082192,2.9687671232876713,89.78620352250489,131,10.592777900218383,42.0,46.48695652173913,0.3293150684931507,3430,3430,1.0,C,414,9,35,1009,screen,21.0,4.0,v2.2.1,True
1099.4,20.304657534246576,11.375342465753425,2.9764383561643837,92.50097847358121,131,10.190364881078446,39.0,45.146341463414636,0.3441095890410959,4361,4361,1.0,C,414,9,35,1009,screen,28.0,0.0,v2.2.1,True
1062.8,21.03835616438356,12.735342465753424,2.767671232876712,91.10029354207437,130,9.600898711488046,38.399999999999864,43.20652173913044,0.33808219178082194,4242,4242,1.0,C,414,9,35,1009,screen,28.0,2.0,v2.2.1,True
1053.8,22.525479452054796,14.63013698630137,2.631780821917808,89.2871819960861,130,9.585232416872334,36.0,40.260162601626014,0.3326027397260274,4158,4158,1.0,C,414,9,35,1009,screen,28.0,4.0,v2.2.1,True
1099.6,18.76164383561644,11.043835616438356,2.572602739726028,92.43639921722114,128,8.664725925642337,33.0,37.73076923076923,0.3315068493150685,3542,3542,1.0,C,414,9,40,1000,screen,21.0,0.0,v2.2,False
1094.6,17.324931506849314,10.636164383561644,2.2295890410958905,92.49412915851272,128,7.817768070026863,30.0,33.66981132075472,0.32,3549,3549,1.0,C,414,9,40,1000,screen,21.0,2.0,v2.2,False
1059.6,19.738630136986306,13.538082191780822,2.066849315068493,89.7578277886497,128,8.58485529563591,33.0,36.04081632653061,0.313972602739726,3451,3451,1.0,C,414,9,40,1000,screen,21.0,4.0,v2.2,False
1103.6,17.534794520547944,10.032328767123287,2.5008219178082194,93.27544031311156,129,7.782967533900028,30.0,33.41044776119403,0.3446575342465753,4382,4382,1.0,C,414,9,40,1000,screen,28.0,0.0,v2.2,False
1094.6,17.35232876712329,10.374246575342466,2.326027397260274,92.81409001956948,128,7.894259121971825,30.0,33.601851851851855,0.3271232876712329,4333,4333,1.0,C,414,9,40,1000,screen,28.0,2.0,v2.2,False
1059.6,19.738630136986306,13.538082191780822,2.066849315068493,89.7578277886497,128,8.58485529563591,33.0,36.04081632653061,0.313972602739726,4235,4235,1.0,C,414,9,40,1000,screen,28.0,4.0,v2.2,False
1106.2,19.76109589041096,11.25917808219178,2.833972602739726,92.4774951076321,129,9.349566020050238,36.0,39.328125,0.330958904109589,3556,3556,1.0,C,414,9,40,1001,screen,21.0,0.0,v2.2,False
1077.0,18.63123287671233,11.705753424657534,2.3084931506849315,91.60958904109587,127,7.939975602550297,30.0,33.872,0.324931506849315,3458,3458,1.0,C,414,9,40,1001,screen,21.0,2.0,v2.2,False
1060.6,19.2372602739726,13.442739726027398,1.9315068493150684,89.72211350293541,126,8.317186098377821,32.0,33.79,0.3046575342465753,3437,3437,1.0,C,414,9,40,1001,screen,21.0,4.0,v2.2,False
1106.6,18.773150684931508,10.858082191780822,2.638356164383562,92.6609589041096,130,8.930165355717744,36.0,39.24742268041237,0.3293150684931507,4340,4340,1.0,C,414,9,40,1001,screen,28.0,0.0,v2.2,False
1067.2,20.234520547945205,12.80931506849315,2.475068493150685,90.77299412915852,127,8.536095483269579,33.0,37.47863247863248,0.3287671232876712,4214,4214,1.0,C,414,9,40,1001,screen,28.0,2.0,v2.2,False
1049.6,21.076164383561643,14.086575342465752,2.3298630136986302,89.50293542074364,126,8.706168826232236,34.0,36.42574257425743,0.3128767123287671,4144,4144,1.0,C,414,9,40,1001,screen,28.0,4.0,v2.2,False
1116.6,18.061917808219174,10.86191780821918,2.4,92.44471624266144,130,8.684592732262024,33.0,38.50485436893204,0.324931506849315,3584,3584,1.0,C,414,9,40,1002,screen,21.0,0.0,v2.2,False
1056.0,19.40438356164384,12.79945205479452,2.2016438356164385,90.53767123287672,125,7.581124302247862,30.0,31.71698113207547,0.3183561643835616,3493,3493,1.0,C,414,9,40,1002,screen,21.0,2.0,v2.2,False
1044.8,21.143561643835618,14.16054794520548,2.327671232876712,89.43493150684931,128,8.850376232503415,35.0,38.26041666666666,0.3156164383561644,3416,3416,1.0,C,414,9,40,1002,screen,21.0,4.0,v2.2,False
1116.6,18.061917808219174,10.86191780821918,2.4,92.44471624266144,130,8.684592732262024,33.0,38.50485436893204,0.324931506849315,4389,4389,1.0,C,414,9,40,1002,screen,28.0,0.0,v2.2,False
1073.0,19.583561643835612,12.582465753424655,2.333698630136986,90.84931506849314,127,8.025026194460278,32.0,35.44660194174757,0.3243835616438356,4228,4228,1.0,C,414,9,40,1002,screen,28.0,2.0,v2.2,False
1037.8,21.450410958904108,14.736986301369862,2.237808219178082,88.84001956947162,129,9.202752799916505,34.0,38.52127659574468,0.3041095890410959,4137,4137,1.0,C,414,9,40,1002,screen,28.0,4.0,v2.2,False
1099.2,18.58027397260274,10.896986301369862,2.561095890410959,92.55724070450096,126,8.17001665077989,30.0,32.310526315789474,0.3326027397260274,3598,3598,1.0,C,414,9,40,1003,screen,21.0,0.0,v2.2,False
1067.4,19.221917808219175,12.02191780821918,2.4,91.40900195694717,126,7.853549988157357,30.0,32.863013698630134,0.3298630136986301,3486,3486,1.0,C,414,9,40,1003,screen,21.0,2.0,v2.2,False
1040.4,19.5413698630137,13.59890410958904,1.9808219178082191,89.62671232876713,127,8.115704080836712,31.0,33.24107142857143,0.3167123287671233,3388,3388,1.0,C,414,9,40,1003,screen,21.0,4.0,v2.2,False
1099.2,18.58027397260274,10.896986301369862,2.561095890410959,92.55724070450096,126,8.17001665077989,30.0,32.310526315789474,0.3326027397260274,4375,4375,1.0,C,414,9,40,1003,screen,28.0,0.0,v2.2,False
1086.4,17.943561643835615,11.373150684931506,2.1901369863013698,91.80088062622308,128,8.313788049834027,33.0,36.78125,0.32,4277,4277,1.0,C,414,9,40,1003,screen,28.0,2.0,v2.2,False
1048.8,19.52931506849315,13.32876712328767,2.066849315068493,89.94471624266144,127,8.040150126653133,32.0,33.946236559139784,0.3265753424657534,4116,4116,1.0,C,414,9,40,1003,screen,28.0,4.0,v2.2,False
1099.0,17.986849315068493,10.31013698630137,2.558904109589041,93.07925636007828,129,8.514361074592244,33.0,36.543103448275865,0.3353424657534246,3584,3584,1.0,C,414,9,40,1004,screen,21.0,0.0,v2.2,False
1066.2,18.70739726027397,11.573150684931507,2.378082191780822,91.79011741682974,127,7.75013264377809,30.0,32.93377483443709,0.330958904109589,3430,3430,1.0,C,414,9,40,1004,screen,21.0,2.0,v2.2,False
1034.2,19.82191780821918,13.20054794520548,2.207123287671233,90.18444227005872,126,8.260065739022762,30.0,32.3680981595092,0.3216438356164383,3381,3381,1.0,C,414,9,40,1004,screen,21.0,4.0,v2.2,False
1104.0,19.17808219178082,10.043287671232877,3.044931506849315,93.7514677103718,130,9.862684505858455,39.0,43.12903225806452,0.3463013698630137,4291,4291,1.0,C,414,9,40,1004,screen,28.0,0.0,v2.2,False
1072.6,19.5227397260274,12.396712328767125,2.375342465753425,91.05234833659492,126,7.767358400696715,33.0,34.225806451612904,0.3276712328767123,4242,4242,1.0,C,414,9,40,1004,screen,28.0,2.0,v2.2,False
1034.2,19.82191780821918,13.20054794520548,2.207123287671233,90.18444227005872,126,8.260065739022762,30.0,32.3680981595092,0.3216438356164383,4130,4130,1.0,C,414,9,40,1004,screen,28.0,4.0,v2.2,False
1088.6,17.964383561643835,10.987945205479452,2.3254794520547946,92.2656555772994,127,7.8833562227807485,30.0,32.41129032258065,0.3353424657534246,3556,3556,1.0,C,414,9,40,1005,screen,21.0,0.0,v2.2,False
1085.4,19.24821917808219,11.924931506849315,2.441095890410959,91.53228962818004,127,8.370156255495372,33.0,35.92727272727273,0.3205479452054794,3535,3535,1.0,C,414,9,40,1005,screen,21.0,2.0,v2.2,False
1050.8,20.06410958904109,13.947397260273972,2.038904109589041,89.3674168297456,126,8.099487583223441,31.0,33.2280701754386,0.307945205479452,3486,3486,1.0,C,414,9,40,1005,screen,21.0,4.0,v2.2,False
1099.8,19.40383561643836,11.109041095890412,2.764931506849315,92.54990215264188,128,8.701474880992428,33.0,35.85276073619632,0.3358904109589041,4333,4333,1.0,C,414,9,40,1005,screen,28.0,0.0,v2.2,False
1072.2,20.06958904109589,12.70191780821918,2.455890410958904,90.85176125244618,130,8.88406573639861,33.0,37.14598540145985,0.3172602739726027,4284,4284,1.0,C,414,9,40,1005,screen,28.0,2.0,v2.2,False
1052.8,19.552876712328768,13.631780821917808,1.9736986301369863,89.59099804305283,126,8.222013515465537,31.0,32.99,0.3150684931506849,4158,4158,1.0,C,414,9,40,1005,screen,28.0,4.0,v2.2,False
1089.2,18.294246575342463,10.663561643835616,2.5435616438356163,92.75,128,8.521225742338162,33.0,35.710344827586205,0.3315068493150685,3577,3577,1.0,C,414,9,40,1006,screen,21.0,0.0,v2.2,False
1084.4,18.10082191780822,11.226301369863014,2.2915068493150685,92.0225048923679,127,8.048082232032327,32.0,36.13684210526316,0.3227397260273972,3486,3486,1.0,C,414,9,40,1006,screen,21.0,2.0,v2.2,False
1040.8,20.225753424657533,13.668493150684933,2.185753424657534,89.74755381604696,128,8.095069351216788,31.0,34.554455445544555,0.3178082191780822,3409,3409,1.0,C,414,9,40,1006,screen,21.0,4.0,v2.2,False
1109.4,18.15287671232877,9.826849315068491,2.7753424657534245,93.70401174168296,129,9.02124525204923,36.0,39.2972972972973,0.3375342465753425,4403,4403,1.0,C,414,9,40,1006,screen,28.0,0.0,v2.2,False
1062.8,19.99890410958904,12.37808219178082,2.54027397260274,91.21624266144812,128,8.523188114811912,33.0,37.08849557522124,0.3271232876712329,4235,4235,1.0,C,414,9,40,1006,screen,28.0,2.0,v2.2,False
1040.8,20.225753424657533,13.668493150684933,2.185753424657534,89.74755381604696,128,8.095069351216788,31.0,34.554455445544555,0.3178082191780822,4158,4158,1.0,C,414,9,40,1006,screen,28.0,4.0,v2.2,False
1111.2,18.175890410958903,9.905753424657536,2.756712328767123,93.616927592955,128,8.525392257596033,33.0,36.504672897196265,0.3380821917808219,3556,3556,1.0,C,414,9,40,1007,screen,21.0,0.0,v2.2,False
1081.8,18.88164383561644,11.916712328767124,2.321643835616438,91.43297455968688,128,8.059347951390743,31.0,34.91919191919192,0.3210958904109589,3535,3535,1.0,C,414,9,40,1007,screen,21.0,2.0,v2.2,False
1052.4,19.21917808219178,12.921643835616438,2.0991780821917807,90.33708414872798,127,7.893699212832804,30.0,32.06293706293706,0.3134246575342466,3430,3430,1.0,C,414,9,40,1007,screen,21.0,4.0,v2.2,False
1102.6,18.503561643835617,10.276164383561644,2.742465753424657,93.27348336594912,129,8.814307138627193,36.0,38.235849056603776,0.3402739726027397,4368,4368,1.0,C,414,9,40,1007,screen,28.0,0.0,v2.2,False
1044.4,20.275068493150684,13.467945205479452,2.269041095890411,90.00097847358121,127,8.28772328482644,31.0,33.56190476190476,0.3238356164383562,4214,4214,1.0,C,414,9,40,1007,screen,28.0,2.0,v2.2,False
1041.8,19.96054794520548,14.011506849315069,1.983013698630137,89.26027397260273,127,8.00428748363301,30.0,31.81954887218045,0.313972602739726,4186,4186,1.0,C,414,9,40,1007,screen,28.0,4.0,v2.2,False
1094.4,18.20931506849315,10.468493150684932,2.58027397260274,92.9569471624266,128,8.62129788471638,33.0,36.54807692307692,0.3298630136986301,3605,3605,1.0,C,414,9,40,1008,screen,21.0,0.0,v2.2,False
1090.4,19.014794520547945,12.005479452054796,2.336438356164384,91.366927592955,127,8.099524858409133,30.0,31.55135135135135,0.3178082191780822,3507,3507,1.0,C,414,9,40,1008,screen,21.0,2.0,v2.2,False
1052.2,19.86191780821918,13.616986301369865,2.0816438356164384,89.70058708414872,127,8.204793851970232,31.0,34.0,0.3172602739726027,3353,3353,1.0,C,414,9,40,1008,screen,21.0,4.0,v2.2,False
1113.4,18.030684931506848,10.0186301369863,2.670684931506849,93.43933463796478,128,8.45156094932605,33.0,36.51639344262295,0.3375342465753425,4389,4389,1.0,C,414,9,40,1008,screen,28.0,0.0,v2.2,False
1090.4,19.014794520547945,12.005479452054796,2.336438356164384,91.366927592955,127,8.099524858409133,30.0,31.55135135135135,0.3178082191780822,4312,4312,1.0,C,414,9,40,1008,screen,28.0,2.0,v2.2,False
1050.4,19.7227397260274,13.52054794520548,2.0673972602739727,89.77397260273973,127,8.415723402329888,33.0,34.76470588235294,0.3178082191780822,4109,4109,1.0,C,414,9,40,1008,screen,28.0,4.0,v2.2,False
1099.2,19.214794520547944,10.254246575342464,2.986849315068493,93.51125244618396,129,9.347043126716024,36.0,39.28260869565217,0.3386301369863013,3556,3556,1.0,C,414,9,40,1009,screen,21.0,0.0,v2.2,False
1053.4,20.12767123287671,12.873424657534246,2.418082191780822,90.66487279843444,128,8.264051450897494,33.0,35.75,0.3221917808219178,3430,3430,1.0,C,414,9,40,1009,screen,21.0,2.0,v2.2,False
1035.6,20.44328767123288,14.765479452054796,1.8926027397260277,88.5063600782779,126,8.623661232037186,32.0,33.50413223140496,0.2964383561643836,3388,3388,1.0,C,414,9,40,1009,screen,21.0,4.0,v2.2,False
1093.6,18.526027397260275,9.971506849315068,2.8515068493150686,93.64285714285714,129,9.193790026646983,36.0,39.27777777777778,0.3353424657534246,4361,4361,1.0,C,414,9,40,1009,screen,28.0,0.0,v2.2,False
1061.8,19.8427397260274,12.591780821917808,2.416986301369863,90.91536203522504,128,8.38086879673174,33.0,36.23529411764706,0.3221917808219178,4214,4214,1.0,C,414,9,40,1009,screen,28.0,2.0,v2.2,False
1039.6,19.8027397260274,14.02958904109589,1.924383561643836,89.1917808219178,126,8.200040994674813,31.0,33.52127659574468,0.3063013698630137,4151,4151,1.0,C,414,9,40,1009,screen,28.0,4.0,v2.2,False
1188.2,15.255890410958903,7.914520547945205,2.447123287671233,95.1183953033268,127,8.759753310348362,33.0,35.12621359223301,0.3134246575342466,3584,3584,1.0,C,414,9,45,1000,screen,21.0,0.0,v2.2,False
1089.2,17.41917808219178,11.185753424657534,2.077808219178082,91.8679060665362,125,7.414584104190594,30.0,32.351351351351354,0.3002739726027397,3528,3528,1.0,C,414,9,45,1000,screen,21.0,2.0,v2.2,False
1054.0,18.615890410958905,12.933150684931508,1.8942465753424655,90.14383561643837,126,7.819711204470213,30.0,31.24031007751938,0.2893150684931507,3360,3360,1.0,C,414,9,45,1000,screen,21.0,4.0,v2.2,False
1190.6,14.88109589041096,8.14958904109589,2.243835616438356,94.72700587084148,127,8.122189048447263,30.0,32.92622950819672,0.3106849315068493,4382,4382,1.0,C,414,9,45,1000,screen,28.0,0.0,v2.2,False
1106.2,17.50958904109589,11.456986301369865,2.0175342465753423,91.57191780821918,127,7.810954485436722,30.0,31.980198019801986,0.2986301369863013,4228,4228,1.0,C,414,9,45,1000,screen,28.0,2.0,v2.2,False
1060.6,18.367671232876717,12.814794520547943,1.850958904109589,90.21086105675148,125,7.731666650218344,30.0,31.087719298245613,0.2904109589041095,4116,4116,1.0,C,414,9,45,1000,screen,28.0,4.0,v2.2,False
1210.2,14.568767123287673,8.526027397260274,2.0142465753424657,94.18590998043052,124,7.251724678633906,27.0,29.33793103448276,0.296986301369863,3682,3682,1.0,C,414,9,45,1001,screen,21.0,0.0,v2.2,False
1134.0,16.80821917808219,10.14082191780822,2.222465753424657,92.93003913894324,125,7.312303255425273,30.0,31.384615384615383,0.307945205479452,3458,3458,1.0,C,414,9,45,1001,screen,21.0,2.0,v2.2,False
1095.8,17.101917808219177,11.588493150684933,1.8378082191780825,91.2940313111546,125,7.467438207404109,27.0,28.775280898876403,0.2953424657534246,3367,3367,1.0,C,414,9,45,1001,screen,21.0,4.0,v2.2,False
1196.6,14.528767123287672,7.835068493150685,2.231232876712329,94.99657534246576,125,8.032579621523308,30.0,32.4054054054054,0.3095890410958904,4417,4417,1.0,C,414,9,45,1001,screen,28.0,0.0,v2.2,False
1106.4,16.627397260273973,10.372602739726029,2.084931506849315,92.60029354207435,127,7.099026609555166,27.0,29.04635761589404,0.3035616438356164,4284,4284,1.0,C,414,9,45,1001,screen,28.0,2.0,v2.2,False
1088.2,17.816438356164383,12.005479452054796,1.936986301369863,91.01027397260276,126,7.586254986488342,28.0,30.91150442477876,0.3019178082191781,4109,4109,1.0,C,414,9,45,1001,screen,28.0,4.0,v2.2,False
1168.4,15.366575342465753,8.335890410958903,2.3435616438356166,94.64970645792565,128,8.645547007388108,33.0,36.618556701030926,0.3090410958904109,3619,3619,1.0,C,414,9,45,1002,screen,21.0,0.0,v2.2,False
1128.2,15.991780821917809,10.29917808219178,1.8975342465753424,92.49853228962816,124,7.133857863884735,27.0,29.19083969465649,0.2920547945205479,3528,3528,1.0,C,414,9,45,1002,screen,21.0,2.0,v2.2,False
1051.8,19.19178082191781,14.04,1.7172602739726028,88.99755381604697,124,7.845299628932225,28.799999999999955,30.05434782608696,0.2926027397260274,3325,3325,1.0,C,414,9,45,1002,screen,21.0,4.0,v2.2,False
1168.4,15.366575342465753,8.335890410958903,2.3435616438356166,94.64970645792565,128,8.645547007388108,33.0,36.618556701030926,0.3090410958904109,4431,4431,1.0,C,414,9,45,1002,screen,28.0,0.0,v2.2,False
1103.4,16.8213698630137,10.185205479452057,2.212054794520548,92.88111545988258,126,7.86243311463415,30.0,31.933333333333334,0.3041095890410959,4354,4354,1.0,C,414,9,45,1002,screen,28.0,2.0,v2.2,False
1051.8,19.19178082191781,14.04,1.7172602739726028,88.99755381604697,124,7.845299628932225,28.799999999999955,30.05434782608696,0.2926027397260274,4060,4060,1.0,C,414,9,45,1002,screen,28.0,4.0,v2.2,False
1158.8,15.934794520547944,8.777534246575343,2.3857534246575343,94.29305283757338,129,8.401168221943363,33.0,36.06122448979592,0.3128767123287671,3612,3612,1.0,C,414,9,45,1003,screen,21.0,0.0,v2.2,False
1125.0,15.80164383561644,9.8,2.0005479452054797,93.0362035225049,126,7.038046474236724,27.0,29.474452554744527,0.2953424657534246,3500,3500,1.0,C,414,9,45,1003,screen,21.0,2.0,v2.2,False
1054.0,18.38794520547945,12.872876712328766,1.8383561643835615,90.1477495107632,123,7.448188537959811,29.0,30.40196078431373,0.2931506849315068,3346,3346,1.0,C,414,9,45,1003,screen,21.0,4.0,v2.2,False
1187.4,14.542465753424658,8.402739726027397,2.0465753424657533,94.3248532289628,125,7.6027666544943795,27.0,29.56578947368421,0.2991780821917808,4494,4494,1.0,C,414,9,45,1003,screen,28.0,0.0,v2.2,False
1125.0,15.80164383561644,9.8,2.0005479452054797,93.0362035225049,126,7.038046474236724,27.0,29.474452554744527,0.2953424657534246,4305,4305,1.0,C,414,9,45,1003,screen,28.0,2.0,v2.2,False
1061.8,18.516164383561645,12.856438356164384,1.8865753424657532,90.2054794520548,125,7.416485798258516,28.0,30.267857142857142,0.2904109589041095,4116,4116,1.0,C,414,9,45,1003,screen,28.0,4.0,v2.2,False
1165.2,15.068493150684931,8.583561643835617,2.1616438356164385,94.26614481409004,125,7.745911427044363,30.0,32.027027027027025,0.3013698630136986,3668,3668,1.0,C,414,9,45,1004,screen,21.0,0.0,v2.2,False
1095.0,16.610958904109587,10.607671232876712,2.001095890410959,92.31555772994128,126,7.376831501022135,30.0,32.41237113402062,0.307945205479452,3472,3472,1.0,C,414,9,45,1004,screen,21.0,2.0,v2.2,False
1054.4,17.993972602739728,12.766575342465751,1.7424657534246577,90.15704500978474,124,7.804243310569242,28.0,30.09917355371901,0.2827397260273973,3423,3423,1.0,C,414,9,45,1004,screen,21.0,4.0,v2.2,False
1167.4,14.810958904109588,8.178082191780822,2.210958904109589,94.67221135029357,126,7.829311939794763,30.0,32.45454545454545,0.3117808219178082,4417,4417,1.0,C,414,9,45,1004,screen,28.0,0.0,v2.2,False
1106.2,17.166027397260272,11.06904109589041,2.032328767123288,91.93150684931508,126,7.507915913878032,29.799999999999955,32.380434782608695,0.3046575342465753,4179,4179,1.0,C,414,9,45,1004,screen,28.0,2.0,v2.2,False
1061.2,17.877260273972603,12.538082191780822,1.7797260273972604,90.39432485322897,124,7.82660590764897,29.0,30.829787234042552,0.2865753424657534,4123,4123,1.0,C,414,9,45,1004,screen,28.0,4.0,v2.2,False
1148.6,16.7572602739726,9.19068493150685,2.5221917808219176,94.045988258317,128,8.83081310150123,33.0,35.895833333333336,0.3117808219178082,3584,3584,1.0,C,414,9,45,1005,screen,21.0,0.0,v2.2,False
1140.2,15.31780821917808,9.381917808219178,1.9786301369863013,93.3899217221135,125,7.056075180144347,27.0,29.360294117647054,0.3013698630136986,3528,3528,1.0,C,414,9,45,1005,screen,21.0,2.0,v2.2,False
1083.8,17.88328767123288,11.947397260273972,1.9786301369863013,91.09931506849314,126,7.573837567645709,29.0,31.363636363636363,0.3046575342465753,3367,3367,1.0,C,414,9,45,1005,screen,21.0,4.0,v2.2,False
1188.0,15.59890410958904,8.629041095890411,2.3232876712328765,94.36986301369863,127,8.400553377247228,33.0,36.189473684210526,0.3106849315068493,4410,4410,1.0,C,414,9,45,1005,screen,28.0,0.0,v2.2,False
1140.2,15.31780821917808,9.381917808219178,1.9786301369863013,93.3899217221135,125,7.056075180144347,27.0,29.360294117647054,0.3013698630136986,4312,4312,1.0,C,414,9,45,1005,screen,28.0,2.0,v2.2,False
1055.8,17.394520547945206,12.578082191780824,1.6054794520547946,90.20303326810176,124,7.204482994795833,27.0,28.534246575342465,0.2816438356164383,4256,4256,1.0,C,414,9,45,1005,screen,28.0,4.0,v2.2,False
1198.8,14.297534246575342,7.666301369863014,2.210410958904109,95.12866927592955,126,8.712558958750822,33.0,35.11764705882353,0.303013698630137,3668,3668,1.0,C,414,9,45,1006,screen,21.0,0.0,v2.2,False
1148.0,17.53041095890411,10.976438356164383,2.1846575342465755,92.15019569471625,125,7.916039755594999,30.0,32.34513274336283,0.2980821917808219,3500,3500,1.0,C,414,9,45,1006,screen,21.0,2.0,v2.2,False
1087.6,16.883835616438358,12.782465753424658,1.367123287671233,89.80772994129158,123,7.478601533309276,27.0,28.694444444444443,0.290958904109589,3339,3339,1.0,C,414,9,45,1006,screen,21.0,4.0,v2.2,False
1208.2,14.746301369863014,7.638356164383562,2.3693150684931505,95.29549902152642,128,9.216854363063131,33.0,35.80434782608695,0.3019178082191781,4508,4508,1.0,C,414,9,45,1006,screen,28.0,0.0,v2.2,False
1165.8,15.616438356164384,10.254246575342464,1.7873972602739725,92.440313111546,124,6.850274791569987,27.0,29.20212765957447,0.2832876712328767,4445,4445,1.0,C,414,9,45,1006,screen,28.0,2.0,v2.2,False
1083.2,17.164383561643834,12.224657534246576,1.6465753424657534,90.55528375733856,124,7.119156765695935,27.0,28.52127659574468,0.2898630136986301,4158,4158,1.0,C,414,9,45,1006,screen,28.0,4.0,v2.2,False
1217.0,13.65972602739726,7.628493150684932,2.0104109589041097,94.98385518590996,126,7.52902606434122,27.0,29.59701492537313,0.2926027397260274,3752,3752,1.0,C,414,9,45,1007,screen,21.0,0.0,v2.2,False
1147.2,15.233972602739726,9.77972602739726,1.8180821917808216,92.89138943248533,126,6.924447128582157,27.0,30.34020618556701,0.2980821917808219,3528,3528,1.0,C,414,9,45,1007,screen,21.0,2.0,v2.2,False
1056.6,18.88,12.787945205479453,2.0306849315068494,90.39530332681018,125,7.688662192851854,30.0,32.30612244897959,0.2964383561643836,3416,3416,1.0,C,414,9,45,1007,screen,21.0,4.0,v2.2,False
1203.0,14.017534246575345,7.987945205479452,2.00986301369863,94.6624266144814,125,8.001899408017136,30.0,32.69387755102041,0.2915068493150685,4592,4592,1.0,C,414,9,45,1007,screen,28.0,0.0,v2.2,False
1114.6,16.488767123287673,10.86191780821918,1.8756164383561644,91.97651663405088,125,6.883667571561008,27.0,28.516949152542374,0.2975342465753424,4291,4291,1.0,C,414,9,45,1007,screen,28.0,2.0,v2.2,False
1083.0,17.607123287671232,11.8586301369863,1.916164383561644,91.12279843444227,125,7.564246296754995,29.799999999999955,31.47826086956522,0.2947945205479452,4235,4235,1.0,C,414,9,45,1007,screen,28.0,4.0,v2.2,False
1228.6,13.374246575342466,7.083287671232877,2.096986301369863,95.54794520547944,126,7.8981103943291,30.0,32.07216494845361,0.2953424657534246,3703,3703,1.0,C,414,9,45,1008,screen,21.0,0.0,v2.2,False
1155.4,14.858082191780822,10.141917808219178,1.572054794520548,92.34833659491191,126,6.459906852214933,24.0,26.83333333333333,0.2821917808219178,3521,3521,1.0,C,414,9,45,1008,screen,21.0,2.0,v2.2,False
1079.0,17.93260273972603,12.412602739726028,1.84,90.56017612524462,125,7.744930081096087,29.0,31.04854368932039,0.2843835616438356,3332,3332,1.0,C,414,9,45,1008,screen,21.0,4.0,v2.2,False
1201.8,13.70191780821918,7.608219178082192,2.0312328767123287,95.02054794520548,125,7.711912751949376,27.0,29.055944055944057,0.2991780821917808,4536,4536,1.0,C,414,9,45,1008,screen,28.0,0.0,v2.2,False
1160.4,15.04109589041096,9.935342465753426,1.7019178082191782,92.64872798434442,126,6.696257702584213,25.799999999999955,29.47826086956522,0.2843835616438356,4326,4326,1.0,C,414,9,45,1008,screen,28.0,2.0,v2.2,False
1108.6,17.39013698630137,11.717260273972602,1.890958904109589,91.22651663405088,128,7.574130083862905,27.799999999999955,32.22826086956522,0.2920547945205479,4088,4088,1.0,C,414,9,45,1008,screen,28.0,4.0,v2.2,False
1191.6,15.016986301369863,8.193424657534246,2.274520547945205,94.71526418786694,127,8.3967044438818,33.0,35.86607142857143,0.3041095890410959,3696,3696,1.0,C,414,9,45,1009,screen,21.0,0.0,v2.2,False
1074.0,17.51890410958904,12.092602739726027,1.8087671232876712,90.81800391389432,125,7.604087579793699,28.0,30.016528925619838,0.2920547945205479,3444,3444,1.0,C,414,9,45,1009,screen,21.0,2.0,v2.2,False
1060.6,18.047671232876716,13.066849315068492,1.6602739726027398,89.81555772994129,124,7.593093750169984,28.0,29.454545454545453,0.2936986301369863,3374,3374,1.0,C,414,9,45,1009,screen,21.0,4.0,v2.2,False
1204.6,14.573150684931507,8.03890410958904,2.1780821917808217,94.76712328767124,127,8.345883675986205,33.0,35.92035398230089,0.2997260273972603,4585,4585,1.0,C,414,9,45,1009,screen,28.0,0.0,v2.2,False
1070.2,17.70191780821918,11.877808219178082,1.9413698630136984,91.12818003913894,125,7.5683234171321585,28.0,30.016,0.2958904109589041,4186,4186,1.0,C,414,9,45,1009,screen,28.0,2.0,v2.2,False
1081.0,17.763287671232877,12.504657534246576,1.7528767123287672,90.40019569471625,123,7.250746342179219,27.0,28.059405940594058,0.290958904109589,4109,4109,1.0,C,414,9,45,1009,screen,28.0,4.0,v2.2,False
1078.8,24.544657534246575,12.546301369863015,3.9994520547945207,92.3688845401174,132,11.930826999866564,48.0,52.10679611650485,0.36547945205479454,3500,3500,1.0,C,426,9,35,1000,screen,21.0,0.0,v2.2.1,True
1073.8,24.627945205479453,13.783561643835617,3.614794520547945,90.92074363992172,132,11.279988655842844,45.0,49.19047619047619,0.3506849315068493,3458,3458,1.0,C,426,9,35,1000,screen,21.0,2.0,v2.2.1,True
1052.2,26.14246575342466,15.04,3.700821917808219,89.87573385518591,135,12.023664506759689,48.0,53.256637168141594,0.3495890410958904,3395,3395,1.0,C,426,9,35,1000,screen,21.0,4.0,v2.2.1,True
1093.8,24.75123287671233,12.456986301369863,4.098082191780822,92.53669275929549,135,12.782832248308361,51.0,54.75,0.35835616438356166,4326,4326,1.0,C,426,9,35,1000,screen,28.0,0.0,v2.2.1,True
1073.8,24.627945205479453,13.783561643835617,3.614794520547945,90.92074363992172,132,11.279988655842844,45.0,49.19047619047619,0.3506849315068493,4242,4242,1.0,C,426,9,35,1000,screen,28.0,2.0,v2.2.1,True
1052.2,26.14246575342466,15.04,3.700821917808219,89.87573385518591,135,12.023664506759689,48.0,53.256637168141594,0.3495890410958904,4172,4172,1.0,C,426,9,35,1000,screen,28.0,4.0,v2.2.1,True
1121.6,23.97205479452055,11.810958904109588,4.053698630136986,93.07387475538161,134,13.193723063884189,51.0,55.7027027027027,0.3506849315068493,3563,3563,1.0,C,426,9,35,1001,screen,21.0,0.0,v2.2.1,True
1066.2,24.733150684931505,14.043287671232877,3.5632876712328767,90.64285714285714,133,11.68949155992613,48.0,51.5,0.3506849315068493,3381,3381,1.0,C,426,9,35,1001,screen,21.0,2.0,v2.2.1,True
1036.6,24.041095890410958,14.661369863013698,3.1265753424657534,89.70107632093934,132,10.429533749739834,42.0,45.79838709677419,0.34136986301369865,3297,3297,1.0,C,426,9,35,1001,screen,21.0,4.0,v2.2.1,True
1130.8,23.34849315068493,11.313972602739726,4.011506849315069,93.47994129158513,134,12.86664816740112,50.399999999999864,54.84782608695652,0.35342465753424657,4368,4368,1.0,C,426,9,35,1001,screen,28.0,0.0,v2.2.1,True
1070.0,24.012602739726027,13.215890410958904,3.598904109589041,91.41340508806263,133,11.598470249843539,48.0,51.3125,0.3512328767123288,4249,4249,1.0,C,426,9,35,1001,screen,28.0,2.0,v2.2.1,True
1036.6,24.041095890410958,14.661369863013698,3.1265753424657534,89.70107632093934,132,10.429533749739834,42.0,45.79838709677419,0.34136986301369865,4095,4095,1.0,C,426,9,35,1001,screen,28.0,4.0,v2.2.1,True
1110.4,24.81041095890411,12.623013698630137,4.062465753424657,92.35665362035225,134,12.94879427326957,51.0,54.80769230769231,0.3528767123287671,3493,3493,1.0,C,426,9,35,1002,screen,21.0,0.0,v2.2.1,True
1072.8,22.85972602739726,12.587397260273972,3.424109589041096,91.81849315068493,133,10.798901672724805,45.0,49.29032258064516,0.34849315068493153,3493,3493,1.0,C,426,9,35,1002,screen,21.0,2.0,v2.2.1,True
1046.2,24.648767123287673,14.917260273972603,3.243835616438356,89.57729941291586,132,10.592581081710101,42.0,46.5,0.3336986301369863,3409,3409,1.0,C,426,9,35,1002,screen,21.0,4.0,v2.2.1,True
1110.4,24.81041095890411,12.623013698630137,4.062465753424657,92.35665362035225,134,12.94879427326957,51.0,54.80769230769231,0.3528767123287671,4312,4312,1.0,C,426,9,35,1002,screen,28.0,0.0,v2.2.1,True
1077.4,22.83342465753425,12.593972602739726,3.413150684931507,91.80283757338552,133,11.010644797033057,45.0,49.32,0.3473972602739726,4291,4291,1.0,C,426,9,35,1002,screen,28.0,2.0,v2.2.1,True
1046.2,24.648767123287673,14.917260273972603,3.243835616438356,89.57729941291586,132,10.592581081710101,42.0,46.5,0.3336986301369863,4193,4193,1.0,C,426,9,35,1002,screen,28.0,4.0,v2.2.1,True
1106.4,25.350684931506848,12.584657534246576,4.255342465753425,92.56311154598826,134,13.311129297769119,51.0,54.90845070422535,0.36219178082191783,3493,3493,1.0,C,426,9,35,1003,screen,21.0,0.0,v2.2.1,True
1085.0,25.313424657534245,13.862465753424658,3.816986301369863,91.03082191780823,134,11.929680687368437,48.0,52.61344537815126,0.34849315068493153,3451,3451,1.0,C,426,9,35,1003,screen,21.0,2.0,v2.2.1,True
1053.6,23.943013698630136,14.7013698630137,3.0805479452054794,89.62426614481409,133,10.91293478024607,42.0,47.8421052631579,0.3320547945205479,3374,3374,1.0,C,426,9,35,1003,screen,21.0,4.0,v2.2.1,True
1106.4,25.287123287671232,12.521095890410958,4.255342465753425,92.61986301369863,134,13.338243628401875,51.0,54.90845070422535,0.36219178082191783,4228,4228,1.0,C,426,9,35,1003,screen,28.0,0.0,v2.2.1,True
1083.8,24.763287671232877,13.526027397260274,3.745753424657534,91.26761252446184,134,11.749574000162388,48.0,52.916666666666664,0.35506849315068495,4235,4235,1.0,C,426,9,35,1003,screen,28.0,2.0,v2.2.1,True
1053.6,23.943013698630136,14.7013698630137,3.0805479452054794,89.62426614481409,133,10.91293478024607,42.0,47.8421052631579,0.3320547945205479,4172,4172,1.0,C,426,9,35,1003,screen,28.0,4.0,v2.2.1,True
1096.0,22.89917808219178,12.046575342465754,3.6175342465753424,92.47407045009784,132,11.544333138538336,45.0,49.721311475409834,0.3512328767123288,3542,3542,1.0,C,426,9,35,1004,screen,21.0,0.0,v2.2.1,True
1045.2,24.179178082191783,13.727671232876713,3.4838356164383564,90.85371819960861,131,10.77089993957289,45.0,48.17142857142857,0.36,3423,3423,1.0,C,426,9,35,1004,screen,21.0,2.0,v2.2.1,True
1042.2,24.80821917808219,14.92054794520548,3.2958904109589042,89.62084148727983,132,10.873799508056432,45.0,48.63,0.33863013698630134,3353,3353,1.0,C,426,9,35,1004,screen,21.0,4.0,v2.2.1,True
1096.0,22.89917808219178,12.046575342465754,3.6175342465753424,92.47407045009784,132,11.544333138538336,45.0,49.721311475409834,0.3512328767123288,4333,4333,1.0,C,426,9,35,1004,screen,28.0,0.0,v2.2.1,True
1061.0,25.173698630136986,13.656986301369862,3.8389041095890413,91.23385518590999,134,12.199500671364286,48.0,53.351351351351354,0.35726027397260274,4200,4200,1.0,C,426,9,35,1004,screen,28.0,2.0,v2.2.1,True
1049.0,24.584109589041095,14.573150684931507,3.336986301369863,89.96771037181996,132,10.800202523535713,45.0,48.63461538461539,0.33972602739726027,4179,4179,1.0,C,426,9,35,1004,screen,28.0,4.0,v2.2.1,True
1094.4,24.09041095890411,11.98027397260274,4.036712328767123,92.90753424657534,135,12.308490913595186,48.0,52.23809523809524,0.3643835616438356,3570,3570,1.0,C,426,9,35,1005,screen,21.0,0.0,v2.2.1,True
1082.2,25.36054794520548,13.912876712328767,3.8158904109589042,90.98483365949119,133,11.553478805390565,48.0,51.932038834951456,0.36054794520547945,3451,3451,1.0,C,426,9,35,1005,screen,21.0,2.0,v2.2.1,True
1056.4,25.304109589041097,14.655342465753424,3.5495890410958904,90.08414872798434,134,11.217942120842848,45.0,50.01639344262295,0.3463013698630137,3374,3374,1.0,C,426,9,35,1005,screen,21.0,4.0,v2.2.1,True
1094.4,24.045479452054796,11.913972602739726,4.043835616438356,92.97309197651663,135,12.309808019133214,48.0,52.23809523809524,0.3649315068493151,4396,4396,1.0,C,426,9,35,1005,screen,28.0,0.0,v2.2.1,True
1070.2,24.60876712328767,13.065753424657535,3.847671232876712,91.76956947162427,133,11.702982163383075,48.0,51.81,0.3567123287671233,4249,4249,1.0,C,426,9,35,1005,screen,28.0,2.0,v2.2.1,True
1050.4,24.38739726027397,15.147397260273973,3.08,89.22553816046967,131,10.21252000086583,42.0,45.37894736842105,0.3402739726027397,4207,4207,1.0,C,426,9,35,1005,screen,28.0,4.0,v2.2.1,True
1101.2,23.264657534246574,12.048767123287671,3.7386301369863015,92.58023483365949,132,12.208423232056862,48.0,52.35245901639344,0.3528767123287671,3570,3570,1.0,C,426,9,35,1006,screen,21.0,0.0,v2.2.1,True
1069.0,23.98246575342466,13.374794520547946,3.535890410958904,91.21526418786694,132,10.942469144490664,45.0,48.47663551401869,0.3495890410958904,3437,3437,1.0,C,426,9,35,1006,screen,21.0,2.0,v2.2.1,True
1039.0,25.64164383561644,15.367671232876713,3.4246575342465753,89.33659491193737,131,11.32188619203734,45.0,49.41463414634146,0.3441095890410959,3374,3374,1.0,C,426,9,35,1006,screen,21.0,4.0,v2.2.1,True
1102.2,23.76876712328767,12.066301369863014,3.9008219178082193,92.70939334637964,135,12.354513428005903,51.0,54.92783505154639,0.3578082191780822,4326,4326,1.0,C,426,9,35,1006,screen,28.0,0.0,v2.2.1,True
1079.6,23.512328767123286,13.233424657534247,3.4263013698630136,91.24363992172212,133,11.541875812027868,45.0,50.52100840336134,0.34684931506849315,4263,4263,1.0,C,426,9,35,1006,screen,28.0,2.0,v2.2.1,True
1039.0,25.64164383561644,15.367671232876713,3.4246575342465753,89.33659491193737,131,11.32188619203734,45.0,49.41463414634146,0.3441095890410959,4158,4158,1.0,C,426,9,35,1006,screen,28.0,4.0,v2.2.1,True
1103.4,24.404931506849316,12.383561643835616,4.007123287671233,92.52103718199608,133,12.300641734089153,48.0,52.346456692913385,0.3556164383561644,3584,3584,1.0,C,426,9,35,1007,screen,21.0,0.0,v2.2.1,True
1084.6,24.72931506849315,13.755068493150684,3.6580821917808217,90.98483365949119,133,11.44361371075041,45.0,50.59322033898305,0.3528767123287671,3500,3500,1.0,C,426,9,35,1007,screen,21.0,2.0,v2.2.1,True
1060.0,25.595068493150684,15.293150684931506,3.433972602739726,89.41144814090019,134,11.279098712759373,45.0,50.621848739495796,0.3463013698630137,3409,3409,1.0,C,426,9,35,1007,screen,21.0,4.0,v2.2.1,True
1103.4,24.20054794520548,12.157808219178083,4.014246575342466,92.72896281800392,133,12.377792956400638,48.0,52.346456692913385,0.3589041095890411,4396,4396,1.0,C,426,9,35,1007,screen,28.0,0.0,v2.2.1,True
1084.6,24.72931506849315,13.755068493150684,3.6580821917808217,90.98483365949119,133,11.44361371075041,45.0,50.59322033898305,0.3528767123287671,4298,4298,1.0,C,426,9,35,1007,screen,28.0,2.0,v2.2.1,True
1062.4,24.69095890410959,14.645479452054795,3.3484931506849316,89.91340508806262,134,11.254134250634944,45.0,51.10909090909091,0.34465753424657536,4284,4284,1.0,C,426,9,35,1007,screen,28.0,4.0,v2.2.1,True
1089.8,25.351232876712327,12.384657534246575,4.3221917808219175,92.80136986301369,135,13.172394789821572,51.0,54.69827586206897,0.36164383561643837,3556,3556,1.0,C,426,9,35,1008,screen,21.0,0.0,v2.2.1,True
1068.0,26.15945205479452,14.04931506849315,4.036712328767123,91.06017612524461,134,12.389524956468664,51.0,54.89423076923077,0.3561643835616438,3458,3458,1.0,C,426,9,35,1008,screen,21.0,2.0,v2.2.1,True
1036.6,24.87835616438356,14.752328767123288,3.3753424657534246,89.84197651663405,132,10.996385846371885,45.0,48.88235294117647,0.3441095890410959,3360,3360,1.0,C,426,9,35,1008,screen,21.0,4.0,v2.2.1,True
1089.8,25.351232876712327,12.384657534246575,4.3221917808219175,92.80136986301369,135,13.172394789821572,51.0,54.69827586206897,0.36164383561643837,4340,4340,1.0,C,426,9,35,1008,screen,28.0,0.0,v2.2.1,True
1067.6,23.66082191780822,13.053150684931508,3.535890410958904,91.50244618395304,133,11.519364150011578,45.0,51.10619469026549,0.3545205479452055,4214,4214,1.0,C,426,9,35,1008,screen,28.0,2.0,v2.2.1,True
1056.6,23.94027397260274,14.128219178082192,3.270684931506849,90.30577299412916,132,10.833784315756727,42.0,47.52892561983471,0.34849315068493153,4193,4193,1.0,C,426,9,35,1008,screen,28.0,4.0,v2.2.1,True
1075.8,24.91780821917808,13.016438356164384,3.967123287671233,91.92025440313112,135,12.556575285991055,51.0,55.48571428571429,0.35506849315068495,3500,3500,1.0,C,426,9,35,1009,screen,21.0,0.0,v2.2.1,True
1095.8,23.545753424657534,12.737534246575342,3.6027397260273974,91.84393346379647,133,11.971467119530164,48.0,53.34905660377358,0.34684931506849315,3486,3486,1.0,C,426,9,35,1009,screen,21.0,2.0,v2.2.1,True
1046.4,23.95671232876712,15.104657534246575,2.9506849315068493,89.1482387475538,131,10.458501438695064,42.0,46.32258064516129,0.33534246575342463,3325,3325,1.0,C,426,9,35,1009,screen,21.0,4.0,v2.2.1,True
1099.0,24.223561643835616,12.313972602739726,3.96986301369863,92.54990215264188,134,12.751693791202038,51.0,55.90625,0.35342465753424657,4340,4340,1.0,C,426,9,35,1009,screen,28.0,0.0,v2.2.1,True
1090.2,23.666301369863014,12.75123287671233,3.638356164383562,91.86350293542074,133,11.867871302899967,48.0,52.626168224299064,0.3545205479452055,4270,4270,1.0,C,426,9,35,1009,screen,28.0,2.0,v2.2.1,True
1046.4,23.95671232876712,15.104657534246575,2.9506849315068493,89.1482387475538,131,10.458501438695064,42.0,46.32258064516129,0.33534246575342463,4074,4074,1.0,C,426,9,35,1009,screen,28.0,4.0,v2.2.1,True
1102.8,20.24986301369863,10.891506849315068,3.1194520547945204,93.06066536203524,130,9.81735792882768,39.0,42.09183673469388,0.3463013698630137,3556,3556,1.0,C,426,9,40,1000,screen,21.0,0.0,v2.2,False
1064.6,21.787945205479453,13.269589041095893,2.839452054794521,90.68737769080236,130,9.364773217183458,36.0,40.4,0.3304109589041096,3486,3486,1.0,C,426,9,40,1000,screen,21.0,2.0,v2.2,False
1035.8,23.07397260273973,14.711780821917808,2.7873972602739725,89.353228962818,129,9.76126805294486,39.0,41.903225806451616,0.3315068493150685,3353,3353,1.0,C,426,9,40,1000,screen,21.0,4.0,v2.2,False
1102.8,20.24986301369863,10.891506849315068,3.1194520547945204,93.06066536203524,130,9.81735792882768,39.0,42.09183673469388,0.3463013698630137,4361,4361,1.0,C,426,9,40,1000,screen,28.0,0.0,v2.2,False
1057.2,22.42684931506849,13.405479452054797,3.007123287671233,90.71575342465754,130,9.96920929573734,39.0,43.96363636363636,0.3353424657534246,4263,4263,1.0,C,426,9,40,1000,screen,28.0,2.0,v2.2,False
1035.8,23.07397260273973,14.711780821917808,2.7873972602739725,89.353228962818,129,9.76126805294486,39.0,41.903225806451616,0.3315068493150685,4137,4137,1.0,C,426,9,40,1000,screen,28.0,4.0,v2.2,False
1082.2,22.334246575342465,11.552328767123289,3.593972602739726,92.89432485322897,131,11.175045370336514,42.0,45.47368421052632,0.3506849315068493,3514,3514,1.0,C,426,9,40,1001,screen,21.0,0.0,v2.2,False
1067.2,21.94958904109589,12.844383561643836,3.035068493150685,91.2416829745597,131,9.49911590391549,36.0,40.457142857142856,0.3380821917808219,3402,3402,1.0,C,426,9,40,1001,screen,21.0,2.0,v2.2,False
1053.0,22.472328767123287,14.345205479452057,2.7090410958904108,89.6105675146771,129,9.862287859400448,37.0,43.193548387096776,0.3243835616438356,3325,3325,1.0,C,426,9,40,1001,screen,21.0,4.0,v2.2,False
1076.6,21.493698630136983,11.382465753424658,3.3704109589041096,92.84637964774952,129,10.2795406989561,42.0,44.5,0.3506849315068493,4298,4298,1.0,C,426,9,40,1001,screen,28.0,0.0,v2.2,False
1059.2,22.75780821917808,13.351780821917808,3.135342465753425,90.87818003913894,131,10.019524558902262,39.0,42.73880597014925,0.3391780821917808,4221,4221,1.0,C,426,9,40,1001,screen,28.0,2.0,v2.2,False
1055.0,22.595616438356164,14.387945205479452,2.735890410958904,89.5963796477495,129,9.715175237568255,36.0,41.45,0.32,4165,4165,1.0,C,426,9,40,1001,screen,28.0,4.0,v2.2,False
1089.8,20.886575342465758,10.847671232876712,3.346301369863013,93.30234833659492,129,10.155898842671265,39.0,42.7258064516129,0.3495890410958904,3507,3507,1.0,C,426,9,40,1002,screen,21.0,0.0,v2.2,False
1059.4,22.537534246575344,13.271232876712329,3.0887671232876714,90.90851272015657,131,9.830350394206054,39.0,43.47457627118644,0.336986301369863,3437,3437,1.0,C,426,9,40,1002,screen,21.0,2.0,v2.2,False
1049.2,21.844383561643838,13.995068493150685,2.616438356164384,89.84050880626224,130,9.083850528436454,34.0,39.305263157894736,0.3243835616438356,3402,3402,1.0,C,426,9,40,1002,screen,21.0,4.0,v2.2,False
1099.0,21.092054794520543,11.173150684931509,3.306301369863013,92.97602739726028,130,10.355112909775,41.39999999999986,45.22826086956522,0.3473972602739726,4361,4361,1.0,C,426,9,40,1002,screen,28.0,0.0,v2.2,False
1073.4,22.255890410958905,12.846575342465751,3.1364383561643834,91.33023483365947,131,9.88540422312868,39.0,43.80582524271845,0.3391780821917808,4242,4242,1.0,C,426,9,40,1002,screen,28.0,2.0,v2.2,False
1029.2,23.076712328767123,15.026849315068493,2.683287671232877,88.97896281800392,130,9.42849533451713,36.0,38.910714285714285,0.3342465753424657,4053,4053,1.0,C,426,9,40,1002,screen,28.0,4.0,v2.2,False
1100.8,21.70191780821918,11.31945205479452,3.46082191780822,92.98336594911936,132,11.617389116003078,42.0,46.38926174496644,0.336986301369863,3563,3563,1.0,C,426,9,40,1003,screen,21.0,0.0,v2.2,False
1069.2,21.1386301369863,12.450958904109587,2.8958904109589043,91.46868884540118,130,9.201029886557468,36.0,39.408,0.3446575342465753,3437,3437,1.0,C,426,9,40,1003,screen,21.0,2.0,v2.2,False
1055.0,24.28164383561644,14.804931506849314,3.158904109589041,89.60176125244618,131,10.527252516299637,42.0,45.50495049504951,0.3271232876712329,3374,3374,1.0,C,426,9,40,1003,screen,21.0,4.0,v2.2,False
1085.2,20.809315068493152,11.404931506849316,3.134794520547945,92.61594911937378,128,9.462983099786223,39.0,41.150442477876105,0.3484931506849315,4277,4277,1.0,C,426,9,40,1003,screen,28.0,0.0,v2.2,False
1073.8,22.19780821917808,12.7786301369863,3.1397260273972605,91.39383561643837,130,10.185924865661525,39.0,42.559701492537314,0.3347945205479452,4235,4235,1.0,C,426,9,40,1003,screen,28.0,2.0,v2.2,False
1037.6,22.23232876712329,14.43068493150685,2.6005479452054794,89.43737769080235,128,8.973691219469234,33.0,35.57865168539326,0.3205479452054794,4179,4179,1.0,C,426,9,40,1003,screen,28.0,4.0,v2.2,False
1084.6,20.94410958904109,11.066301369863014,3.292602739726028,93.0591976516634,130,10.146090206538268,39.0,43.271186440677965,0.3506849315068493,3514,3514,1.0,C,426,9,40,1004,screen,21.0,0.0,v2.2,False
1071.2,21.80219178082192,13.1786301369863,2.8745205479452056,90.79990215264188,129,9.77823148544443,39.0,42.26470588235294,0.3232876712328767,3472,3472,1.0,C,426,9,40,1004,screen,21.0,2.0,v2.2,False
1050.6,22.396164383561644,14.32986301369863,2.688767123287671,89.60616438356165,128,9.16606576431624,36.0,38.958333333333336,0.3254794520547945,3367,3367,1.0,C,426,9,40,1004,screen,21.0,4.0,v2.2,False
1084.0,19.93315068493151,10.545205479452054,3.1293150684931508,93.37866927592955,129,9.855698001918627,39.0,42.33620689655172,0.3501369863013698,4305,4305,1.0,C,426,9,40,1004,screen,28.0,0.0,v2.2,False
1070.2,21.77260273972603,12.810410958904107,2.9873972602739727,91.22945205479452,129,9.352931046150694,39.0,41.737864077669904,0.3413698630136986,4151,4151,1.0,C,426,9,40,1004,screen,28.0,2.0,v2.2,False
1050.6,22.396164383561644,14.32986301369863,2.688767123287671,89.60616438356165,128,9.16606576431624,36.0,38.958333333333336,0.3254794520547945,4158,4158,1.0,C,426,9,40,1004,screen,28.0,4.0,v2.2,False
1080.8,20.39178082191781,11.247123287671233,3.048219178082192,92.67954990215264,131,9.908486879066672,39.0,43.53719008264463,0.3435616438356164,3556,3556,1.0,C,426,9,40,1005,screen,21.0,0.0,v2.2,False
1049.6,21.823561643835617,13.234520547945204,2.863013698630137,90.73972602739728,128,9.340101326548586,38.39999999999986,40.85869565217392,0.3276712328767123,3465,3465,1.0,C,426,9,40,1005,screen,21.0,2.0,v2.2,False
1052.6,22.852602739726027,13.647123287671231,3.068493150684932,90.55479452054794,131,9.731633345698045,39.0,44.32710280373832,0.3375342465753425,3430,3430,1.0,C,426,9,40,1005,screen,21.0,4.0,v2.2,False
1076.0,21.485479452054797,11.943013698630136,3.180821917808219,92.176614481409,128,9.542720921766673,39.0,41.03669724770642,0.3473972602739726,4270,4270,1.0,C,426,9,40,1005,screen,28.0,0.0,v2.2,False
1049.6,21.877260273972603,13.237260273972602,2.88,90.75244618395304,128,9.37271920505483,38.39999999999986,40.85869565217392,0.3271232876712329,4242,4242,1.0,C,426,9,40,1005,screen,28.0,2.0,v2.2,False
1061.4,21.82630136986301,13.63835616438356,2.729315068493151,90.25978473581212,131,9.71512931891538,39.0,44.67961165048544,0.3271232876712329,4221,4221,1.0,C,426,9,40,1005,screen,28.0,4.0,v2.2,False
1084.4,21.086575342465757,11.290958904109589,3.265205479452055,92.83414872798434,129,10.238930723234876,42.0,44.96842105263158,0.3457534246575342,3542,3542,1.0,C,426,9,40,1006,screen,21.0,0.0,v2.2,False
1070.2,20.598904109589043,12.38958904109589,2.7364383561643835,91.3811154598826,129,8.648547116100971,35.59999999999991,38.83695652173913,0.3441095890410959,3409,3409,1.0,C,426,9,40,1006,screen,21.0,2.0,v2.2,False
1048.2,24.07397260273973,14.986849315068492,3.029041095890411,89.32338551859101,132,10.488846773264491,42.0,47.103092783505154,0.3243835616438356,3318,3318,1.0,C,426,9,40,1006,screen,21.0,4.0,v2.2,False
1082.4,20.847123287671234,11.107397260273972,3.246575342465753,92.98140900195692,129,9.981077145545967,42.0,45.0,0.3495890410958904,4326,4326,1.0,C,426,9,40,1006,screen,28.0,0.0,v2.2,False
1072.2,20.93917808219178,12.32054794520548,2.8728767123287677,91.56457925636008,129,8.90477919579341,36.0,40.18918918918919,0.3452054794520548,4228,4228,1.0,C,426,9,40,1006,screen,28.0,2.0,v2.2,False
1048.2,24.07397260273973,14.986849315068492,3.029041095890411,89.32338551859101,132,10.488846773264491,42.0,47.103092783505154,0.3243835616438356,4109,4109,1.0,C,426,9,40,1006,screen,28.0,4.0,v2.2,False
1092.2,20.80821917808219,11.466301369863016,3.113972602739726,92.54256360078278,130,9.794737574966517,39.0,42.0,0.3402739726027397,3626,3626,1.0,C,426,9,40,1007,screen,21.0,0.0,v2.2,False
1063.0,21.54794520547945,12.67945205479452,2.956164383561644,91.31849315068492,131,9.55438193978982,38.39999999999986,44.15217391304348,0.3375342465753425,3493,3493,1.0,C,426,9,40,1007,screen,21.0,2.0,v2.2,False
1047.8,22.324383561643835,14.111780821917808,2.7375342465753425,89.84442270058707,128,9.769715921914264,39.0,41.405660377358494,0.3172602739726027,3430,3430,1.0,C,426,9,40,1007,screen,21.0,4.0,v2.2,False
1092.2,20.847123287671234,10.972602739726028,3.2915068493150685,93.14187866927594,130,10.096799784962595,39.0,42.90243902439025,0.3463013698630137,4410,4410,1.0,C,426,9,40,1007,screen,28.0,0.0,v2.2,False
1075.0,22.606027397260277,13.043835616438356,3.1873972602739724,91.19960861056752,131,10.233987645304689,42.0,45.58064516129032,0.3386301369863013,4319,4319,1.0,C,426,9,40,1007,screen,28.0,2.0,v2.2,False
1047.8,22.324383561643835,14.111780821917808,2.7375342465753425,89.84442270058707,128,9.769715921914264,39.0,41.405660377358494,0.3172602739726027,4235,4235,1.0,C,426,9,40,1007,screen,28.0,4.0,v2.2,False
1118.6,20.461917808219177,10.976986301369864,3.1616438356164385,93.02201565557728,131,10.29551307714917,42.0,45.09375,0.3336986301369863,3612,3612,1.0,C,426,9,40,1008,screen,21.0,0.0,v2.2,False
1069.2,20.473972602739725,12.766027397260274,2.5693150684931507,90.8957925636008,129,9.081834749790078,36.0,41.07216494845361,0.3315068493150685,3444,3444,1.0,C,426,9,40,1008,screen,21.0,2.0,v2.2,False
1064.2,20.814794520547945,13.601643835616438,2.404383561643836,90.00244618395303,129,9.179060616924833,34.0,39.34905660377358,0.3210958904109589,3416,3416,1.0,C,426,9,40,1008,screen,21.0,4.0,v2.2,False
1118.6,20.418082191780822,10.864109589041096,3.1846575342465755,93.14334637964777,131,10.30207150242357,42.0,45.09375,0.3375342465753425,4438,4438,1.0,C,426,9,40,1008,screen,28.0,0.0,v2.2,False
1069.2,20.473972602739725,12.766027397260274,2.5693150684931507,90.8957925636008,129,9.081834749790078,36.0,41.07216494845361,0.3315068493150685,4284,4284,1.0,C,426,9,40,1008,screen,28.0,2.0,v2.2,False
1064.2,20.814794520547945,13.601643835616438,2.404383561643836,90.00244618395303,129,9.179060616924833,34.0,39.34905660377358,0.3210958904109589,4221,4221,1.0,C,426,9,40,1008,screen,28.0,4.0,v2.2,False
1100.4,22.061917808219174,12.0,3.353972602739726,92.2803326810176,130,10.445609001704325,42.0,43.922330097087375,0.343013698630137,3521,3521,1.0,C,426,9,40,1009,screen,21.0,0.0,v2.2,False
1067.2,21.45205479452055,12.583561643835615,2.956164383561644,91.4041095890411,132,9.52622346733623,39.0,43.38,0.3413698630136986,3437,3437,1.0,C,426,9,40,1009,screen,21.0,2.0,v2.2,False
1081.0,22.39945205479452,14.139178082191782,2.7534246575342465,89.83414872798434,129,9.737334313052669,39.0,41.350515463917525,0.3134246575342466,3423,3423,1.0,C,426,9,40,1009,screen,21.0,4.0,v2.2,False
1094.4,20.31068493150685,11.315616438356164,2.9983561643835617,92.5738747553816,132,9.632923989393676,39.0,43.58064516129032,0.3397260273972602,4319,4319,1.0,C,426,9,40,1009,screen,28.0,0.0,v2.2,False
1062.6,20.97041095890411,12.49972602739726,2.8235616438356166,91.3605675146771,128,8.727112993518201,36.0,38.52127659574468,0.3446575342465753,4214,4214,1.0,C,426,9,40,1009,screen,28.0,2.0,v2.2,False
1081.0,22.4027397260274,14.142465753424656,2.7534246575342465,89.83121330724072,129,9.731285072201551,39.0,41.350515463917525,0.3134246575342466,4228,4228,1.0,C,426,9,40,1009,screen,28.0,4.0,v2.2,False
1117.2,19.28821917808219,10.612054794520548,2.892054794520548,93.10714285714286,127,9.413397877549713,36.0,38.72727272727273,0.3320547945205479,3549,3549,1.0,C,426,9,45,1000,screen,21.0,0.0,v2.2,False
1084.2,19.59123287671233,12.527671232876711,2.3545205479452056,90.91682974559686,128,8.604971651928755,33.0,36.33,0.3134246575342466,3381,3381,1.0,C,426,9,45,1000,screen,21.0,2.0,v2.2,False
1031.8,20.76109589041096,13.603835616438356,2.3857534246575343,89.98385518590997,127,8.5653396113648,33.0,35.61467889908257,0.307945205479452,3388,3388,1.0,C,426,9,45,1000,screen,21.0,4.0,v2.2,False
1090.4,19.80054794520548,10.598356164383562,3.0673972602739727,93.27592954990214,129,9.921329789262664,39.0,42.60606060606061,0.343013698630137,4263,4263,1.0,C,426,9,45,1000,screen,28.0,0.0,v2.2,False
1084.2,19.59123287671233,12.527671232876711,2.3545205479452056,90.91682974559686,128,8.604971651928755,33.0,36.33,0.3134246575342466,4137,4137,1.0,C,426,9,45,1000,screen,28.0,2.0,v2.2,False
1026.2,21.223561643835616,13.911780821917809,2.4372602739726026,89.75489236790607,127,8.752843737434654,33.0,35.608333333333334,0.3101369863013699,4116,4116,1.0,C,426,9,45,1000,screen,28.0,4.0,v2.2,False
1091.8,19.645479452054797,11.224109589041095,2.807123287671233,92.4848336594912,129,9.746277550916313,39.0,41.83870967741935,0.3178082191780822,3528,3528,1.0,C,426,9,45,1001,screen,21.0,0.0,v2.2,False
1077.8,19.69095890410959,12.40876712328767,2.4273972602739726,91.0880626223092,127,8.456211410290374,33.0,35.175,0.3145205479452054,3402,3402,1.0,C,426,9,45,1001,screen,21.0,2.0,v2.2,False
1052.0,20.03945205479452,13.667945205479452,2.123835616438356,89.69275929549902,127,8.510930776480771,32.0,34.24545454545454,0.2958904109589041,3339,3339,1.0,C,426,9,45,1001,screen,21.0,4.0,v2.2,False
1156.2,17.056986301369864,8.933150684931507,2.707945205479452,94.4417808219178,127,9.243658133733796,33.0,35.59550561797753,0.3205479452054794,4375,4375,1.0,C,426,9,45,1001,screen,28.0,0.0,v2.2,False
1099.4,20.26684931506849,11.723835616438356,2.847671232876712,92.07485322896282,129,9.044694225419596,36.0,38.75675675675676,0.3293150684931507,4207,4207,1.0,C,426,9,45,1001,screen,28.0,2.0,v2.2,False
1052.4,20.173698630136983,13.443835616438356,2.243287671232877,89.99951076320939,127,8.5535573270077,32.0,34.00869565217391,0.3013698630136986,4053,4053,1.0,C,426,9,45,1001,screen,28.0,4.0,v2.2,False
1127.2,17.725479452054795,8.95890410958904,2.922191780821918,94.6100782778865,128,10.068718526513788,36.0,39.06617647058823,0.3293150684931507,3591,3591,1.0,C,426,9,45,1002,screen,21.0,0.0,v2.2,False
1078.8,19.95671232876712,11.8213698630137,2.711780821917808,91.86643835616438,129,9.652219437128696,36.0,39.80689655172414,0.3205479452054794,3458,3458,1.0,C,426,9,45,1002,screen,21.0,2.0,v2.2,False
1039.0,20.326027397260276,13.956164383561644,2.1232876712328768,89.43493150684931,126,8.457485709580464,31.0,33.31304347826087,0.2958904109589041,3367,3367,1.0,C,426,9,45,1002,screen,21.0,4.0,v2.2,False
1137.8,17.172054794520548,8.8,2.790684931506849,94.63454011741683,127,9.50565317700774,36.0,38.840425531914896,0.3336986301369863,4361,4361,1.0,C,426,9,45,1002,screen,28.0,0.0,v2.2,False
1092.0,19.42739726027397,11.410410958904109,2.672328767123288,92.1981409001957,128,9.258904857165858,36.0,39.21,0.3227397260273972,4263,4263,1.0,C,426,9,45,1002,screen,28.0,2.0,v2.2,False
1039.0,20.326027397260276,13.956164383561644,2.1232876712328768,89.43493150684931,126,8.457485709580464,31.0,33.31304347826087,0.2958904109589041,4137,4137,1.0,C,426,9,45,1002,screen,28.0,4.0,v2.2,False
1106.0,18.02849315068493,9.432876712328769,2.865205479452055,94.13600782778866,128,9.60532902039292,36.0,37.75423728813559,0.3331506849315068,3563,3563,1.0,C,426,9,45,1003,screen,21.0,0.0,v2.2,False
1046.4,20.935890410958905,12.844931506849315,2.696986301369863,90.9393346379648,126,8.80208492976469,33.0,35.35849056603774,0.3254794520547945,3353,3353,1.0,C,426,9,45,1003,screen,21.0,2.0,v2.2,False
1062.2,19.623561643835615,13.02191780821918,2.2005479452054795,90.3380626223092,128,8.359992014015635,31.0,34.73737373737374,0.3134246575342466,3360,3360,1.0,C,426,9,45,1003,screen,21.0,4.0,v2.2,False
1132.0,16.294794520547946,8.315616438356164,2.6597260273972605,94.95009784735812,126,9.036093577565133,33.0,35.17777777777778,0.3260273972602739,4445,4445,1.0,C,426,9,45,1003,screen,28.0,0.0,v2.2,False
1049.6,20.8213698630137,12.730410958904107,2.696986301369863,91.04158512720156,126,8.725899345876982,33.0,35.00675675675676,0.324931506849315,4088,4088,1.0,C,426,9,45,1003,screen,28.0,2.0,v2.2,False
1064.6,19.14630136986301,12.88986301369863,2.0854794520547943,90.353228962818,126,8.013692282527368,30.0,32.15,0.3150684931506849,4116,4116,1.0,C,426,9,45,1003,screen,28.0,4.0,v2.2,False
1129.0,17.96109589041096,10.01972602739726,2.6471232876712327,93.41731898238748,127,8.571047174969857,33.0,35.88095238095238,0.3342465753424657,3437,3437,1.0,C,426,9,45,1004,screen,21.0,0.0,v2.2,False
1082.6,18.15561643835617,10.636712328767125,2.5063013698630137,92.74070450097848,128,8.982005797274542,33.0,36.63380281690141,0.3112328767123287,3472,3472,1.0,C,426,9,45,1004,screen,21.0,2.0,v2.2,False
1041.2,20.68164383561644,13.481643835616438,2.4,90.10567514677103,126,8.591931747632318,33.0,34.54545454545455,0.3112328767123287,3325,3325,1.0,C,426,9,45,1004,screen,21.0,4.0,v2.2,False
1113.0,20.02794520547945,10.51013698630137,3.1726027397260275,93.4486301369863,128,10.16189063456824,39.0,41.108108108108105,0.3375342465753425,4249,4249,1.0,C,426,9,45,1004,screen,28.0,0.0,v2.2,False
1063.0,19.887671232876716,11.601095890410958,2.762191780821918,92.10812133072407,128,9.158568171089,36.0,38.66666666666666,0.3331506849315068,4165,4165,1.0,C,426,9,45,1004,screen,28.0,2.0,v2.2,False
1032.4,20.897534246575344,14.062465753424656,2.278356164383561,89.47847358121331,127,8.85271290142024,33.0,34.94117647058823,0.3002739726027397,4081,4081,1.0,C,426,9,45,1004,screen,28.0,4.0,v2.2,False
1131.4,17.13041095890411,8.896438356164383,2.7446575342465755,94.50733855185908,127,9.111184632755531,33.0,35.3780487804878,0.3254794520547945,3633,3633,1.0,C,426,9,45,1005,screen,21.0,0.0,v2.2,False
1115.0,18.81917808219178,10.34027397260274,2.826301369863013,93.29109589041096,128,8.975366164619304,36.0,39.30841121495328,0.336986301369863,3430,3430,1.0,C,426,9,45,1005,screen,21.0,2.0,v2.2,False
1037.6,19.95616438356164,13.162191780821916,2.264657534246575,90.27005870841488,127,8.43344991004535,30.0,33.42948717948718,0.3090410958904109,3367,3367,1.0,C,426,9,45,1005,screen,21.0,4.0,v2.2,False
1134.0,17.40821917808219,8.598904109589041,2.936438356164384,94.94422700587084,127,9.659921176951553,36.0,37.68181818181818,0.3331506849315068,4389,4389,1.0,C,426,9,45,1005,screen,28.0,0.0,v2.2,False
1103.0,19.151780821917807,11.157808219178085,2.6646575342465755,92.41682974559689,127,8.77880461556415,33.0,35.8705035971223,0.3260273972602739,4263,4263,1.0,C,426,9,45,1005,screen,28.0,2.0,v2.2,False
1046.6,18.66246575342466,12.562191780821918,2.0334246575342467,90.59931506849315,125,7.713271731417977,30.0,31.88034188034188,0.3035616438356164,4172,4172,1.0,C,426,9,45,1005,screen,28.0,4.0,v2.2,False
1137.8,18.14027397260274,9.230684931506849,2.96986301369863,94.40998043052838,131,9.82026217913774,36.0,38.767605633802816,0.330958904109589,3563,3563,1.0,C,426,9,45,1006,screen,21.0,0.0,v2.2,False
1048.6,18.774246575342467,12.248219178082191,2.175342465753425,91.0063600782779,128,8.603440177552738,30.799999999999955,36.31521739130435,0.3090410958904109,3423,3423,1.0,C,426,9,45,1006,screen,21.0,2.0,v2.2,False
1023.0,21.83013698630137,14.636712328767125,2.3978082191780823,89.07240704500978,126,8.715324225284938,33.0,35.8,0.3128767123287671,3283,3283,1.0,C,426,9,45,1006,screen,21.0,4.0,v2.2,False
1103.0,19.863561643835617,10.55945205479452,3.1013698630136988,93.34099804305283,131,10.068706592175456,39.0,42.1551724137931,0.336986301369863,4326,4326,1.0,C,426,9,45,1006,screen,28.0,0.0,v2.2,False
1065.2,18.617534246575342,11.72,2.299178082191781,91.5885518590998,128,8.511635447766436,30.0,33.95744680851064,0.3013698630136986,4242,4242,1.0,C,426,9,45,1006,screen,28.0,2.0,v2.2,False
1048.0,20.101917808219177,13.464109589041096,2.2126027397260275,89.95401174168298,128,8.28120902133758,30.0,33.44444444444444,0.3106849315068493,4088,4088,1.0,C,426,9,45,1006,screen,28.0,4.0,v2.2,False
1126.6,18.648767123287676,10.031780821917808,2.872328767123288,93.60763209393347,129,9.507783622443204,36.0,38.26315789473684,0.3282191780821917,3577,3577,1.0,C,426,9,45,1007,screen,21.0,0.0,v2.2,False
1091.0,19.50082191780822,11.455890410958904,2.6816438356164385,92.16585127201566,128,9.022943731314449,33.0,36.61224489795919,0.3238356164383562,3479,3479,1.0,C,426,9,45,1007,screen,21.0,2.0,v2.2,False
1039.4,19.812602739726028,13.58904109589041,2.0745205479452054,89.71917808219177,127,8.407452512535574,30.0,32.56363636363636,0.3019178082191781,3451,3451,1.0,C,426,9,45,1007,screen,21.0,4.0,v2.2,False
1137.8,18.193424657534248,9.867397260273972,2.7753424657534245,93.66780821917808,129,9.145591435554088,33.0,35.74390243902439,0.3347945205479452,4319,4319,1.0,C,426,9,45,1007,screen,28.0,0.0,v2.2,False
1067.8,19.82575342465753,12.101369863013698,2.574794520547945,91.49412915851272,129,9.00635099956276,33.0,36.65625,0.3254794520547945,4172,4172,1.0,C,426,9,45,1007,screen,28.0,2.0,v2.2,False
1040.6,20.08219178082192,13.70082191780822,2.1271232876712327,89.66634050880626,127,8.357869729873354,31.799999999999955,34.71739130434783,0.3002739726027397,4221,4221,1.0,C,426,9,45,1007,screen,28.0,4.0,v2.2,False
1106.2,19.143561643835618,10.575890410958904,2.8558904109589043,93.10714285714286,128,9.606580884943748,36.0,39.47619047619048,0.3271232876712329,3458,3458,1.0,C,426,9,45,1008,screen,21.0,0.0,v2.2,False
1084.2,19.770410958904108,11.991780821917809,2.592876712328767,91.60812133072407,127,8.782795750877634,36.0,38.13829787234042,0.3183561643835616,3416,3416,1.0,C,426,9,45,1008,screen,21.0,2.0,v2.2,False
1042.0,19.26356164383561,12.776986301369863,2.1621917808219178,90.5225048923679,126,7.791774327851108,30.0,31.70434782608696,0.3090410958904109,3367,3367,1.0,C,426,9,45,1008,screen,21.0,4.0,v2.2,False
1106.2,19.143561643835618,10.575890410958904,2.8558904109589043,93.10714285714286,128,9.606580884943748,36.0,39.47619047619048,0.3271232876712329,4242,4242,1.0,C,426,9,45,1008,screen,28.0,0.0,v2.2,False
1066.6,19.2986301369863,12.36164383561644,2.3123287671232875,91.02739726027396,127,8.328712970516726,30.0,32.670967741935485,0.3073972602739726,4214,4214,1.0,C,426,9,45,1008,screen,28.0,2.0,v2.2,False
1047.6,19.379178082191785,12.94191780821918,2.145753424657534,90.3605675146771,127,8.023116572964586,30.0,32.266666666666666,0.3019178082191781,4200,4200,1.0,C,426,9,45,1008,screen,28.0,4.0,v2.2,False
1114.4,19.19287671232877,10.232328767123288,2.986849315068493,93.5308219178082,128,9.71118305995395,39.0,41.07920792079208,0.3364383561643835,3514,3514,1.0,C,426,9,45,1009,screen,21.0,0.0,v2.2,False
1062.6,19.3627397260274,12.363287671232875,2.333150684931507,91.0445205479452,130,8.344549457441119,33.0,37.35416666666666,0.3189041095890411,3416,3416,1.0,C,426,9,45,1009,screen,21.0,2.0,v2.2,False
1038.6,20.063013698630137,13.361095890410958,2.233972602739726,90.06506849315068,126,8.413118718438241,31.0,34.18446601941748,0.3112328767123287,3339,3339,1.0,C,426,9,45,1009,screen,21.0,4.0,v2.2,False
1109.2,19.141917808219176,10.547945205479452,2.864657534246575,93.1399217221135,130,9.366743243808584,36.0,39.764150943396224,0.3375342465753425,4235,4235,1.0,C,426,9,45,1009,screen,28.0,0.0,v2.2,False
1060.8,19.6827397260274,12.72931506849315,2.317808219178082,90.70401174168296,130,8.659155809424576,33.0,37.242990654205606,0.3134246575342466,4193,4193,1.0,C,426,9,45,1009,screen,28.0,2.0,v2.2,False
1044.0,20.10356164383561,13.316164383561643,2.262465753424657,90.13062622309197,130,8.595740059829613,30.0,34.289308176100626,0.3068493150684931,4123,4123,1.0,C,426,9,45,1009,screen,28.0,4.0,v2.2,False
